﻿﻿version 1.00
title	cid	seller_cids	stuff_status	location_state	location_city	item_type	price	auction_increment	num	valid_thru	freight_payer	post_fee	ems_fee	express_fee	has_invoice	has_warranty	approve_status	has_showcase	list_time	description	cateProps	postage_id	has_discount	modified	upload_fail_msg	picture_status	auction_point	picture	video	skuProps	inputPids	inputValues	outer_id	propAlias	auto_fill	num_id	local_cid	navigation_type	user_name	syncStatus	is_lighting_consigment	is_xinpin	foodparame	features	buyareatype	global_stock_type	global_stock_country	sub_stock_type	item_size	item_weight	sell_promise	custom_design_flag	wireless_desc	barcode	sku_barcode	newprepay	subtitle
ｱｦｱｴﾃ﨤ﾆ	ｱｦｱｴﾀ狷ｿ	ｵﾌﾀ狷ｿ	ﾐﾂｾﾉｳﾌｶﾈ	ﾊ｡	ｳﾇﾊﾐ	ｳﾛｷｽﾊｽ	ｱｦｱｴｼﾛｸ	ｼﾓｼﾛｷﾈ	ｱｦｱｴﾊﾁｿ	ﾓﾐﾐｧﾆﾚ	ﾔﾋｷﾑｳﾐｵ｣	ﾆｽﾓﾊ	EMS	ｿﾝ	ｷ｢ﾆｱ	ｱ｣ﾐﾞ	ｷﾅﾈﾖｿ	ｳｰﾍﾆｼ	ｿｪﾊｼﾊｱｼ	ｱｦｱｴﾃ靆	ｱｦｱｴﾊﾔ	ﾓﾊｷﾑﾄ｣ｰ覈D	ｻ瞞ｱｴﾛ	ﾐﾞｸﾄﾊｱｼ	ﾉﾏｴｫﾗｴﾌｬ	ﾍｼﾆｬﾗｴﾌｬ	ｷｵｵ羈ﾈﾀ	ﾐﾂﾍｼﾆｬ	ﾊﾓﾆｵ	ﾏ摠ﾛﾊﾔﾗ鮗ﾏ	ﾓﾃｻｧﾊ菠Dｴｮ	ﾓﾃｻｧﾊ菠ﾖｵｶﾔ	ﾉﾌｼﾒｱ狡	ﾏ摠ﾛﾊﾔｱ	ｴ嵭菎獎ﾍ	ﾊﾗﾖID	ｱｾｵﾘID	ｱｦｱｴｷﾖﾀ	ﾓﾃｻｧﾃ﨤ﾆ	ｱｦｱｴﾗｴﾌｬ	ﾉﾁｵ邱｢ｻ	ﾐﾂﾆｷ	ﾊｳﾆｷﾗｨﾏ	ｳﾟﾂ	ｲﾉｹｺｵﾘ	ｿ箒貘獎ﾍ	ｹ恝ﾒｵﾘﾇ	ｿ箒貍ﾆﾊ	ﾎ蟒	ﾎﾘﾁｿ	ﾍﾋｻｻｻﾐﾅｵ	ｶｨﾖﾆｹ､ｾﾟ	ﾎﾞﾏﾟﾏ	ﾉﾌﾆｷﾌﾎﾂ	sku ﾌﾎﾂ	7ﾌﾋｻ	ｱｦｱｴﾂ
"ジェットボイル SOL ( 品番 #1824376 )"	0	""	1	"日本"	"日本"	1	1346.0	""	1	0	0	3.45301e-37	9.87215e-24	7.97105e+18	0	0	1	0	""	"ZIPと同じ容量で、-6度でも安定した火力を発揮するサーモレギュレートテクノロジーを搭載し、軽量かつ高出力を実現した究極の性能と信頼性を持つコンパクトモデルです。"	""	0	0	""	"200"	""	0	""	""	""	""	""	""	""	0	0	1403318665268	1	volfo	1	248	244			1	2	日本	2		0.37	0		""				"ジェットボイル SOL ( 品番 #1824376 )"
"ジェットボイル PCS FLASH ( 品番 #1824329 )"	0	""	1	"日本"	"日本"	1	1167.0	""	1	0	0	3.45301e-37	9.87215e-24	7.97105e+18	0	0	1	0	""	"保温クッカーと熱効率の高いストーブがセットになった簡単便利なアウトドア用調理器具。クッカーの底のフラックスリングが抜群の熱効率を実現しています。"	""	0	0	""	"200"	""	0	""	""	""	""	""	""	""	0	0	1403318665268	1	volfo	1	248	244			1	2	日本	2		0.47	0		""				"ジェットボイル PCS FLASH ( 品番 #1824329 )"
"ジェットボイル ZIP ( 品番 #1824325 )"	0	""	1	"日本"	"日本"	1	853.0	""	1	0	0	3.45301e-37	9.87215e-24	7.97105e+18	0	0	1	0	""	"ジェットボイルの高い熱効率はそのままにコッヘルの容量を小型化した軽量・シンプルなモデル。"	""	0	0	""	"200"	""	0	""	""	""	""	""	""	""	0	0	1403318665268	1	volfo	1	248	244			1	2	日本	2		0.4	0		""				"ジェットボイル ZIP ( 品番 #1824325 )"
"ジェットボイル SOL チタニウム ( 品番 #1824377 )"	0	""	1	"日本"	"日本"	1	1705.0	""	1	0	0	3.45301e-37	9.87215e-24	7.97105e+18	0	0	1	0	""	"ZIPと同じ容量で、-6度でも安定した火力を発揮するサーモレギュレートテクノロジーを搭載し、軽量かつ高出力を実現した究極の性能と信頼性を持つコンパクトモデルです。より軽量なチタニウム製。"	""	0	0	""	"200"	""	0	""	""	""	""	""	""	""	0	0	1403318665268	1	volfo	1	248	244			1	2	日本	2		0.34	0		""				"ジェットボイル SOL チタニウム ( 品番 #1824377 )"
"SUMO ( 品番 #1824331 )"	0	""	1	"日本"	"日本"	1	1436.0	""	1	0	0	3.45301e-37	9.87215e-24	7.97105e+18	0	0	1	0	""	"-6度でも安定した火力を発揮するサーモレギュレートテクノロジーを搭載し、軽量かつ高出力を実現した究極の性能と信頼性を持つクッキングシステム。グループでの使用を前提にした大容量タイプです。"	""	0	0	""	"200"	""	0	""	""	""	""	""	""	""	0	0	1403318665268	1	volfo	1	248	244			1	2	日本	2		0.49	0		""				"SUMO ( 品番 #1824331 )"
"SUMO チタニウム ( 品番 #1824330 )"	0	""	1	"日本"	"日本"	1	1974.0	""	1	0	0	3.45301e-37	9.87215e-24	7.97105e+18	0	0	1	0	""	"-6度でも安定した火力を発揮するサーモレギュレートテクノロジーを搭載し、軽量かつ高出力を実現した究極の性能と信頼性を持つクッキングシステム。グループでの使用を前提にした大容量タイプです。"	""	0	0	""	"200"	""	0	""	""	""	""	""	""	""	0	0	1403318665268	1	volfo	1	248	244			1	2	日本	2		0.446	0		""				"SUMO チタニウム ( 品番 #1824330 )"
"SUMOコンパニオンボウルセット ( 品番 #1824373 )"	0	""	1	"日本"	"日本"	1	223.0	""	1	0	0	3.45301e-37	9.87215e-24	7.97105e+18	0	0	1	0	""	"SUMO専用の省スペース設計のボウルセット。フタ付きで大2個・小1個の組み合わせです。"	""	0	0	""	"200"	""	0	""	""	""	""	""	""	""	0	0	1403318665268	1	volfo	1	248	244			1	2	日本	2		0.19	0		""				"SUMOコンパニオンボウルセット ( 品番 #1824373 )"
"コンパニオン SOL ( 品番 #1824334 )"	0	""	1	"日本"	"日本"	1	539.0	""	1	0	0	3.45301e-37	9.87215e-24	7.97105e+18	0	0	1	0	""	"フラックスリングを装備した0.8Lのジェットボイル用クッカーの単体販売品です。"	""	0	0	""	"200"	""	0	""	""	""	""	""	""	""	0	0	1403318665268	1	volfo	1	248	244			1	2	日本	2		0.22	0		""				"コンパニオン SOL ( 品番 #1824334 )"
"コンパニオン SOL チタニウム ( 品番 #1824335 )"	0	""	1	"日本"	"日本"	1	1032.0	""	1	0	0	3.45301e-37	9.87215e-24	7.97105e+18	0	0	1	0	""	"フラックスリングを装備した0.8Lのクッカーの単体販売品です。チタニウムの本体を持つ超軽量クッカー。"	""	0	0	""	"200"	""	0	""	""	""	""	""	""	""	0	0	1403318665268	1	volfo	1	248	244			1	2	日本	2		0.185	0		""				"コンパニオン SOL チタニウム ( 品番 #1824335 )"
"BioLite キャンプストーブ（POTアダプター） ( 品番 #1824222 )"	0	""	1	"日本"	"日本"	1	1274.0	""	1	0	0	3.45301e-37	9.87215e-24	7.97105e+18	0	0	1	0	""	"たき火で発生した熱を電気に変換できるキャンピングストーブです。（専用ゴトク付き）"	""	0	0	""	"200"	""	0	""	""	""	""	""	""	""	0	0	1403318665268	1	volfo	1	248	244			1	2	日本	2		0.947	0		""				"BioLite キャンプストーブ（POTアダプター） ( 品番 #1824222 )"
"BioLite ケトルポット ( 品番 #1824233 )"	0	""	1	"日本"	"日本"	1	628.0	""	1	0	0	3.45301e-37	9.87215e-24	7.97105e+18	0	0	1	0	""	"BioLite キャンプストーブ専用のポット。注ぎ口を取り外せば、調理用の鍋としても使用できます。キャンプストーブをポット内に収納できるオールインワン仕様で持ち運びに便利です。"	""	0	0	""	"200"	""	0	""	""	""	""	""	""	""	0	0	1403318665268	1	volfo	1	248	244			1	2	日本	2		0.465	0		""				"BioLite ケトルポット ( 品番 #1824233 )"
"BioLite POTアダプター ( 品番 #1824232 )"	0	""	1	"日本"	"日本"	1	45.0	""	1	0	0	3.45301e-37	9.87215e-24	7.97105e+18	0	0	1	0	""	"BioLiteキャンプストーブ専用五徳です。直径9.5cm～11cmの鍋に対応する、小さい鍋を使用するためのアタッチメントです。"	""	0	0	""	"200"	""	0	""	""	""	""	""	""	""	0	0	1403318665268	1	volfo	1	248	244			1	2	日本	2		0.0	0		""				"BioLite POTアダプター ( 品番 #1824232 )"
"BioLite グリル ( 品番 #1824231 )"	0	""	1	"日本"	"日本"	1	745.0	""	1	0	0	3.45301e-37	9.87215e-24	7.97105e+18	0	0	1	0	""	"BioLiteキャンプストーブ（別売）専用焼き網。おいしいグリル料理をアウトドアで楽しめます。折り畳み式で専用カバー付き。"	""	0	0	""	"200"	""	0	""	""	""	""	""	""	""	0	0	1403318665268	1	volfo	1	248	244			1	2	日本	2		0.85	0		""				"BioLite グリル ( 品番 #1824231 )"
"能登産　木質ペレット ( 品番 #3388030 )"	0	""	1	"日本"	"日本"	1	18.0	""	1	0	0	3.45301e-37	9.87215e-24	7.97105e+18	0	0	1	0	""	"BioLite キャンプストーブに使いやすい300g入りの木質ペレットです。"	""	0	0	""	"200"	""	0	""	""	""	""	""	""	""	0	0	1403318665268	1	volfo	1	248	244			1	2	日本	2		0.3	0		""				"能登産　木質ペレット ( 品番 #3388030 )"
"ヘリオス ( 品番 #1824317 )"	0	""	1	"日本"	"日本"	1	1525.0	""	1	0	0	3.45301e-37	9.87215e-24	7.97105e+18	0	0	1	0	""	"高い熱効率を持つ専用ポットと高出力バーナーがオールインワンとなった、省エネ・アウトドア用調理器具です。"	""	0	0	""	"200"	""	0	""	""	""	""	""	""	""	0	0	1403318665268	1	volfo	1	248	244			1	2	日本	2		0.745	0		""				"ヘリオス ( 品番 #1824317 )"
"ヘリオス ガイド ( 品番 #1824318 )"	0	""	1	"日本"	"日本"	1	1974.0	""	1	0	0	3.45301e-37	9.87215e-24	7.97105e+18	0	0	1	0	""	"高い熱効率を持つ専用ポットと高出力バーナーがオールインワンとなった、省エネ・アウトドア用調理器具です。 2Lと3Lのポットがセットになったモデル。"	""	0	0	""	"200"	""	0	""	""	""	""	""	""	""	0	0	1403318665268	1	volfo	1	248	244			1	2	日本	2		1.295	0		""				"ヘリオス ガイド ( 品番 #1824318 )"
"3.0Lフラックスリングポット ( 品番 #1824319 )"	0	""	1	"日本"	"日本"	1	673.0	""	1	0	0	3.45301e-37	9.87215e-24	7.97105e+18	0	0	1	0	""	"3.0Lの容量を持つポットで、ヘリオス（2.0L）をアップグレイドできます。"	""	0	0	""	"200"	""	0	""	""	""	""	""	""	""	0	0	1403318665268	1	volfo	1	248	244			1	2	日本	2		0.55	0		""				"3.0Lフラックスリングポット ( 品番 #1824319 )"
"ジェットパワー100G ( 品番 #1824332 )"	0	""	1	"日本"	"日本"	1	38.0	""	1	0	0	3.45301e-37	9.87215e-24	7.97105e+18	0	0	1	0	""	"ジェトボイル専用のガスカートリッジ。"	""	0	0	""	"200"	""	0	""	""	""	""	""	""	""	0	0	1403318665268	1	volfo	1	248	244			1	2	日本	2		0.194	0		""				"ジェットパワー100G ( 品番 #1824332 )"
"ジェットパワー230G ( 品番 #1824379 )"	0	""	1	"日本"	"日本"	1	45.0	""	1	0	0	3.45301e-37	9.87215e-24	7.97105e+18	0	0	1	0	""	"ジェトボイル専用のガスカートリッジ。SUMO、SUMO チタニウムに収納できます。"	""	0	0	""	"200"	""	0	""	""	""	""	""	""	""	0	0	1403318665268	1	volfo	1	248	244			1	2	日本	2		0.0	0		""				"ジェットパワー230G ( 品番 #1824379 )"
"ジェットパワー450G ( 品番 #1824333 )"	0	""	1	"日本"	"日本"	1	86.0	""	1	0	0	3.45301e-37	9.87215e-24	7.97105e+18	0	0	1	0	""	"ジェトボイル専用のガスカートリッジ。"	""	0	0	""	"200"	""	0	""	""	""	""	""	""	""	0	0	1403318665268	1	volfo	1	248	244			1	2	日本	2		0.0	0		""				"ジェットパワー450G ( 品番 #1824333 )"
"コーヒープレス ( 品番 #1824375 )"	0	""	1	"日本"	"日本"	1	149.0	""	1	0	0	3.45301e-37	9.87215e-24	7.97105e+18	0	0	1	0	""	"PCSフラッシュ・SOL・ZIPをコーヒープレスとして使用できるオプションアイテム。"	""	0	0	""	"200"	""	0	""	""	""	""	""	""	""	0	0	1403318665268	1	volfo	1	248	244			1	2	日本	2		0.022	0		""				"コーヒープレス ( 品番 #1824375 )"
"ハンギングキット ( 品番 #1824311 )"	0	""	1	"日本"	"日本"	1	315.0	""	1	0	0	3.45301e-37	9.87215e-24	7.97105e+18	0	0	1	0	""	"ジェットボイルバーナーを吊り下げて使用するオプションパーツです。安定した水平な設置面を確保できない場合や、ガスの気化を妨げる冷たい雪面を避ける場合に使用します。"	""	0	0	""	"200"	""	0	""	""	""	""	""	""	""	0	0	1403318665268	1	volfo	1	248	244			1	2	日本	2		0.055	0		""				"ハンギングキット ( 品番 #1824311 )"
"クランチット ( 品番 #1824371 )"	0	""	1	"日本"	"日本"	1	72.0	""	1	0	0	3.45301e-37	9.87215e-24	7.97105e+18	0	0	1	0	""	"使用済みのガスカートリッジをリサイクルに出す際に必要な缶の穴開けが、クランチットを使えば簡単にできます。同タイプの一般のカートリッジにも使用可能です。"	""	0	0	""	"200"	""	0	""	""	""	""	""	""	""	0	0	1403318665268	1	volfo	1	248	244			1	2	日本	2		0.0	0		""				"クランチット ( 品番 #1824371 )"
"フラックスリングフライパン ( 品番 #1824310 )"	0	""	1	"日本"	"日本"	1	575.0	""	1	0	0	3.45301e-37	9.87215e-24	7.97105e+18	0	0	1	0	""	"別売りのジェットボイルバーナーにセットして、使用します。底面のフラックスリングにより効率的に、ムラなく急速に食材を加熱します。"	""	0	0	""	"200"	""	0	""	""	""	""	""	""	""	0	0	1403318665268	1	volfo	1	248	244			1	2	日本	2		0.28	0		""				"フラックスリングフライパン ( 品番 #1824310 )"
"コンパニオンカップ ( 品番 #1824302 )"	0	""	1	"日本"	"日本"	1	359.0	""	1	0	0	3.45301e-37	9.87215e-24	7.97105e+18	0	0	1	0	""	"スペア用クッカーのみの販売です。1Lのクッカーだけでは足りないような大人数の場合に、役立ちます。"	""	0	0	""	"200"	""	0	""	""	""	""	""	""	""	0	0	1403318665268	1	volfo	1	248	244			1	2	日本	2		0.25	0		""				"コンパニオンカップ ( 品番 #1824302 )"
"1.5Lクッキングポット ( 品番 #1824309 )"	0	""	1	"日本"	"日本"	1	655.0	""	1	0	0	3.45301e-37	9.87215e-24	7.97105e+18	0	0	1	0	""	"たっぷり1.5リットルの容量を持ったポットです。口が広いので、アウトドアでの料理も快適。"	""	0	0	""	"200"	""	0	""	""	""	""	""	""	""	0	0	1403318665268	1	volfo	1	248	244			1	2	日本	2		0.34	0		""				"1.5Lクッキングポット ( 品番 #1824309 )"
"コンパニオンカップ FLASH ( 品番 #1824321 )"	0	""	1	"日本"	"日本"	1	411.0	""	1	0	0	3.45301e-37	9.87215e-24	7.97105e+18	0	0	1	0	""	"沸騰を色の変化で伝えるインジケーター付きスペアクッカーのみの販売です。"	""	0	0	""	"200"	""	0	""	""	""	""	""	""	""	0	0	1403318665268	1	volfo	1	248	244			1	2	日本	2		0.275	0		""				"コンパニオンカップ FLASH ( 品番 #1824321 )"
"1.8LコンパニオンカップSUMO チタニウム ( 品番 #1824372 )"	0	""	1	"日本"	"日本"	1	1301.0	""	1	0	0	3.45301e-37	9.87215e-24	7.97105e+18	0	0	1	0	""	"大容量1.8Lコンパニオンカップ。 SOL、ZIPをすっぽりと収納可能。SOL、PCSフラッシュ、ZIPのバーナーに対応。 軽量なチタニウム製。"	""	0	0	""	"200"	""	0	""	""	""	""	""	""	""	0	0	1403318665268	1	volfo	1	248	244			1	2	日本	2		0.285	0		""				"1.8LコンパニオンカップSUMO チタニウム ( 品番 #1824372 )"
"JB.1.8LコンパニオンカップSUMO ( 品番 #1824374 )"	0	""	1	"日本"	"日本"	1	628.0	""	1	0	0	3.45301e-37	9.87215e-24	7.97105e+18	0	0	1	0	""	"大容量1.8Lコンパニオンカップ。 SOL、ZIPをすっぽりと収納可能。SOL、ZIP、PCS FLASHのバーナーに対応。"	""	0	0	""	"200"	""	0	""	""	""	""	""	""	""	0	0	1403318665268	1	volfo	1	248	244			1	2	日本	2		0.355	0		""				"JB.1.8LコンパニオンカップSUMO ( 品番 #1824374 )"
"コジー(ネオプレンカバー) ( 品番 #1824305 )"	0	""	1	"日本"	"日本"	1	137.0	""	1	0	0	3.45301e-37	9.87215e-24	7.97105e+18	0	0	1	0	""	"ジェットボイル・コンパニオンカップに付けられるネオプレン製カバー。"	""	0	0	""	"200"	""	0	""	""	""	""	""	""	""	0	0	1403318665268	1	volfo	1	248	244			1	2	日本	2		0.0	0		""				"コジー(ネオプレンカバー) ( 品番 #1824305 )"
"PCSカーゴコジー(ネオプレン) ( 品番 #1824315 )"	0	""	1	"日本"	"日本"	1	144.0	""	1	0	0	3.45301e-37	9.87215e-24	7.97105e+18	0	0	1	0	""	"ジェットボイル・コンパニオンカップに付けられるネオプレン製カバー。スプーンやフォークなどのカトラリーを装着できるストラップが付いています。"	""	0	0	""	"200"	""	0	""	""	""	""	""	""	""	0	0	1403318665268	1	volfo	1	248	244			1	2	日本	2		0.035	0		""				"PCSカーゴコジー(ネオプレン) ( 品番 #1824315 )"
"カートリッジチューブプロテクター110 ( 品番 #1124317 )"	0	""	1	"日本"	"日本"	1	78.0	""	1	0	0	3.45301e-37	9.87215e-24	7.97105e+18	0	0	1	0	""	"ガスカートリッジ缶を保護するためのプロテクターです。表面には保水しない素材を使用しているため、雪の上に直接置いても凍りつかず、ガスの消費量を抑えます。"	""	0	0	""	"200"	""	0	""	""	""	""	""	""	""	0	0	1403318665268	1	volfo	1	248	244			1	2	日本	2		0.025	0		""				"カートリッジチューブプロテクター110 ( 品番 #1124317 )"
"カートリッジチューブプロテクター250 ( 品番 #1124318 )"	0	""	1	"日本"	"日本"	1	86.0	""	1	0	0	3.45301e-37	9.87215e-24	7.97105e+18	0	0	1	0	""	"ガスカートリッジ缶を保護するためのプロテクターです。表面には保水しない素材を使用しているため、雪の上に直接置いても凍りつかず、ガスの消費量を抑えます。"	""	0	0	""	"200"	""	0	""	""	""	""	""	""	""	0	0	1403318665268	1	volfo	1	248	244			1	2	日本	2		0.04	0		""				"カートリッジチューブプロテクター250 ( 品番 #1124318 )"
"カートリッジソックプロテクター110 ( 品番 #1124315 )"	0	""	1	"日本"	"日本"	1	95.0	""	1	0	0	3.45301e-37	9.87215e-24	7.97105e+18	0	0	1	0	""	"ガスカートリッジ缶を保護するためのプロテクターです。表面には保水しない素材を使用しているため、雪の上に直接置いても凍りつかず、ガスの消費量を抑えます。"	""	0	0	""	"200"	""	0	""	""	""	""	""	""	""	0	0	1403318665268	1	volfo	1	248	244			1	2	日本	2		0.026	0		""				"カートリッジソックプロテクター110 ( 品番 #1124315 )"
"カートリッジソックプロテクター250 ( 品番 #1124316 )"	0	""	1	"日本"	"日本"	1	103.0	""	1	0	0	3.45301e-37	9.87215e-24	7.97105e+18	0	0	1	0	""	"ガスカートリッジ缶を保護するためのプロテクターです。表面には保水しない素材を使用しているため、雪の上に直接置いても凍りつかず、ガスの消費量を抑えます。"	""	0	0	""	"200"	""	0	""	""	""	""	""	""	""	0	0	1403318665268	1	volfo	1	248	244			1	2	日本	2		0.044	0		""				"カートリッジソックプロテクター250 ( 品番 #1124316 )"
"バーナーシート S ( 品番 #1124106 )"	0	""	1	"日本"	"日本"	1	206.0	""	1	0	0	3.45301e-37	9.87215e-24	7.97105e+18	0	0	1	0	""	"ストーブなどの熱からテントのグラウンドシートを守る保護シート。素材は難燃性の芳香族ポリアミド繊維です。"	""	0	0	""	"200"	""	0	""	""	""	""	""	""	""	0	0	1403318665268	1	volfo	1	248	244			1	2	日本	2		0.06	0		""				"バーナーシート S ( 品番 #1124106 )"
"バーナーシート M ( 品番 #1124107 )"	0	""	1	"日本"	"日本"	1	385.0	""	1	0	0	3.45301e-37	9.87215e-24	7.97105e+18	0	0	1	0	""	"ストーブなどの熱からテントのグラウンドシートを守る保護シート。素材は難燃性の芳香族ポリアミド繊維です。"	""	0	0	""	"200"	""	0	""	""	""	""	""	""	""	0	0	1403318665268	1	volfo	1	248	244			1	2	日本	2		0.15	0		""				"バーナーシート M ( 品番 #1124107 )"
"バーナーシート L ( 品番 #1124108 )"	0	""	1	"日本"	"日本"	1	752.0	""	1	0	0	3.45301e-37	9.87215e-24	7.97105e+18	0	0	1	0	""	"ストーブなどの熱からテントのグラウンドシートを守る保護シート。素材は難燃性の芳香族ポリアミド繊維です。"	""	0	0	""	"200"	""	0	""	""	""	""	""	""	""	0	0	1403318665268	1	volfo	1	248	244			1	2	日本	2		0.3	0		""				"バーナーシート L ( 品番 #1124108 )"
"バーナーケース S ( 品番 #1123050 )"	0	""	1	"日本"	"日本"	1	153.0	""	1	0	0	3.45301e-37	9.87215e-24	7.97105e+18	0	0	1	0	""	"耐熱性に優れた芳香族ポリアミド繊維を使用したバーナーケースです。ストーブや燃料を保管しておくのに適しています。"	""	0	0	""	"200"	""	0	""	""	""	""	""	""	""	0	0	1403318665268	1	volfo	1	248	244			1	2	日本	2		0.03	0		""				"バーナーケース S ( 品番 #1123050 )"
"バーナーケース M ( 品番 #1123051 )"	0	""	1	"日本"	"日本"	1	171.0	""	1	0	0	3.45301e-37	9.87215e-24	7.97105e+18	0	0	1	0	""	"耐熱性に優れた芳香族ポリアミド繊維を使用したバーナーケースです。ストーブや燃料を保管しておくのに適しています。"	""	0	0	""	"200"	""	0	""	""	""	""	""	""	""	0	0	1403318665268	1	volfo	1	248	244			1	2	日本	2		0.05	0		""				"バーナーケース M ( 品番 #1123051 )"
