﻿﻿version 1.00
title	cid	seller_cids	stuff_status	location_state	location_city	item_type	price	auction_increment	num	valid_thru	freight_payer	post_fee	ems_fee	express_fee	has_invoice	has_warranty	approve_status	has_showcase	list_time	description	cateProps	postage_id	has_discount	modified	upload_fail_msg	picture_status	auction_point	picture	video	skuProps	inputPids	inputValues	outer_id	propAlias	auto_fill	num_id	local_cid	navigation_type	user_name	syncStatus	is_lighting_consigment	is_xinpin	foodparame	features	buyareatype	global_stock_type	global_stock_country	sub_stock_type	item_size	item_weight	sell_promise	custom_design_flag	wireless_desc	barcode	sku_barcode	newprepay	subtitle
ｱｦｱｴﾃ﨤ﾆ	ｱｦｱｴﾀ狷ｿ	ｵﾌﾀ狷ｿ	ﾐﾂｾﾉｳﾌｶﾈ	ﾊ｡	ｳﾇﾊﾐ	ｳﾛｷｽﾊｽ	ｱｦｱｴｼﾛｸ	ｼﾓｼﾛｷﾈ	ｱｦｱｴﾊﾁｿ	ﾓﾐﾐｧﾆﾚ	ﾔﾋｷﾑｳﾐｵ｣	ﾆｽﾓﾊ	EMS	ｿﾝ	ｷ｢ﾆｱ	ｱ｣ﾐﾞ	ｷﾅﾈﾖｿ	ｳｰﾍﾆｼ	ｿｪﾊｼﾊｱｼ	ｱｦｱｴﾃ靆	ｱｦｱｴﾊﾔ	ﾓﾊｷﾑﾄ｣ｰ覈D	ｻ瞞ｱｴﾛ	ﾐﾞｸﾄﾊｱｼ	ﾉﾏｴｫﾗｴﾌｬ	ﾍｼﾆｬﾗｴﾌｬ	ｷｵｵ羈ﾈﾀ	ﾐﾂﾍｼﾆｬ	ﾊﾓﾆｵ	ﾏ摠ﾛﾊﾔﾗ鮗ﾏ	ﾓﾃｻｧﾊ菠Dｴｮ	ﾓﾃｻｧﾊ菠ﾖｵｶﾔ	ﾉﾌｼﾒｱ狡	ﾏ摠ﾛﾊﾔｱ	ｴ嵭菎獎ﾍ	ﾊﾗﾖID	ｱｾｵﾘID	ｱｦｱｴｷﾖﾀ	ﾓﾃｻｧﾃ﨤ﾆ	ｱｦｱｴﾗｴﾌｬ	ﾉﾁｵ邱｢ｻ	ﾐﾂﾆｷ	ﾊｳﾆｷﾗｨﾏ	ｳﾟﾂ	ｲﾉｹｺｵﾘ	ｿ箒貘獎ﾍ	ｹ恝ﾒｵﾘﾇ	ｿ箒貍ﾆﾊ	ﾎ蟒	ﾎﾘﾁｿ	ﾍﾋｻｻｻﾐﾅｵ	ｶｨﾖﾆｹ､ｾﾟ	ﾎﾞﾏﾟﾏ	ﾉﾌﾆｷﾌﾎﾂ	sku ﾌﾎﾂ	7ﾌﾋｻ	ｱｦｱｴﾂ
"バーティカル アタッチャブルベルト ( 品番 #1123787 )"	0	""	1	"日本"	"日本"	1	43.0	""	1	0	0	3.45301e-37	9.87215e-24	7.97105e+18	0	0	1	0	""	"「アタッチャブルポーチ」をバックパックのショルダーハーネスに取り付ける際に使用するアタッチメントです。ベルクロ留めでスピーディーに着脱できます。"	""	0	0	""	"200"	""	0	""	""	""	""	""	""	""	0	0	1403318665268	1	volfo	1	248	244			1	2	日本	2		0.01	0		""				"バーティカル アタッチャブルベルト ( 品番 #1123787 )"
"サイドリリース バックル 20mm ( 品番 #1124355 )"	0	""	1	"日本"	"日本"	1	18.0	""	1	0	0	3.45301e-37	9.87215e-24	7.97105e+18	0	0	1	0	""	"長さ調整機能を備えたバックルです。破損したバックルと交換して、着脱やフィット感の調節が容易に行えます。2個入り。"	""	0	0	""	"200"	""	0	""	""	""	""	""	""	""	0	0	1403318665268	1	volfo	1	248	244			1	2	日本	2		0.0	0		""				"サイドリリース バックル 20mm ( 品番 #1124355 )"
"サイドリリース バックル 25mm ( 品番 #1124356 )"	0	""	1	"日本"	"日本"	1	21.0	""	1	0	0	3.45301e-37	9.87215e-24	7.97105e+18	0	0	1	0	""	"長さ調整機能を備えたバックルです。破損したバックルと交換して、着脱やフィット感の調節が容易に行えます。2個入り。"	""	0	0	""	"200"	""	0	""	""	""	""	""	""	""	0	0	1403318665268	1	volfo	1	248	244			1	2	日本	2		0.0	0		""				"サイドリリース バックル 25mm ( 品番 #1124356 )"
"サイドリリース バックル 30mm ( 品番 #1124357 )"	0	""	1	"日本"	"日本"	1	29.0	""	1	0	0	3.45301e-37	9.87215e-24	7.97105e+18	0	0	1	0	""	"長さ調整機能を備えたバックルです。破損したバックルと交換して、着脱やフィット感の調節が容易に行えます。2個入り。"	""	0	0	""	"200"	""	0	""	""	""	""	""	""	""	0	0	1403318665268	1	volfo	1	248	244			1	2	日本	2		0.0	0		""				"サイドリリース バックル 30mm ( 品番 #1124357 )"
"サイドリリース バックル 38mm 両引き ( 品番 #1124358 )"	0	""	1	"日本"	"日本"	1	23.0	""	1	0	0	3.45301e-37	9.87215e-24	7.97105e+18	0	0	1	0	""	"長さ調整機能を備えたバックルです。破損したバックルと交換して、着脱やフィット感の調節が容易に行えます。1個入り。"	""	0	0	""	"200"	""	0	""	""	""	""	""	""	""	0	0	1403318665268	1	volfo	1	248	244			1	2	日本	2		0.0	0		""				"サイドリリース バックル 38mm 両引き ( 品番 #1124358 )"
"サイドリリース バックル 50mm 両引き ( 品番 #1124359 )"	0	""	1	"日本"	"日本"	1	28.0	""	1	0	0	3.45301e-37	9.87215e-24	7.97105e+18	0	0	1	0	""	"長さ調整機能を備えたバックルです。破損したバックルと交換して、着脱やフィット感の調節が容易に行えます。1個入り。"	""	0	0	""	"200"	""	0	""	""	""	""	""	""	""	0	0	1403318665268	1	volfo	1	248	244			1	2	日本	2		0.0	0		""				"サイドリリース バックル 50mm 両引き ( 品番 #1124359 )"
"テープアジャスター 20mm ( 品番 #1124360 )"	0	""	1	"日本"	"日本"	1	11.0	""	1	0	0	3.45301e-37	9.87215e-24	7.97105e+18	0	0	1	0	""	"ウェストポーチやパックのベルト部分の長さを調節する際に使用します。2個入り。テープは別売です。"	""	0	0	""	"200"	""	0	""	""	""	""	""	""	""	0	0	1403318665268	1	volfo	1	248	244			1	2	日本	2		0.0	0		""				"テープアジャスター 20mm ( 品番 #1124360 )"
"テープアジャスター 25mm ( 品番 #1124361 )"	0	""	1	"日本"	"日本"	1	12.0	""	1	0	0	3.45301e-37	9.87215e-24	7.97105e+18	0	0	1	0	""	"ウェストポーチやパックのベルト部分の長さを調節する際に使用します。2個入り。テープは別売です。"	""	0	0	""	"200"	""	0	""	""	""	""	""	""	""	0	0	1403318665268	1	volfo	1	248	244			1	2	日本	2		0.0	0		""				"テープアジャスター 25mm ( 品番 #1124361 )"
"テープアジャスター 30mm ( 品番 #1124362 )"	0	""	1	"日本"	"日本"	1	13.0	""	1	0	0	3.45301e-37	9.87215e-24	7.97105e+18	0	0	1	0	""	"ウェストポーチやパックのベルト部分の長さを調節する際に使用します。2個入り。テープは別売です。"	""	0	0	""	"200"	""	0	""	""	""	""	""	""	""	0	0	1403318665268	1	volfo	1	248	244			1	2	日本	2		0.0	0		""				"テープアジャスター 30mm ( 品番 #1124362 )"
"テープアジャスター 38mm ( 品番 #1124363 )"	0	""	1	"日本"	"日本"	1	13.0	""	1	0	0	3.45301e-37	9.87215e-24	7.97105e+18	0	0	1	0	""	"ウェストポーチやパックのベルト部分の長さを調節する際に使用します。2個入り。テープは別売です。"	""	0	0	""	"200"	""	0	""	""	""	""	""	""	""	0	0	1403318665268	1	volfo	1	248	244			1	2	日本	2		0.0	0		""				"テープアジャスター 38mm ( 品番 #1124363 )"
"テープアジャスター 50mm ( 品番 #1124364 )"	0	""	1	"日本"	"日本"	1	14.0	""	1	0	0	3.45301e-37	9.87215e-24	7.97105e+18	0	0	1	0	""	"ウェストポーチやパックのベルト部分の長さを調節する際に使用します。2個入り。テープは別売です。"	""	0	0	""	"200"	""	0	""	""	""	""	""	""	""	0	0	1403318665268	1	volfo	1	248	244			1	2	日本	2		0.0	0		""				"テープアジャスター 50mm ( 品番 #1124364 )"
"ラダーロック 20mm ( 品番 #1124365 )"	0	""	1	"日本"	"日本"	1	11.0	""	1	0	0	3.45301e-37	9.87215e-24	7.97105e+18	0	0	1	0	""	"テープの締め付け調節を容易に行えます。2個入り。ご使用にあたっては別途対応するテープ、縫製が必要です。"	""	0	0	""	"200"	""	0	""	""	""	""	""	""	""	0	0	1403318665268	1	volfo	1	248	244			1	2	日本	2		0.0	0		""				"ラダーロック 20mm ( 品番 #1124365 )"
"ラダーロック 25mm ( 品番 #1124366 )"	0	""	1	"日本"	"日本"	1	12.0	""	1	0	0	3.45301e-37	9.87215e-24	7.97105e+18	0	0	1	0	""	"テープの締め付け調節を容易に行えます。2個入り。ご使用にあたっては別途対応するテープ、縫製が必要です。"	""	0	0	""	"200"	""	0	""	""	""	""	""	""	""	0	0	1403318665268	1	volfo	1	248	244			1	2	日本	2		0.0	0		""				"ラダーロック 25mm ( 品番 #1124366 )"
"テープクリップ 20mm ( 品番 #1124367 )"	0	""	1	"日本"	"日本"	1	12.0	""	1	0	0	3.45301e-37	9.87215e-24	7.97105e+18	0	0	1	0	""	"テープの余り部分を留める際に使用します。2個入り。"	""	0	0	""	"200"	""	0	""	""	""	""	""	""	""	0	0	1403318665268	1	volfo	1	248	244			1	2	日本	2		0.0	0		""				"テープクリップ 20mm ( 品番 #1124367 )"
"テープクリップ 25mm ( 品番 #1124368 )"	0	""	1	"日本"	"日本"	1	13.0	""	1	0	0	3.45301e-37	9.87215e-24	7.97105e+18	0	0	1	0	""	"テープの余り部分を留める際に使用します。2個入り。"	""	0	0	""	"200"	""	0	""	""	""	""	""	""	""	0	0	1403318665268	1	volfo	1	248	244			1	2	日本	2		0.0	0		""				"テープクリップ 25mm ( 品番 #1124368 )"
"テープクリップ 30mm ( 品番 #1124369 )"	0	""	1	"日本"	"日本"	1	13.0	""	1	0	0	3.45301e-37	9.87215e-24	7.97105e+18	0	0	1	0	""	"テープの余り部分を留める際に使用します。2個入り。"	""	0	0	""	"200"	""	0	""	""	""	""	""	""	""	0	0	1403318665268	1	volfo	1	248	244			1	2	日本	2		0.0	0		""				"テープクリップ 30mm ( 品番 #1124369 )"
"テープクリップ 38mm ( 品番 #1124370 )"	0	""	1	"日本"	"日本"	1	14.0	""	1	0	0	3.45301e-37	9.87215e-24	7.97105e+18	0	0	1	0	""	"テープの余り部分を留める際に使用します。2個入り。"	""	0	0	""	"200"	""	0	""	""	""	""	""	""	""	0	0	1403318665268	1	volfo	1	248	244			1	2	日本	2		0.0	0		""				"テープクリップ 38mm ( 品番 #1124370 )"
"ラダーロック ストラップ 20mm×30cm ( 品番 #1124371 )"	0	""	1	"日本"	"日本"	1	17.0	""	1	0	0	3.45301e-37	9.87215e-24	7.97105e+18	0	0	1	0	""	"トレッキングポールを固定したり、荷物をまとめる際に便利なストラップです。2本入り。"	""	0	0	""	"200"	""	0	""	""	""	""	""	""	""	0	0	1403318665268	1	volfo	1	248	244			1	2	日本	2		0.0	0		""				"ラダーロック ストラップ 20mm×30cm ( 品番 #1124371 )"
"ラダーロック ストラップ 20mm×60cm ( 品番 #1124372 )"	0	""	1	"日本"	"日本"	1	19.0	""	1	0	0	3.45301e-37	9.87215e-24	7.97105e+18	0	0	1	0	""	"トレッキングポールを固定したり、荷物をまとめる際に便利なストラップです。2本入り。"	""	0	0	""	"200"	""	0	""	""	""	""	""	""	""	0	0	1403318665268	1	volfo	1	248	244			1	2	日本	2		0.0	0		""				"ラダーロック ストラップ 20mm×60cm ( 品番 #1124372 )"
"ラダーロック ストラップ 25mm×90cm ( 品番 #1124373 )"	0	""	1	"日本"	"日本"	1	22.0	""	1	0	0	3.45301e-37	9.87215e-24	7.97105e+18	0	0	1	0	""	"トレッキングポールを固定したり、荷物をまとめる際に便利なストラップです。2本入り。"	""	0	0	""	"200"	""	0	""	""	""	""	""	""	""	0	0	1403318665268	1	volfo	1	248	244			1	2	日本	2		0.0	0		""				"ラダーロック ストラップ 25mm×90cm ( 品番 #1124373 )"
"ラダーロック ストラップ 25mm×120cm ( 品番 #1124374 )"	0	""	1	"日本"	"日本"	1	25.0	""	1	0	0	3.45301e-37	9.87215e-24	7.97105e+18	0	0	1	0	""	"トレッキングポールを固定したり、荷物をまとめる際に便利なストラップです。2本入り。"	""	0	0	""	"200"	""	0	""	""	""	""	""	""	""	0	0	1403318665268	1	volfo	1	248	244			1	2	日本	2		0.0	0		""				"ラダーロック ストラップ 25mm×120cm ( 品番 #1124374 )"
"チェストストラップ ( 品番 #1124375 )"	0	""	1	"日本"	"日本"	1	24.0	""	1	0	0	3.45301e-37	9.87215e-24	7.97105e+18	0	0	1	0	""	"SRバックル、テープアジャスターつきで、お手持ちのパックに取り付けられるチェストストラップです。"	""	0	0	""	"200"	""	0	""	""	""	""	""	""	""	0	0	1403318665268	1	volfo	1	248	244			1	2	日本	2		0.0	0		""				"チェストストラップ ( 品番 #1124375 )"
"サイドリリースバックル付 ベルト ( 品番 #1124376 )"	0	""	1	"日本"	"日本"	1	24.0	""	1	0	0	3.45301e-37	9.87215e-24	7.97105e+18	0	0	1	0	""	"SRバックルつきで、ウエストベルトとして使用したり荷物をまとめる際に便利なベルトです。"	""	0	0	""	"200"	""	0	""	""	""	""	""	""	""	0	0	1403318665268	1	volfo	1	248	244			1	2	日本	2		0.0	0		""				"サイドリリースバックル付 ベルト ( 品番 #1124376 )"
"ウェビングテープ 20mm ( 品番 #1124377 )"	0	""	1	"日本"	"日本"	1	9.0	""	1	0	0	3.45301e-37	9.87215e-24	7.97105e+18	0	0	1	0	""	"パックなどの交換用テープです。別売の「SRバックル」などと組み合わせてお使いください。 ※クライミングなどの確保には使用しないでください。"	""	0	0	""	"200"	""	0	""	""	""	""	""	""	""	0	0	1403318665268	1	volfo	1	248	244			1	2	日本	2		0.0	0		""				"ウェビングテープ 20mm ( 品番 #1124377 )"
"ウェビングテープ 25mm ( 品番 #1124378 )"	0	""	1	"日本"	"日本"	1	11.0	""	1	0	0	3.45301e-37	9.87215e-24	7.97105e+18	0	0	1	0	""	"パックなどの交換用テープです。別売の「SRバックル」などと組み合わせてお使いください。 ※クライミングなどの確保には使用しないでください。"	""	0	0	""	"200"	""	0	""	""	""	""	""	""	""	0	0	1403318665268	1	volfo	1	248	244			1	2	日本	2		0.0	0		""				"ウェビングテープ 25mm ( 品番 #1124378 )"
"ウェビングテープ 30mm ( 品番 #1124379 )"	0	""	1	"日本"	"日本"	1	13.0	""	1	0	0	3.45301e-37	9.87215e-24	7.97105e+18	0	0	1	0	""	"パックなどの交換用テープです。別売の「SRバックル」などと組み合わせてお使いください。 ※クライミングなどの確保には使用しないでください。"	""	0	0	""	"200"	""	0	""	""	""	""	""	""	""	0	0	1403318665268	1	volfo	1	248	244			1	2	日本	2		0.0	0		""				"ウェビングテープ 30mm ( 品番 #1124379 )"
"ウェビングテープ 38mm ( 品番 #1124380 )"	0	""	1	"日本"	"日本"	1	14.0	""	1	0	0	3.45301e-37	9.87215e-24	7.97105e+18	0	0	1	0	""	"パックなどの交換用テープです。別売の「SRバックル」などと組み合わせてお使いください。 ※クライミングなどの確保には使用しないでください。"	""	0	0	""	"200"	""	0	""	""	""	""	""	""	""	0	0	1403318665268	1	volfo	1	248	244			1	2	日本	2		0.0	0		""				"ウェビングテープ 38mm ( 品番 #1124380 )"
"ウェビングテープ 50mm ( 品番 #1124381 )"	0	""	1	"日本"	"日本"	1	16.0	""	1	0	0	3.45301e-37	9.87215e-24	7.97105e+18	0	0	1	0	""	"パックなどの交換用テープです。別売の「SRバックル」などと組み合わせてお使いください。 ※クライミングなどの確保には使用しないでください。"	""	0	0	""	"200"	""	0	""	""	""	""	""	""	""	0	0	1403318665268	1	volfo	1	248	244			1	2	日本	2		0.0	0		""				"ウェビングテープ 50mm ( 品番 #1124381 )"
"コードロック S ( 品番 #1124382 )"	0	""	1	"日本"	"日本"	1	18.0	""	1	0	0	3.45301e-37	9.87215e-24	7.97105e+18	0	0	1	0	""	"ドローコードなどに取り付ければ、簡単に締めつけ・開放が行えます。1パック2個入り。φ3mm対応。"	""	0	0	""	"200"	""	0	""	""	""	""	""	""	""	0	0	1403318665268	1	volfo	1	248	244			1	2	日本	2		0.0	0		""				"コードロック S ( 品番 #1124382 )"
"コードロック M ( 品番 #1124383 )"	0	""	1	"日本"	"日本"	1	21.0	""	1	0	0	3.45301e-37	9.87215e-24	7.97105e+18	0	0	1	0	""	"ドローコードなどに取り付ければ、簡単に締めつけ・開放が行えます。1パック2個入り。φ3mm対応。"	""	0	0	""	"200"	""	0	""	""	""	""	""	""	""	0	0	1403318665268	1	volfo	1	248	244			1	2	日本	2		0.0	0		""				"コードロック M ( 品番 #1124383 )"
"コードエンド 1本用 ( 品番 #1124384 )"	0	""	1	"日本"	"日本"	1	13.0	""	1	0	0	3.45301e-37	9.87215e-24	7.97105e+18	0	0	1	0	""	"交換用コードエンドです。2個入り。φ3mm対応。"	""	0	0	""	"200"	""	0	""	""	""	""	""	""	""	0	0	1403318665268	1	volfo	1	248	244			1	2	日本	2		0.0	0		""				"コードエンド 1本用 ( 品番 #1124384 )"
"コードエンド 2本用 ( 品番 #1124385 )"	0	""	1	"日本"	"日本"	1	17.0	""	1	0	0	3.45301e-37	9.87215e-24	7.97105e+18	0	0	1	0	""	"交換用コードエンドです。2個入り。φ3mm対応。"	""	0	0	""	"200"	""	0	""	""	""	""	""	""	""	0	0	1403318665268	1	volfo	1	248	244			1	2	日本	2		0.0	0		""				"コードエンド 2本用 ( 品番 #1124385 )"
"ジップタイ S ( 品番 #1124386 )"	0	""	1	"日本"	"日本"	1	24.0	""	1	0	0	3.45301e-37	9.87215e-24	7.97105e+18	0	0	1	0	""	"ジッパーのスライダーに通して使用します。1パック5個入り。"	""	0	0	""	"200"	""	0	""	""	""	""	""	""	""	0	0	1403318665268	1	volfo	1	248	244			1	2	日本	2		0.0	0		""				"ジップタイ S ( 品番 #1124386 )"
"ジップタイ M ( 品番 #1124387 )"	0	""	1	"日本"	"日本"	1	25.0	""	1	0	0	3.45301e-37	9.87215e-24	7.97105e+18	0	0	1	0	""	"ジッパーのスライダーに通して使用します。1パック5個入り。"	""	0	0	""	"200"	""	0	""	""	""	""	""	""	""	0	0	1403318665268	1	volfo	1	248	244			1	2	日本	2		0.0	0		""				"ジップタイ M ( 品番 #1124387 )"
"ジップタイ L ( 品番 #1124388 )"	0	""	1	"日本"	"日本"	1	25.0	""	1	0	0	3.45301e-37	9.87215e-24	7.97105e+18	0	0	1	0	""	"ジッパーのスライダーに通して使用します。1パック5個入り。"	""	0	0	""	"200"	""	0	""	""	""	""	""	""	""	0	0	1403318665268	1	volfo	1	248	244			1	2	日本	2		0.0	0		""				"ジップタイ L ( 品番 #1124388 )"
"3mm 丸ゴム ( 品番 #1124389 )"	0	""	1	"日本"	"日本"	1	6.0	""	1	0	0	3.45301e-37	9.87215e-24	7.97105e+18	0	0	1	0	""	"寝袋やウエアのドローコード交換用の丸ゴムです。"	""	0	0	""	"200"	""	0	""	""	""	""	""	""	""	0	0	1403318665268	1	volfo	1	248	244			1	2	日本	2		0.0	0		""				"3mm 丸ゴム ( 品番 #1124389 )"
"アジャスタブルボトルホルダー ( 品番 #1223230 )"	0	""	1	"日本"	"日本"	1	154.0	""	1	0	0	3.45301e-37	9.87215e-24	7.97105e+18	0	0	1	0	""	"背面のベルクロを使い、バックパックのウエストベルトなどに装着することができるボトルホルダーです。500mlから1Lまでのボトルに対応します。"	""	0	0	""	"200"	""	0	""	""	""	""	""	""	""	0	0	1403318665268	1	volfo	1	248	244			1	2	日本	2		0.075	0		""				"アジャスタブルボトルホルダー ( 品番 #1223230 )"
"サイドポケットM ( 品番 #1223334 )"	0	""	1	"日本"	"日本"	1	214.0	""	1	0	0	3.45301e-37	9.87215e-24	7.97105e+18	0	0	1	0	""	"パックの容量が少し足りないときに便利なサイドポケットです。「スーパーエクスペディションパック」「エクスペディションパック」「アルパインパック」「グラナイトパック」に装着できます。2個1セット。"	""	0	0	""	"200"	""	0	""	""	""	""	""	""	""	0	0	1403318665268	1	volfo	1	248	244			1	2	日本	2		0.19	0		""				"サイドポケットM ( 品番 #1223334 )"
"サイドポケットL ( 品番 #1223335 )"	0	""	1	"日本"	"日本"	1	248.0	""	1	0	0	3.45301e-37	9.87215e-24	7.97105e+18	0	0	1	0	""	"パックの容量が少し足りないときに便利なサイドポケットです。「スーパーエクスペディションパック」「エクスペディションパック」「アルパインパック」「グラナイトパック」に装着できます。2個1セット。"	""	0	0	""	"200"	""	0	""	""	""	""	""	""	""	0	0	1403318665268	1	volfo	1	248	244			1	2	日本	2		0.24	0		""				"サイドポケットL ( 品番 #1223335 )"
"スーパーウィッシュボーン ダブルフレーム ショルダーハーネス ( 品番 #1223423 )"	0	""	1	"日本"	"日本"	1	270.0	""	1	0	0	3.45301e-37	9.87215e-24	7.97105e+18	0	0	1	0	""	"ショルダーのみのサイズを交換したい時などに便利な、取替用のパーツです。"	""	0	0	""	"200"	""	0	""	""	""	""	""	""	""	0	0	1403318665268	1	volfo	1	248	244			1	2	日本	2		0.0	0		""				"スーパーウィッシュボーン ダブルフレーム ショルダーハーネス ( 品番 #1223423 )"
