﻿﻿version 1.00
title	cid	seller_cids	stuff_status	location_state	location_city	item_type	price	auction_increment	num	valid_thru	freight_payer	post_fee	ems_fee	express_fee	has_invoice	has_warranty	approve_status	has_showcase	list_time	description	cateProps	postage_id	has_discount	modified	upload_fail_msg	picture_status	auction_point	picture	video	skuProps	inputPids	inputValues	outer_id	propAlias	auto_fill	num_id	local_cid	navigation_type	user_name	syncStatus	is_lighting_consigment	is_xinpin	foodparame	features	buyareatype	global_stock_type	global_stock_country	sub_stock_type	item_size	item_weight	sell_promise	custom_design_flag	wireless_desc	barcode	sku_barcode	newprepay	subtitle
ｱｦｱｴﾃ﨤ﾆ	ｱｦｱｴﾀ狷ｿ	ｵﾌﾀ狷ｿ	ﾐﾂｾﾉｳﾌｶﾈ	ﾊ｡	ｳﾇﾊﾐ	ｳﾛｷｽﾊｽ	ｱｦｱｴｼﾛｸ	ｼﾓｼﾛｷﾈ	ｱｦｱｴﾊﾁｿ	ﾓﾐﾐｧﾆﾚ	ﾔﾋｷﾑｳﾐｵ｣	ﾆｽﾓﾊ	EMS	ｿﾝ	ｷ｢ﾆｱ	ｱ｣ﾐﾞ	ｷﾅﾈﾖｿ	ｳｰﾍﾆｼ	ｿｪﾊｼﾊｱｼ	ｱｦｱｴﾃ靆	ｱｦｱｴﾊﾔ	ﾓﾊｷﾑﾄ｣ｰ覈D	ｻ瞞ｱｴﾛ	ﾐﾞｸﾄﾊｱｼ	ﾉﾏｴｫﾗｴﾌｬ	ﾍｼﾆｬﾗｴﾌｬ	ｷｵｵ羈ﾈﾀ	ﾐﾂﾍｼﾆｬ	ﾊﾓﾆｵ	ﾏ摠ﾛﾊﾔﾗ鮗ﾏ	ﾓﾃｻｧﾊ菠Dｴｮ	ﾓﾃｻｧﾊ菠ﾖｵｶﾔ	ﾉﾌｼﾒｱ狡	ﾏ摠ﾛﾊﾔｱ	ｴ嵭菎獎ﾍ	ﾊﾗﾖID	ｱｾｵﾘID	ｱｦｱｴｷﾖﾀ	ﾓﾃｻｧﾃ﨤ﾆ	ｱｦｱｴﾗｴﾌｬ	ﾉﾁｵ邱｢ｻ	ﾐﾂﾆｷ	ﾊｳﾆｷﾗｨﾏ	ｳﾟﾂ	ｲﾉｹｺｵﾘ	ｿ箒貘獎ﾍ	ｹ恝ﾒｵﾘﾇ	ｿ箒貍ﾆﾊ	ﾎ蟒	ﾎﾘﾁｿ	ﾍﾋｻｻｻﾐﾅｵ	ｶｨﾖﾆｹ､ｾﾟ	ﾎﾞﾏﾟﾏ	ﾉﾌﾆｷﾌﾎﾂ	sku ﾌﾎﾂ	7ﾌﾋｻ	ｱｦｱｴﾂ
"アクアペル ビジブルバッグ0.3L ( 品番 #1123834 )"	0	""	1	"日本"	"日本"	1	72.0	""	1	0	0	3.45301e-37	9.87215e-24	7.97105e+18	0	0	1	0	""	"全ての縫い目にシームテープ処理を施した防水性の高いケースに、中身が確認しやすい小窓を設けたアイテムです。"	""	0	0	""	"200"	""	0	""	""	""	""	""	""	""	0	0	1403318665268	1	volfo	1	248	244			1	2	日本	2		0.017	0		""				"アクアペル ビジブルバッグ0.3L ( 品番 #1123834 )"
"アクアペル スタッフバッグ0.5L ( 品番 #1123835 )"	0	""	1	"日本"	"日本"	1	77.0	""	1	0	0	3.45301e-37	9.87215e-24	7.97105e+18	0	0	1	0	""	"財布やタオルなど、濡らしたくない荷物の収納に便利な防水性の高いバッグです。バックパックに収納した際もデッドスペースを作りにくい丸底デザインを採用しています。"	""	0	0	""	"200"	""	0	""	""	""	""	""	""	""	0	0	1403318665268	1	volfo	1	248	244			1	2	日本	2		0.02	0		""				"アクアペル スタッフバッグ0.5L ( 品番 #1123835 )"
"アクアペル スタッフバッグ3L ( 品番 #1123836 )"	0	""	1	"日本"	"日本"	1	90.0	""	1	0	0	3.45301e-37	9.87215e-24	7.97105e+18	0	0	1	0	""	"財布やタオルなど、濡らしたくない荷物の収納に便利な防水性の高いバッグです。バックパックに収納した際もデッドスペースを作りにくい丸底デザインを採用しています。"	""	0	0	""	"200"	""	0	""	""	""	""	""	""	""	0	0	1403318665268	1	volfo	1	248	244			1	2	日本	2		0.035	0		""				"アクアペル スタッフバッグ3L ( 品番 #1123836 )"
"アクアペル スタッフバッグ10L ( 品番 #1123837 )"	0	""	1	"日本"	"日本"	1	108.0	""	1	0	0	3.45301e-37	9.87215e-24	7.97105e+18	0	0	1	0	""	"財布やタオルなど、濡らしたくない荷物の収納に便利な防水性の高いバッグです。バックパックに収納した際もデッドスペースを作りにくい丸底デザインを採用しています。"	""	0	0	""	"200"	""	0	""	""	""	""	""	""	""	0	0	1403318665268	1	volfo	1	248	244			1	2	日本	2		0.058	0		""				"アクアペル スタッフバッグ10L ( 品番 #1123837 )"
"アクアペル スタッフバッグ15L ( 品番 #1123838 )"	0	""	1	"日本"	"日本"	1	144.0	""	1	0	0	3.45301e-37	9.87215e-24	7.97105e+18	0	0	1	0	""	"財布やタオルなど、濡らしたくない荷物の収納に便利な防水性の高いバッグです。バックパックに収納した際もデッドスペースを作りにくい丸底デザインを採用しています。"	""	0	0	""	"200"	""	0	""	""	""	""	""	""	""	0	0	1403318665268	1	volfo	1	248	244			1	2	日本	2		0.069	0		""				"アクアペル スタッフバッグ15L ( 品番 #1123838 )"
"プロテクション アクアペル 0.5L ( 品番 #1123839 )"	0	""	1	"日本"	"日本"	1	108.0	""	1	0	0	3.45301e-37	9.87215e-24	7.97105e+18	0	0	1	0	""	"ホコリや濡れ、衝撃からカメラ機材などを保護する防水バッグです。縫い目にはシームテープ処理を施すことで防水性を高めています。"	""	0	0	""	"200"	""	0	""	""	""	""	""	""	""	0	0	1403318665268	1	volfo	1	248	244			1	2	日本	2		0.046	0		""				"プロテクション アクアペル 0.5L ( 品番 #1123839 )"
"プロテクション アクアペル 1L ( 品番 #1123840 )"	0	""	1	"日本"	"日本"	1	122.0	""	1	0	0	3.45301e-37	9.87215e-24	7.97105e+18	0	0	1	0	""	"ホコリや濡れ、衝撃からカメラ機材などを保護する防水バッグです。縫い目にはシームテープ処理を施すことで防水性を高めています。"	""	0	0	""	"200"	""	0	""	""	""	""	""	""	""	0	0	1403318665268	1	volfo	1	248	244			1	2	日本	2		0.055	0		""				"プロテクション アクアペル 1L ( 品番 #1123840 )"
"プロテクション アクアペル 2L ( 品番 #1123841 )"	0	""	1	"日本"	"日本"	1	131.0	""	1	0	0	3.45301e-37	9.87215e-24	7.97105e+18	0	0	1	0	""	"ホコリや濡れ、衝撃からカメラ機材などを保護する防水バッグです。縫い目にはシームテープ処理を施すことで防水性を高めています。"	""	0	0	""	"200"	""	0	""	""	""	""	""	""	""	0	0	1403318665268	1	volfo	1	248	244			1	2	日本	2		0.08	0		""				"プロテクション アクアペル 2L ( 品番 #1123841 )"
"プロテクション アクアペル 3L ( 品番 #1123842 )"	0	""	1	"日本"	"日本"	1	144.0	""	1	0	0	3.45301e-37	9.87215e-24	7.97105e+18	0	0	1	0	""	"ホコリや濡れ、衝撃からカメラ機材などを保護する防水バッグです。縫い目にはシームテープ処理を施すことで防水性を高めています。"	""	0	0	""	"200"	""	0	""	""	""	""	""	""	""	0	0	1403318665268	1	volfo	1	248	244			1	2	日本	2		0.101	0		""				"プロテクション アクアペル 3L ( 品番 #1123842 )"
"アクアペル ファーストエイドバッグ 0.5L ( 品番 #1123843 )"	0	""	1	"日本"	"日本"	1	122.0	""	1	0	0	3.45301e-37	9.87215e-24	7.97105e+18	0	0	1	0	""	"防水性の高い応急処置セット用のバッグです。ハサミなどの鋭利なものを整理して収納しておく小物袋が付属します。"	""	0	0	""	"200"	""	0	""	""	""	""	""	""	""	0	0	1403318665268	1	volfo	1	248	244			1	2	日本	2		0.05	0		""				"アクアペル ファーストエイドバッグ 0.5L ( 品番 #1123843 )"
"アクアペル ファーストエイドバッグ 2L ( 品番 #1123844 )"	0	""	1	"日本"	"日本"	1	144.0	""	1	0	0	3.45301e-37	9.87215e-24	7.97105e+18	0	0	1	0	""	"防水性の高い応急処置セット用のバッグです。ハサミなどの鋭利なものを整理して収納しておく小物袋が付属します。"	""	0	0	""	"200"	""	0	""	""	""	""	""	""	""	0	0	1403318665268	1	volfo	1	248	244			1	2	日本	2		0.072	0		""				"アクアペル ファーストエイドバッグ 2L ( 品番 #1123844 )"
"ドライバッグチューブ 15 ( 品番 #1123432 )"	0	""	1	"日本"	"日本"	1	231.0	""	1	0	0	3.45301e-37	9.87215e-24	7.97105e+18	0	0	1	0	""	"極めて高い防水性を実現した丸底デザインの防水バッグ。両サイドのバックルで留め、ベルトを締めればより高い防水性を発揮します。"	""	0	0	""	"200"	""	0	""	""	""	""	""	""	""	0	0	1403318665268	1	volfo	1	248	244			1	2	日本	2		0.34	0		""				"ドライバッグチューブ 15 ( 品番 #1123432 )"
"ドライバッグチューブ 25 ( 品番 #1123433 )"	0	""	1	"日本"	"日本"	1	265.0	""	1	0	0	3.45301e-37	9.87215e-24	7.97105e+18	0	0	1	0	""	"極めて高い防水性を実現した丸底デザインの防水バッグ。両サイドのバックルで留め、ベルトを締めればより高い防水性を発揮します。"	""	0	0	""	"200"	""	0	""	""	""	""	""	""	""	0	0	1403318665268	1	volfo	1	248	244			1	2	日本	2		0.42	0		""				"ドライバッグチューブ 25 ( 品番 #1123433 )"
"ドライバッグチューブ 30 ( 品番 #1123434 )"	0	""	1	"日本"	"日本"	1	300.0	""	1	0	0	3.45301e-37	9.87215e-24	7.97105e+18	0	0	1	0	""	"極めて高い防水性を実現した丸底デザインの防水バッグ。両サイドのバックルで留め、ベルトを締めればより高い防水性を発揮します。"	""	0	0	""	"200"	""	0	""	""	""	""	""	""	""	0	0	1403318665268	1	volfo	1	248	244			1	2	日本	2		0.47	0		""				"ドライバッグチューブ 30 ( 品番 #1123434 )"
"ドライバッグチューブ 45 ( 品番 #1123435 )"	0	""	1	"日本"	"日本"	1	394.0	""	1	0	0	3.45301e-37	9.87215e-24	7.97105e+18	0	0	1	0	""	"極めて高い防水性を実現した丸底デザインの防水バッグ。両サイドのバックルで留め、ベルトを締めればより高い防水性を発揮します。"	""	0	0	""	"200"	""	0	""	""	""	""	""	""	""	0	0	1403318665268	1	volfo	1	248	244			1	2	日本	2		0.6	0		""				"ドライバッグチューブ 45 ( 品番 #1123435 )"
"ライトドライバッグ 5 ( 品番 #1123440 )"	0	""	1	"日本"	"日本"	1	180.0	""	1	0	0	3.45301e-37	9.87215e-24	7.97105e+18	0	0	1	0	""	"極めて高い防水性を持ち、軽量で沢登りなどに最適な防水バッグです。底部を三角形に絞れるストラップホールつき。"	""	0	0	""	"200"	""	0	""	""	""	""	""	""	""	0	0	1403318665268	1	volfo	1	248	244			1	2	日本	2		0.09	0		""				"ライトドライバッグ 5 ( 品番 #1123440 )"
"ライトドライバッグ 10 ( 品番 #1123441 )"	0	""	1	"日本"	"日本"	1	223.0	""	1	0	0	3.45301e-37	9.87215e-24	7.97105e+18	0	0	1	0	""	"極めて高い防水性を持ち、軽量で沢登りなどに最適な防水バッグです。底部を三角形に絞れるストラップホールつき。"	""	0	0	""	"200"	""	0	""	""	""	""	""	""	""	0	0	1403318665268	1	volfo	1	248	244			1	2	日本	2		0.12	0		""				"ライトドライバッグ 10 ( 品番 #1123441 )"
"ライトドライバッグ 15 ( 品番 #1123442 )"	0	""	1	"日本"	"日本"	1	240.0	""	1	0	0	3.45301e-37	9.87215e-24	7.97105e+18	0	0	1	0	""	"極めて高い防水性を持ち、軽量で沢登りなどに最適な防水バッグです。底部を三角形に絞れるストラップホールつき。"	""	0	0	""	"200"	""	0	""	""	""	""	""	""	""	0	0	1403318665268	1	volfo	1	248	244			1	2	日本	2		0.15	0		""				"ライトドライバッグ 15 ( 品番 #1123442 )"
"ライトドライバッグ 20 ( 品番 #1123443 )"	0	""	1	"日本"	"日本"	1	257.0	""	1	0	0	3.45301e-37	9.87215e-24	7.97105e+18	0	0	1	0	""	"極めて高い防水性を持ち、軽量で沢登りなどに最適な防水バッグです。底部を三角形に絞れるストラップホールつき。"	""	0	0	""	"200"	""	0	""	""	""	""	""	""	""	0	0	1403318665268	1	volfo	1	248	244			1	2	日本	2		0.17	0		""				"ライトドライバッグ 20 ( 品番 #1123443 )"
"ライトドライバッグ 25 ( 品番 #1123444 )"	0	""	1	"日本"	"日本"	1	274.0	""	1	0	0	3.45301e-37	9.87215e-24	7.97105e+18	0	0	1	0	""	"極めて高い防水性を持ち、軽量で沢登りなどに最適な防水バッグです。底部を三角形に絞れるストラップホールつき。"	""	0	0	""	"200"	""	0	""	""	""	""	""	""	""	0	0	1403318665268	1	volfo	1	248	244			1	2	日本	2		0.19	0		""				"ライトドライバッグ 25 ( 品番 #1123444 )"
"ドライバッグ レクタ5 ( 品番 #1123445 )"	0	""	1	"日本"	"日本"	1	137.0	""	1	0	0	3.45301e-37	9.87215e-24	7.97105e+18	0	0	1	0	""	"極めて高い防水性を実現した平底デザインの防水バッグ。底部を三角形に絞れるストラップホールつきで、カヤックのハッチへの出し入れもスムーズになります。"	""	0	0	""	"200"	""	0	""	""	""	""	""	""	""	0	0	1403318665268	1	volfo	1	248	244			1	2	日本	2		0.15	0		""				"ドライバッグ レクタ5 ( 品番 #1123445 )"
"ドライバッグ レクタ10 ( 品番 #1123446 )"	0	""	1	"日本"	"日本"	1	171.0	""	1	0	0	3.45301e-37	9.87215e-24	7.97105e+18	0	0	1	0	""	"極めて高い防水性を実現した平底デザインの防水バッグ。底部を三角形に絞れるストラップホールつきで、カヤックのハッチへの出し入れもスムーズになります。"	""	0	0	""	"200"	""	0	""	""	""	""	""	""	""	0	0	1403318665268	1	volfo	1	248	244			1	2	日本	2		0.2	0		""				"ドライバッグ レクタ10 ( 品番 #1123446 )"
"ドライバッグ レクタ15 ( 品番 #1123447 )"	0	""	1	"日本"	"日本"	1	231.0	""	1	0	0	3.45301e-37	9.87215e-24	7.97105e+18	0	0	1	0	""	"極めて高い防水性を実現した平底デザインの防水バッグ。底部を三角形に絞れるストラップホールつきで、カヤックのハッチへの出し入れもスムーズになります。"	""	0	0	""	"200"	""	0	""	""	""	""	""	""	""	0	0	1403318665268	1	volfo	1	248	244			1	2	日本	2		0.27	0		""				"ドライバッグ レクタ15 ( 品番 #1123447 )"
"ドライバッグ レクタ20 ( 品番 #1123448 )"	0	""	1	"日本"	"日本"	1	248.0	""	1	0	0	3.45301e-37	9.87215e-24	7.97105e+18	0	0	1	0	""	"極めて高い防水性を実現した平底デザインの防水バッグ。底部を三角形に絞れるストラップホールつきで、カヤックのハッチへの出し入れもスムーズになります。"	""	0	0	""	"200"	""	0	""	""	""	""	""	""	""	0	0	1403318665268	1	volfo	1	248	244			1	2	日本	2		0.31	0		""				"ドライバッグ レクタ20 ( 品番 #1123448 )"
"ドライバッグ レクタ25 ( 品番 #1123449 )"	0	""	1	"日本"	"日本"	1	265.0	""	1	0	0	3.45301e-37	9.87215e-24	7.97105e+18	0	0	1	0	""	"極めて高い防水性を実現した平底デザインの防水バッグ。底部を三角形に絞れるストラップホールつきで、カヤックのハッチへの出し入れもスムーズになります。"	""	0	0	""	"200"	""	0	""	""	""	""	""	""	""	0	0	1403318665268	1	volfo	1	248	244			1	2	日本	2		0.35	0		""				"ドライバッグ レクタ25 ( 品番 #1123449 )"
"ハイドロプロ ストリージバッグ 80L ( 品番 #1123460 )"	0	""	1	"日本"	"日本"	1	291.0	""	1	0	0	3.45301e-37	9.87215e-24	7.97105e+18	0	0	1	0	""	"ドローコードとベルクロの併用で高い防水性を得ることができる大型防水バッグです。"	""	0	0	""	"200"	""	0	""	""	""	""	""	""	""	0	0	1403318665268	1	volfo	1	248	244			1	2	日本	2		0.175	0		""				"ハイドロプロ ストリージバッグ 80L ( 品番 #1123460 )"
"ハイドロプロ ストリージバッグ 130L ( 品番 #1123461 )"	0	""	1	"日本"	"日本"	1	334.0	""	1	0	0	3.45301e-37	9.87215e-24	7.97105e+18	0	0	1	0	""	"ドローコードとベルクロの併用で高い防水性を得ることができる大型防水バッグです。"	""	0	0	""	"200"	""	0	""	""	""	""	""	""	""	0	0	1403318665268	1	volfo	1	248	244			1	2	日本	2		0.205	0		""				"ハイドロプロ ストリージバッグ 130L ( 品番 #1123461 )"
"ドライストレージバレル(30L) ( 品番 #1852842 )"	0	""	1	"日本"	"日本"	1	718.0	""	1	0	0	3.45301e-37	9.87215e-24	7.97105e+18	0	0	1	0	""	"食料や荷物などを携行するための、非常に頑丈な広口の大型防水ケースです。容量は中型の30L。"	""	0	0	""	"200"	""	0	""	""	""	""	""	""	""	0	0	1403318665268	1	volfo	1	248	244			1	2	日本	2		0.0	0		""				"ドライストレージバレル(30L) ( 品番 #1852842 )"
"ドライストレージバレル(60L) ( 品番 #1852843 )"	0	""	1	"日本"	"日本"	1	897.0	""	1	0	0	3.45301e-37	9.87215e-24	7.97105e+18	0	0	1	0	""	"食料や荷物などを携行するための、非常に頑丈な広口の大型防水ケースです。容量は大型の60L。"	""	0	0	""	"200"	""	0	""	""	""	""	""	""	""	0	0	1403318665268	1	volfo	1	248	244			1	2	日本	2		0.0	0		""				"ドライストレージバレル(60L) ( 品番 #1852843 )"
"ドライストレージバレルハーネス(30L) ( 品番 #1852844 )"	0	""	1	"日本"	"日本"	1	718.0	""	1	0	0	3.45301e-37	9.87215e-24	7.97105e+18	0	0	1	0	""	"ドライストレージバレルの運搬専用にデザインされたバックパックタイプのハーネスです。"	""	0	0	""	"200"	""	0	""	""	""	""	""	""	""	0	0	1403318665268	1	volfo	1	248	244			1	2	日本	2		0.0	0		""				"ドライストレージバレルハーネス(30L) ( 品番 #1852844 )"
"ドライストレージバレルハーネス(60L) ( 品番 #1852845 )"	0	""	1	"日本"	"日本"	1	1077.0	""	1	0	0	3.45301e-37	9.87215e-24	7.97105e+18	0	0	1	0	""	"ドライストレージバレルの運搬専用にデザインされたバックパックタイプのハーネスです。"	""	0	0	""	"200"	""	0	""	""	""	""	""	""	""	0	0	1403318665268	1	volfo	1	248	244			1	2	日本	2		0.0	0		""				"ドライストレージバレルハーネス(60L) ( 品番 #1852845 )"
