﻿﻿version 1.00
title	cid	seller_cids	stuff_status	location_state	location_city	item_type	price	auction_increment	num	valid_thru	freight_payer	post_fee	ems_fee	express_fee	has_invoice	has_warranty	approve_status	has_showcase	list_time	description	cateProps	postage_id	has_discount	modified	upload_fail_msg	picture_status	auction_point	picture	video	skuProps	inputPids	inputValues	outer_id	propAlias	auto_fill	num_id	local_cid	navigation_type	user_name	syncStatus	is_lighting_consigment	is_xinpin	foodparame	features	buyareatype	global_stock_type	global_stock_country	sub_stock_type	item_size	item_weight	sell_promise	custom_design_flag	wireless_desc	barcode	sku_barcode	newprepay	subtitle
ｱｦｱｴﾃ﨤ﾆ	ｱｦｱｴﾀ狷ｿ	ｵﾌﾀ狷ｿ	ﾐﾂｾﾉｳﾌｶﾈ	ﾊ｡	ｳﾇﾊﾐ	ｳﾛｷｽﾊｽ	ｱｦｱｴｼﾛｸ	ｼﾓｼﾛｷﾈ	ｱｦｱｴﾊﾁｿ	ﾓﾐﾐｧﾆﾚ	ﾔﾋｷﾑｳﾐｵ｣	ﾆｽﾓﾊ	EMS	ｿﾝ	ｷ｢ﾆｱ	ｱ｣ﾐﾞ	ｷﾅﾈﾖｿ	ｳｰﾍﾆｼ	ｿｪﾊｼﾊｱｼ	ｱｦｱｴﾃ靆	ｱｦｱｴﾊﾔ	ﾓﾊｷﾑﾄ｣ｰ覈D	ｻ瞞ｱｴﾛ	ﾐﾞｸﾄﾊｱｼ	ﾉﾏｴｫﾗｴﾌｬ	ﾍｼﾆｬﾗｴﾌｬ	ｷｵｵ羈ﾈﾀ	ﾐﾂﾍｼﾆｬ	ﾊﾓﾆｵ	ﾏ摠ﾛﾊﾔﾗ鮗ﾏ	ﾓﾃｻｧﾊ菠Dｴｮ	ﾓﾃｻｧﾊ菠ﾖｵｶﾔ	ﾉﾌｼﾒｱ狡	ﾏ摠ﾛﾊﾔｱ	ｴ嵭菎獎ﾍ	ﾊﾗﾖID	ｱｾｵﾘID	ｱｦｱｴｷﾖﾀ	ﾓﾃｻｧﾃ﨤ﾆ	ｱｦｱｴﾗｴﾌｬ	ﾉﾁｵ邱｢ｻ	ﾐﾂﾆｷ	ﾊｳﾆｷﾗｨﾏ	ｳﾟﾂ	ｲﾉｹｺｵﾘ	ｿ箒貘獎ﾍ	ｹ恝ﾒｵﾘﾇ	ｿ箒貍ﾆﾊ	ﾎ蟒	ﾎﾘﾁｿ	ﾍﾋｻｻｻﾐﾅｵ	ｶｨﾖﾆｹ､ｾﾟ	ﾎﾞﾏﾟﾏ	ﾉﾌﾆｷﾌﾎﾂ	sku ﾌﾎﾂ	7ﾌﾋｻ	ｱｦｱｴﾂ
"ロングテイル トレッキングアンブレラ ( 品番 #1128149 )"	0	""	1	"日本"	"日本"	1	453.0	""	1	0	0	3.45301e-37	9.87215e-24	7.97105e+18	0	0	1	0	""	"テール（後ろ）部分を長くしたシルエットで、背負ったパックをカバーするために濡れにくく、トレッキング用途に最適な携帯用雨傘です。生地部分に極薄ナイロン素材を採用することで超軽量に仕上げています。"	""	0	0	""	"200"	""	0	""	""	""	""	""	""	""	0	0	1403318665268	1	volfo	1	248	244			1	2	日本	2		0.19	0		""				"ロングテイル トレッキングアンブレラ ( 品番 #1128149 )"
"リフレック トレッキングアンブレラ ( 品番 #1128158 )"	0	""	1	"日本"	"日本"	1	428.0	""	1	0	0	3.45301e-37	9.87215e-24	7.97105e+18	0	0	1	0	""	"歩行者の視認性に配慮してリフレックインクをプリントした携帯用雨傘です。軽量ながらも高強度な製品に仕上げています。"	""	0	0	""	"200"	""	0	""	""	""	""	""	""	""	0	0	1403318665268	1	volfo	1	248	244			1	2	日本	2		0.25	0		""				"リフレック トレッキングアンブレラ ( 品番 #1128158 )"
"トレッキングアンブレラ ( 品番 #1128247 )"	0	""	1	"日本"	"日本"	1	404.0	""	1	0	0	3.45301e-37	9.87215e-24	7.97105e+18	0	0	1	0	""	"薄手のナイロン地に極めて高い撥水性を誇る軽量コンパクトな携帯用雨傘です。アウトドアでの使用に耐える高い強度を持たせました。"	""	0	0	""	"200"	""	0	""	""	""	""	""	""	""	0	0	1403318665268	1	volfo	1	248	244			1	2	日本	2		0.25	0		""				"トレッキングアンブレラ ( 品番 #1128247 )"
"U.L.トレッキングアンブレラ ( 品番 #1128311 )"	0	""	1	"日本"	"日本"	1	359.0	""	1	0	0	3.45301e-37	9.87215e-24	7.97105e+18	0	0	1	0	""	"厚さわずか0.045mmの極薄な素材を使用した超軽量な携帯用雨傘です。高い強度と軽量性を両立したをアルミを採用。コンパクトに収納できるので、携行に便利です。"	""	0	0	""	"200"	""	0	""	""	""	""	""	""	""	0	0	1403318665268	1	volfo	1	248	244			1	2	日本	2		0.165	0		""				"U.L.トレッキングアンブレラ ( 品番 #1128311 )"
"カモワッチアンブレラ ( 品番 #1128313 )"	0	""	1	"日本"	"日本"	1	411.0	""	1	0	0	3.45301e-37	9.87215e-24	7.97105e+18	0	0	1	0	""	"バードウォッチングや野外観察に適した携帯用雨傘です。骨組みを8本にすることでアウトドアでの使用に耐える高い強度を発揮します。"	""	0	0	""	"200"	""	0	""	""	""	""	""	""	""	0	0	1403318665268	1	volfo	1	248	244			1	2	日本	2		0.25	0		""				"カモワッチアンブレラ ( 品番 #1128313 )"
