﻿﻿version 1.00
title	cid	seller_cids	stuff_status	location_state	location_city	item_type	price	auction_increment	num	valid_thru	freight_payer	post_fee	ems_fee	express_fee	has_invoice	has_warranty	approve_status	has_showcase	list_time	description	cateProps	postage_id	has_discount	modified	upload_fail_msg	picture_status	auction_point	picture	video	skuProps	inputPids	inputValues	outer_id	propAlias	auto_fill	num_id	local_cid	navigation_type	user_name	syncStatus	is_lighting_consigment	is_xinpin	foodparame	features	buyareatype	global_stock_type	global_stock_country	sub_stock_type	item_size	item_weight	sell_promise	custom_design_flag	wireless_desc	barcode	sku_barcode	newprepay	subtitle
ｱｦｱｴﾃ﨤ﾆ	ｱｦｱｴﾀ狷ｿ	ｵﾌﾀ狷ｿ	ﾐﾂｾﾉｳﾌｶﾈ	ﾊ｡	ｳﾇﾊﾐ	ｳﾛｷｽﾊｽ	ｱｦｱｴｼﾛｸ	ｼﾓｼﾛｷﾈ	ｱｦｱｴﾊﾁｿ	ﾓﾐﾐｧﾆﾚ	ﾔﾋｷﾑｳﾐｵ｣	ﾆｽﾓﾊ	EMS	ｿﾝ	ｷ｢ﾆｱ	ｱ｣ﾐﾞ	ｷﾅﾈﾖｿ	ｳｰﾍﾆｼ	ｿｪﾊｼﾊｱｼ	ｱｦｱｴﾃ靆	ｱｦｱｴﾊﾔ	ﾓﾊｷﾑﾄ｣ｰ覈D	ｻ瞞ｱｴﾛ	ﾐﾞｸﾄﾊｱｼ	ﾉﾏｴｫﾗｴﾌｬ	ﾍｼﾆｬﾗｴﾌｬ	ｷｵｵ羈ﾈﾀ	ﾐﾂﾍｼﾆｬ	ﾊﾓﾆｵ	ﾏ摠ﾛﾊﾔﾗ鮗ﾏ	ﾓﾃｻｧﾊ菠Dｴｮ	ﾓﾃｻｧﾊ菠ﾖｵｶﾔ	ﾉﾌｼﾒｱ狡	ﾏ摠ﾛﾊﾔｱ	ｴ嵭菎獎ﾍ	ﾊﾗﾖID	ｱｾｵﾘID	ｱｦｱｴｷﾖﾀ	ﾓﾃｻｧﾃ﨤ﾆ	ｱｦｱｴﾗｴﾌｬ	ﾉﾁｵ邱｢ｻ	ﾐﾂﾆｷ	ﾊｳﾆｷﾗｨﾏ	ｳﾟﾂ	ｲﾉｹｺｵﾘ	ｿ箒貘獎ﾍ	ｹ恝ﾒｵﾘﾇ	ｿ箒貍ﾆﾊ	ﾎ蟒	ﾎﾘﾁｿ	ﾍﾋｻｻｻﾐﾅｵ	ｶｨﾖﾆｹ､ｾﾟ	ﾎﾞﾏﾟﾏ	ﾉﾌﾆｷﾌﾎﾂ	sku ﾌﾎﾂ	7ﾌﾋｻ	ｱｦｱｴﾂ
"キャニオン サンダル ( 品番 #1129335 )"	0	""	1	"日本"	"日本"	1	341.0	""	1	0	0	3.45301e-37	9.87215e-24	7.97105e+18	0	0	1	0	""	"水辺でのキャンプや磯遊びなど、さまざまな場面で快適に着用できる履き込みタイプのサンダルです。アウトソールには水場でも優れたグリップ力を発揮する耐久性の高いラバーソールを採用しています。"	""	0	0	""	"200"	""	0	""	""	""	""	""	""	""	0	0	1403318665268	1	volfo	1	248	244			1	2	日本	2		0.298	0		""				"キャニオン サンダル ( 品番 #1129335 )"
"ロックオン サンダル ( 品番 #1129336 )"	0	""	1	"日本"	"日本"	1	234.0	""	1	0	0	3.45301e-37	9.87215e-24	7.97105e+18	0	0	1	0	""	"歩いてもかかとが浮き上がりにくい「スリップオン サンダル」の機能性はそのままに、かかとを固定するバックストラップを設けることで、運動性を高めたモデルです。クッション性が高く柔らかな履き心地です。"	""	0	0	""	"200"	""	0	""	""	""	""	""	""	""	0	0	1403318665268	1	volfo	1	248	244			1	2	日本	2		0.193	0		""				"ロックオン サンダル ( 品番 #1129336 )"
"ソックオンサンダル コンフォート ( 品番 #1129340 )"	0	""	1	"日本"	"日本"	1	310.0	""	1	0	0	3.45301e-37	9.87215e-24	7.97105e+18	0	0	1	0	""	"歩いてもかかとが浮き上がりにくい「スリップオン サンダル」の機能性はそのままに、靴下を着用したままでも履くことができるよう、S字形状の鼻緒を採用したモデルです。グリップ力・耐久性に優れるアウトソールを採用。"	""	0	0	""	"200"	""	0	""	""	""	""	""	""	""	0	0	1403318665268	1	volfo	1	248	244			1	2	日本	2		0.183	0		""				"ソックオンサンダル コンフォート ( 品番 #1129340 )"
"ロックオンサンダル コンフォート ( 品番 #1129342 )"	0	""	1	"日本"	"日本"	1	341.0	""	1	0	0	3.45301e-37	9.87215e-24	7.97105e+18	0	0	1	0	""	"歩いてもかかとが浮き上がりにくい「スリップオン サンダル」の機能性はそのままに、かかとを固定するバックストラップを設けることで、運動性を高めたモデルです。クッション性が高く柔らかな履き心地です。グリップ力・耐久性に優れるアウトソールを採用しています。"	""	0	0	""	"200"	""	0	""	""	""	""	""	""	""	0	0	1403318665268	1	volfo	1	248	244			1	2	日本	2		0.2	0		""				"ロックオンサンダル コンフォート ( 品番 #1129342 )"
"スリップオンサンダル コンフォート ( 品番 #1129197 )"	0	""	1	"日本"	"日本"	1	288.0	""	1	0	0	3.45301e-37	9.87215e-24	7.97105e+18	0	0	1	0	""	"独自構造の鼻緒が足の甲をしっかりとホールドするため、歩行時にもかかとが浮き上がりにくく、大変歩きやすいサンダルです。グリップ力・耐久性に優れるアウトソールを採用。"	""	0	0	""	"200"	""	0	""	""	""	""	""	""	""	0	0	1403318665268	1	volfo	1	248	244			1	2	日本	2		0.16	0		""				"スリップオンサンダル コンフォート ( 品番 #1129197 )"
"ソックオンサンダル ( 品番 #1129295 )"	0	""	1	"日本"	"日本"	1	171.0	""	1	0	0	3.45301e-37	9.87215e-24	7.97105e+18	0	0	1	0	""	"靴下を着用したままでも履くことができるサンダルです。S字の形状をした独自の鼻緒デザインにより、開放的な履き心地と優れたホールド感を実現しています。"	""	0	0	""	"200"	""	0	""	""	""	""	""	""	""	0	0	1403318665268	1	volfo	1	248	244			1	2	日本	2		0.175	0		""				"ソックオンサンダル ( 品番 #1129295 )"
"スリップオンサンダル ( 品番 #1129296 )"	0	""	1	"日本"	"日本"	1	171.0	""	1	0	0	3.45301e-37	9.87215e-24	7.97105e+18	0	0	1	0	""	"輪になった鼻緒が足の甲をしっかりとホールド。歩行時にも足裏にしっかり沿って、かかとが浮き上がりにくいサンダルです。"	""	0	0	""	"200"	""	0	""	""	""	""	""	""	""	0	0	1403318665268	1	volfo	1	248	244			1	2	日本	2		0.145	0		""				"スリップオンサンダル ( 品番 #1129296 )"
"スリップオンサンダル Kid's ( 品番 #1129283 )"	0	""	1	"日本"	"日本"	1	144.0	""	1	0	0	3.45301e-37	9.87215e-24	7.97105e+18	0	0	1	0	""	"足の甲を柔らかくサポートする鼻緒が、かかとの浮き上がりを防ぐ独自の構造で、大変歩きやすいサンダルです。"	""	0	0	""	"200"	""	0	""	""	""	""	""	""	""	0	0	1403318665268	1	volfo	1	248	244			1	2	日本	2		0.095	0		""				"スリップオンサンダル Kid's ( 品番 #1129283 )"
