﻿﻿version 1.00
title	cid	seller_cids	stuff_status	location_state	location_city	item_type	price	auction_increment	num	valid_thru	freight_payer	post_fee	ems_fee	express_fee	has_invoice	has_warranty	approve_status	has_showcase	list_time	description	cateProps	postage_id	has_discount	modified	upload_fail_msg	picture_status	auction_point	picture	video	skuProps	inputPids	inputValues	outer_id	propAlias	auto_fill	num_id	local_cid	navigation_type	user_name	syncStatus	is_lighting_consigment	is_xinpin	foodparame	features	buyareatype	global_stock_type	global_stock_country	sub_stock_type	item_size	item_weight	sell_promise	custom_design_flag	wireless_desc	barcode	sku_barcode	newprepay	subtitle
ｱｦｱｴﾃ﨤ﾆ	ｱｦｱｴﾀ狷ｿ	ｵﾌﾀ狷ｿ	ﾐﾂｾﾉｳﾌｶﾈ	ﾊ｡	ｳﾇﾊﾐ	ｳﾛｷｽﾊｽ	ｱｦｱｴｼﾛｸ	ｼﾓｼﾛｷﾈ	ｱｦｱｴﾊﾁｿ	ﾓﾐﾐｧﾆﾚ	ﾔﾋｷﾑｳﾐｵ｣	ﾆｽﾓﾊ	EMS	ｿﾝ	ｷ｢ﾆｱ	ｱ｣ﾐﾞ	ｷﾅﾈﾖｿ	ｳｰﾍﾆｼ	ｿｪﾊｼﾊｱｼ	ｱｦｱｴﾃ靆	ｱｦｱｴﾊﾔ	ﾓﾊｷﾑﾄ｣ｰ覈D	ｻ瞞ｱｴﾛ	ﾐﾞｸﾄﾊｱｼ	ﾉﾏｴｫﾗｴﾌｬ	ﾍｼﾆｬﾗｴﾌｬ	ｷｵｵ羈ﾈﾀ	ﾐﾂﾍｼﾆｬ	ﾊﾓﾆｵ	ﾏ摠ﾛﾊﾔﾗ鮗ﾏ	ﾓﾃｻｧﾊ菠Dｴｮ	ﾓﾃｻｧﾊ菠ﾖｵｶﾔ	ﾉﾌｼﾒｱ狡	ﾏ摠ﾛﾊﾔｱ	ｴ嵭菎獎ﾍ	ﾊﾗﾖID	ｱｾｵﾘID	ｱｦｱｴｷﾖﾀ	ﾓﾃｻｧﾃ﨤ﾆ	ｱｦｱｴﾗｴﾌｬ	ﾉﾁｵ邱｢ｻ	ﾐﾂﾆｷ	ﾊｳﾆｷﾗｨﾏ	ｳﾟﾂ	ｲﾉｹｺｵﾘ	ｿ箒貘獎ﾍ	ｹ恝ﾒｵﾘﾇ	ｿ箒貍ﾆﾊ	ﾎ蟒	ﾎﾘﾁｿ	ﾍﾋｻｻｻﾐﾅｵ	ｶｨﾖﾆｹ､ｾﾟ	ﾎﾞﾏﾟﾏ	ﾉﾌﾆｷﾌﾎﾂ	sku ﾌﾎﾂ	7ﾌﾋｻ	ｱｦｱｴﾂ
"X-TREK マイティドーム 1型 ( 品番 #1122388 )"	0	""	1	"日本"	"日本"	1	4682.0	""	1	0	0	3.45301e-37	9.87215e-24	7.97105e+18	0	0	1	0	""	"世界最高レベルの軽量・コンパクト性を実現したシングルウォール構造のテントです。山岳用としてだけでなく、自転車などのツーリング用にも適しています。"	""	0	0	""	"200"	""	0	""	""	""	""	""	""	""	0	0	1403318665268	1	volfo	1	248	244			1	2	日本	2		1.2	0		""				"X-TREK マイティドーム 1型 ( 品番 #1122388 )"
"X-TREK マイティドーム 2型 ( 品番 #1122389 )"	0	""	1	"日本"	"日本"	1	5340.0	""	1	0	0	3.45301e-37	9.87215e-24	7.97105e+18	0	0	1	0	""	"世界最高レベルの軽量・コンパクト性を実現したシングルウォール構造のテントです。山岳用としてだけでなく、自転車などのツーリング用にも適しています。"	""	0	0	""	"200"	""	0	""	""	""	""	""	""	""	0	0	1403318665268	1	volfo	1	248	244			1	2	日本	2		1.35	0		""				"X-TREK マイティドーム 2型 ( 品番 #1122389 )"
"マイティドーム 1型 オプショナルキャノピー ( 品番 #1122390 )"	0	""	1	"日本"	"日本"	1	880.0	""	1	0	0	3.45301e-37	9.87215e-24	7.97105e+18	0	0	1	0	""	"「X-TREK マイティドーム」に前室スペースを作るレインフライです。靴を乾かしたり、荷物を置くのに便利なスペースを作ることができます。"	""	0	0	""	"200"	""	0	""	""	""	""	""	""	""	0	0	1403318665268	1	volfo	1	248	244			1	2	日本	2		0.35	0		""				"マイティドーム 1型 オプショナルキャノピー ( 品番 #1122390 )"
"マイティドーム 2型 オプショナルキャノピー ( 品番 #1122391 )"	0	""	1	"日本"	"日本"	1	1026.0	""	1	0	0	3.45301e-37	9.87215e-24	7.97105e+18	0	0	1	0	""	"「X-TREK マイティドーム」に前室スペースを作るレインフライです。靴を乾かしたり、荷物を置くのに便利なスペースを作ることができます。"	""	0	0	""	"200"	""	0	""	""	""	""	""	""	""	0	0	1403318665268	1	volfo	1	248	244			1	2	日本	2		0.42	0		""				"マイティドーム 2型 オプショナルキャノピー ( 品番 #1122391 )"
