﻿﻿version 1.00
title	cid	seller_cids	stuff_status	location_state	location_city	item_type	price	auction_increment	num	valid_thru	freight_payer	post_fee	ems_fee	express_fee	has_invoice	has_warranty	approve_status	has_showcase	list_time	description	cateProps	postage_id	has_discount	modified	upload_fail_msg	picture_status	auction_point	picture	video	skuProps	inputPids	inputValues	outer_id	propAlias	auto_fill	num_id	local_cid	navigation_type	user_name	syncStatus	is_lighting_consigment	is_xinpin	foodparame	features	buyareatype	global_stock_type	global_stock_country	sub_stock_type	item_size	item_weight	sell_promise	custom_design_flag	wireless_desc	barcode	sku_barcode	newprepay	subtitle
ｱｦｱｴﾃ﨤ﾆ	ｱｦｱｴﾀ狷ｿ	ｵﾌﾀ狷ｿ	ﾐﾂｾﾉｳﾌｶﾈ	ﾊ｡	ｳﾇﾊﾐ	ｳﾛｷｽﾊｽ	ｱｦｱｴｼﾛｸ	ｼﾓｼﾛｷﾈ	ｱｦｱｴﾊﾁｿ	ﾓﾐﾐｧﾆﾚ	ﾔﾋｷﾑｳﾐｵ｣	ﾆｽﾓﾊ	EMS	ｿﾝ	ｷ｢ﾆｱ	ｱ｣ﾐﾞ	ｷﾅﾈﾖｿ	ｳｰﾍﾆｼ	ｿｪﾊｼﾊｱｼ	ｱｦｱｴﾃ靆	ｱｦｱｴﾊﾔ	ﾓﾊｷﾑﾄ｣ｰ覈D	ｻ瞞ｱｴﾛ	ﾐﾞｸﾄﾊｱｼ	ﾉﾏｴｫﾗｴﾌｬ	ﾍｼﾆｬﾗｴﾌｬ	ｷｵｵ羈ﾈﾀ	ﾐﾂﾍｼﾆｬ	ﾊﾓﾆｵ	ﾏ摠ﾛﾊﾔﾗ鮗ﾏ	ﾓﾃｻｧﾊ菠Dｴｮ	ﾓﾃｻｧﾊ菠ﾖｵｶﾔ	ﾉﾌｼﾒｱ狡	ﾏ摠ﾛﾊﾔｱ	ｴ嵭菎獎ﾍ	ﾊﾗﾖID	ｱｾｵﾘID	ｱｦｱｴｷﾖﾀ	ﾓﾃｻｧﾃ﨤ﾆ	ｱｦｱｴﾗｴﾌｬ	ﾉﾁｵ邱｢ｻ	ﾐﾂﾆｷ	ﾊｳﾆｷﾗｨﾏ	ｳﾟﾂ	ｲﾉｹｺｵﾘ	ｿ箒貘獎ﾍ	ｹ恝ﾒｵﾘﾇ	ｿ箒貍ﾆﾊ	ﾎ蟒	ﾎﾘﾁｿ	ﾍﾋｻｻｻﾐﾅｵ	ｶｨﾖﾆｹ､ｾﾟ	ﾎﾞﾏﾟﾏ	ﾉﾌﾆｷﾌﾎﾂ	sku ﾌﾎﾂ	7ﾌﾋｻ	ｱｦｱｴﾂ
"ダウンハガー900 #1 ( 品番 #1121250 )"	0	""	1	"日本"	"日本"	1	6190.0	""	1	0	0	3.45301e-37	9.87215e-24	7.97105e+18	0	0	1	0	""	"究極の保温性と軽量性を併せ持ち、快適性も極めたフラッグシップモデルです。国内2,000m級のほとんどの冬山で幅広く使用できるモデルです。 【コンフォート温度】-6度【リミット温度】-13度"	""	0	0	""	"200"	""	0	""	""	""	""	""	""	""	0	0	1403318665268	1	volfo	1	248	244			1	2	日本	2		0.875	0		""				"ダウンハガー900 #1 ( 品番 #1121250 )"
"ダウンハガー900 #2 ( 品番 #1121251 )"	0	""	1	"日本"	"日本"	1	5024.0	""	1	0	0	3.45301e-37	9.87215e-24	7.97105e+18	0	0	1	0	""	"究極の保温性と軽量性を併せ持ち、快適性も極めたフラッグシップモデルです。冬季登はんや縦走など、積雪期の登山で幅広く使用できる汎用性の高いモデルです。 【コンフォート温度】-2度【リミット温度】-8度"	""	0	0	""	"200"	""	0	""	""	""	""	""	""	""	0	0	1403318665268	1	volfo	1	248	244			1	2	日本	2		0.694	0		""				"ダウンハガー900 #2 ( 品番 #1121251 )"
"ダウンハガー900 #3 ( 品番 #1121252 )"	0	""	1	"日本"	"日本"	1	3723.0	""	1	0	0	3.45301e-37	9.87215e-24	7.97105e+18	0	0	1	0	""	"究極の保温性と軽量性を併せ持ち、快適性も極めたフラッグシップモデルです。夏の高山から冬の低山キャンプまで一年を通して使えるトータルバランスに優れたモデルです。 【コンフォート温度】3度【リミット温度】-2度"	""	0	0	""	"200"	""	0	""	""	""	""	""	""	""	0	0	1403318665268	1	volfo	1	248	244			1	2	日本	2		0.54	0		""				"ダウンハガー900 #3 ( 品番 #1121252 )"
"ダウンハガー900 #5 ( 品番 #1121253 )"	0	""	1	"日本"	"日本"	1	3185.0	""	1	0	0	3.45301e-37	9.87215e-24	7.97105e+18	0	0	1	0	""	"究極の保温性と軽量性を併せ持ち、快適性も極めたフラッグシップモデルです。夏の縦走や秋冬のキャンプなどにも適したモデルです。 【コンフォート温度】10度【リミット温度】5度"	""	0	0	""	"200"	""	0	""	""	""	""	""	""	""	0	0	1403318665268	1	volfo	1	248	244			1	2	日本	2		0.387	0		""				"ダウンハガー900 #5 ( 品番 #1121253 )"
"ダウンハガー650 #0 ( 品番 #1121254 )"	0	""	1	"日本"	"日本"	1	3275.0	""	1	0	0	3.45301e-37	9.87215e-24	7.97105e+18	0	0	1	0	""	"抜群の快適性を実現し、コストパフォーマンスに優れたモデルです。国内の3,000m級の冬山で使用できる保温性の高いモデルです。 【コンフォート温度】-7度【リミット温度】-14度"	""	0	0	""	"200"	""	0	""	""	""	""	""	""	""	0	0	1403318665268	1	volfo	1	248	244			1	2	日本	2		1.525	0		""				"ダウンハガー650 #0 ( 品番 #1121254 )"
"ダウンハガー650 #1 ( 品番 #1121255 )"	0	""	1	"日本"	"日本"	1	2647.0	""	1	0	0	3.45301e-37	9.87215e-24	7.97105e+18	0	0	1	0	""	"抜群の快適性を実現し、コストパフォーマンスに優れたモデルです。国内2,000m級のほとんどの冬山で幅広く使用できるモデルです。 【コンフォート温度】-4度【リミット温度】-10度"	""	0	0	""	"200"	""	0	""	""	""	""	""	""	""	0	0	1403318665268	1	volfo	1	248	244			1	2	日本	2		1.273	0		""				"ダウンハガー650 #1 ( 品番 #1121255 )"
"ダウンハガー650 #2 ( 品番 #1121256 )"	0	""	1	"日本"	"日本"	1	2198.0	""	1	0	0	3.45301e-37	9.87215e-24	7.97105e+18	0	0	1	0	""	"抜群の快適性を実現し、コストパフォーマンスに優れたモデルです。冬季登はんや縦走など、積雪期の登山で幅広く使用できる汎用性の高いモデルです。 【コンフォート温度】2度【リミット温度】-3度"	""	0	0	""	"200"	""	0	""	""	""	""	""	""	""	0	0	1403318665268	1	volfo	1	248	244			1	2	日本	2		1.07	0		""				"ダウンハガー650 #2 ( 品番 #1121256 )"
"ダウンハガー650 #3 ( 品番 #1121257 )"	0	""	1	"日本"	"日本"	1	1929.0	""	1	0	0	3.45301e-37	9.87215e-24	7.97105e+18	0	0	1	0	""	"抜群の快適性を実現し、コストパフォーマンスに優れたモデルです。夏の高山から冬の低山キャンプまで一年を通して使えるトータルバランスに優れたモデルです。 【コンフォート温度】4度【リミット温度】-1度"	""	0	0	""	"200"	""	0	""	""	""	""	""	""	""	0	0	1403318665268	1	volfo	1	248	244			1	2	日本	2		0.858	0		""				"ダウンハガー650 #3 ( 品番 #1121257 )"
"ダウンハガー650 #5 ( 品番 #1121258 )"	0	""	1	"日本"	"日本"	1	1570.0	""	1	0	0	3.45301e-37	9.87215e-24	7.97105e+18	0	0	1	0	""	"抜群の快適性を実現し、コストパフォーマンスに優れたモデルです。夏の縦走や秋冬のキャンプなどにも適したモデルです。 【コンフォート温度】10度【リミット温度】6度"	""	0	0	""	"200"	""	0	""	""	""	""	""	""	""	0	0	1403318665268	1	volfo	1	248	244			1	2	日本	2		0.684	0		""				"ダウンハガー650 #5 ( 品番 #1121258 )"
"ダウンハガー650 #0 ロング ( 品番 #1121259 )"	0	""	1	"日本"	"日本"	1	3454.0	""	1	0	0	3.45301e-37	9.87215e-24	7.97105e+18	0	0	1	0	""	"抜群の快適性を実現し、コストパフォーマンスに優れたモデルです。国内の3,000m級の冬山で使用できる保温性の高いモデルです。 【コンフォート温度】-7度【リミット温度】-14度"	""	0	0	""	"200"	""	0	""	""	""	""	""	""	""	0	0	1403318665268	1	volfo	1	248	244			1	2	日本	2		1.542	0		""				"ダウンハガー650 #0 ロング ( 品番 #1121259 )"
"ダウンハガー650 #1 ロング ( 品番 #1121260 )"	0	""	1	"日本"	"日本"	1	2826.0	""	1	0	0	3.45301e-37	9.87215e-24	7.97105e+18	0	0	1	0	""	"抜群の快適性を実現し、コストパフォーマンスに優れたモデルです。国内2,000m級のほとんどの冬山で幅広く使用できるモデルです。 【コンフォート温度】-4度【リミット温度】-10度"	""	0	0	""	"200"	""	0	""	""	""	""	""	""	""	0	0	1403318665268	1	volfo	1	248	244			1	2	日本	2		1.296	0		""				"ダウンハガー650 #1 ロング ( 品番 #1121260 )"
"ダウンハガー650 #2 ロング ( 品番 #1121261 )"	0	""	1	"日本"	"日本"	1	2378.0	""	1	0	0	3.45301e-37	9.87215e-24	7.97105e+18	0	0	1	0	""	"抜群の快適性を実現し、コストパフォーマンスに優れたモデルです。冬季登はんや縦走など、積雪期の登山で幅広く使用できる汎用性の高いモデルです。 【コンフォート温度】2度【リミット温度】-3度"	""	0	0	""	"200"	""	0	""	""	""	""	""	""	""	0	0	1403318665268	1	volfo	1	248	244			1	2	日本	2		1.15	0		""				"ダウンハガー650 #2 ロング ( 品番 #1121261 )"
"ダウンハガー650 #3 ロング ( 品番 #1121262 )"	0	""	1	"日本"	"日本"	1	2108.0	""	1	0	0	3.45301e-37	9.87215e-24	7.97105e+18	0	0	1	0	""	"抜群の快適性を実現し、コストパフォーマンスに優れたモデルです。夏の高山から冬の低山キャンプまで一年を通して使えるトータルバランスに優れたモデルです。 【コンフォート温度】4度【リミット温度】-1度"	""	0	0	""	"200"	""	0	""	""	""	""	""	""	""	0	0	1403318665268	1	volfo	1	248	244			1	2	日本	2		0.879	0		""				"ダウンハガー650 #3 ロング ( 品番 #1121262 )"
"ダウンハガー650 #5 ロング ( 品番 #1121263 )"	0	""	1	"日本"	"日本"	1	1750.0	""	1	0	0	3.45301e-37	9.87215e-24	7.97105e+18	0	0	1	0	""	"抜群の快適性を実現し、コストパフォーマンスに優れたモデルです。夏の縦走や秋冬のキャンプなどにも適したモデルです。 【コンフォート温度】10度【リミット温度】6度"	""	0	0	""	"200"	""	0	""	""	""	""	""	""	""	0	0	1403318665268	1	volfo	1	248	244			1	2	日本	2		0.704	0		""				"ダウンハガー650 #5 ロング ( 品番 #1121263 )"
"アルパイン ダウンハガー650 #0 ( 品番 #1121264 )"	0	""	1	"日本"	"日本"	1	3005.0	""	1	0	0	3.45301e-37	9.87215e-24	7.97105e+18	0	0	1	0	""	"高い保温性とコストパフォーマンスを実現し、汎用性にも優れたモデルです。国内の3,000m級の冬山で使用できる保温性の高いモデルです。 【コンフォート温度】-7度【リミット温度】-14度"	""	0	0	""	"200"	""	0	""	""	""	""	""	""	""	0	0	1403318665268	1	volfo	1	248	244			1	2	日本	2		1.465	0		""				"アルパイン ダウンハガー650 #0 ( 品番 #1121264 )"
"アルパイン ダウンハガー650 #1 ( 品番 #1121265 )"	0	""	1	"日本"	"日本"	1	2378.0	""	1	0	0	3.45301e-37	9.87215e-24	7.97105e+18	0	0	1	0	""	"高い保温性とコストパフォーマンスを実現し、汎用性にも優れたモデルです。国内2,000m級のほとんどの冬山で幅広く使用できるモデルです。 【コンフォート温度】-4度【リミット温度】-10度"	""	0	0	""	"200"	""	0	""	""	""	""	""	""	""	0	0	1403318665268	1	volfo	1	248	244			1	2	日本	2		1.216	0		""				"アルパイン ダウンハガー650 #1 ( 品番 #1121265 )"
"アルパイン ダウンハガー650 #2 ( 品番 #1121266 )"	0	""	1	"日本"	"日本"	1	2019.0	""	1	0	0	3.45301e-37	9.87215e-24	7.97105e+18	0	0	1	0	""	"高い保温性とコストパフォーマンスを実現し、汎用性にも優れたモデルです。冬季登はんや縦走など、積雪期の登山で幅広く使用できる汎用性の高いモデルです。 【コンフォート温度】2度【リミット温度】-3度"	""	0	0	""	"200"	""	0	""	""	""	""	""	""	""	0	0	1403318665268	1	volfo	1	248	244			1	2	日本	2		1.009	0		""				"アルパイン ダウンハガー650 #2 ( 品番 #1121266 )"
"アルパイン ダウンハガー650 #3 ( 品番 #1121267 )"	0	""	1	"日本"	"日本"	1	1615.0	""	1	0	0	3.45301e-37	9.87215e-24	7.97105e+18	0	0	1	0	""	"高い保温性とコストパフォーマンスを実現し、汎用性にも優れたモデルです。夏の高山から冬の低山キャンプまで一年を通して使えるトータルバランスに優れたモデルです。 【コンフォート温度】5度【リミット温度】0度"	""	0	0	""	"200"	""	0	""	""	""	""	""	""	""	0	0	1403318665268	1	volfo	1	248	244			1	2	日本	2		0.815	0		""				"アルパイン ダウンハガー650 #3 ( 品番 #1121267 )"
"アルパイン ダウンハガー650 #5 ( 品番 #1121268 )"	0	""	1	"日本"	"日本"	1	1346.0	""	1	0	0	3.45301e-37	9.87215e-24	7.97105e+18	0	0	1	0	""	"高い保温性とコストパフォーマンスを実現し、汎用性にも優れたモデルです。夏の縦走や秋冬のキャンプなどにも適したモデルです。 【コンフォート温度】10度【リミット温度】6度"	""	0	0	""	"200"	""	0	""	""	""	""	""	""	""	0	0	1403318665268	1	volfo	1	248	244			1	2	日本	2		0.642	0		""				"アルパイン ダウンハガー650 #5 ( 品番 #1121268 )"
"アルパイン ダウンハガー650 #7 ( 品番 #1121269 )"	0	""	1	"日本"	"日本"	1	1185.0	""	1	0	0	3.45301e-37	9.87215e-24	7.97105e+18	0	0	1	0	""	"高い保温性とコストパフォーマンスを実現し、汎用性にも優れたモデルです。夏の低山をはじめ、自転車やバイクのキャンプツーリングに適したコンパクトなモデルです。 【コンフォート温度】11度【リミット温度】7度"	""	0	0	""	"200"	""	0	""	""	""	""	""	""	""	0	0	1403318665268	1	volfo	1	248	244			1	2	日本	2		0.608	0		""				"アルパイン ダウンハガー650 #7 ( 品番 #1121269 )"
"ダウンハガー 800 EXP ( 品番 #1121203 )"	0	""	1	"日本"	"日本"	1	5741.0	""	1	0	0	3.45301e-37	9.87215e-24	7.97105e+18	0	0	1	0	""	"抜群の快適性と軽量性を備え、コンパクト収納も実現した高品質モデルです。長年の実地経験と技術の粋を投入し、南極など極寒地での使用に耐え得るように作った極寒地向けのモデルです。 【コンフォート温度】-10度【リミット温度】-18度"	""	0	0	""	"200"	""	0	""	""	""	""	""	""	""	0	0	1403318665268	1	volfo	1	248	244			1	2	日本	2		1.61	0		""				"ダウンハガー 800 EXP ( 品番 #1121203 )"
"ダウンハガー 800 EXP ロング ( 品番 #1121234 )"	0	""	1	"日本"	"日本"	1	5921.0	""	1	0	0	3.45301e-37	9.87215e-24	7.97105e+18	0	0	1	0	""	"抜群の快適性と軽量性を備え、コンパクト収納も実現した高品質モデルです。長年の実地経験と技術の粋を投入し、南極など極寒地での使用に耐え得るように作った極寒地向けのモデルです。 【コンフォート温度】-10度【リミット温度】-18度"	""	0	0	""	"200"	""	0	""	""	""	""	""	""	""	0	0	1403318665268	1	volfo	1	248	244			1	2	日本	2		1.62	0		""				"ダウンハガー 800 EXP ロング ( 品番 #1121234 )"
"ダウンハガー 800 #0 ( 品番 #1121204 )"	0	""	1	"日本"	"日本"	1	5024.0	""	1	0	0	3.45301e-37	9.87215e-24	7.97105e+18	0	0	1	0	""	"抜群の快適性と軽量性を備え、コンパクト収納も実現した高品質モデルです。国内の3,000m級の冬山で使用できる保温性の高いモデルです。 【コンフォート温度】-7度【リミット温度】-14度"	""	0	0	""	"200"	""	0	""	""	""	""	""	""	""	0	0	1403318665268	1	volfo	1	248	244			1	2	日本	2		1.27	0		""				"ダウンハガー 800 #0 ( 品番 #1121204 )"
"ダウンハガー 800 #0 ロング ( 品番 #1121235 )"	0	""	1	"日本"	"日本"	1	5203.0	""	1	0	0	3.45301e-37	9.87215e-24	7.97105e+18	0	0	1	0	""	"抜群の快適性と軽量性を備え、コンパクト収納も実現した高品質モデルです。国内の3,000m級の冬山で使用できる保温性の高いモデルです。 【コンフォート温度】-7度【リミット温度】-14度"	""	0	0	""	"200"	""	0	""	""	""	""	""	""	""	0	0	1403318665268	1	volfo	1	248	244			1	2	日本	2		1.31	0		""				"ダウンハガー 800 #0 ロング ( 品番 #1121235 )"
"ダウンハガー 800 #1 ( 品番 #1121205 )"	0	""	1	"日本"	"日本"	1	3947.0	""	1	0	0	3.45301e-37	9.87215e-24	7.97105e+18	0	0	1	0	""	"抜群の快適性と軽量性を備え、コンパクト収納も実現した高品質モデルです。国内2,000m級のほとんどの冬山で幅広く使用できるモデルです。 【コンフォート温度】-5度【リミット温度】-12度"	""	0	0	""	"200"	""	0	""	""	""	""	""	""	""	0	0	1403318665268	1	volfo	1	248	244			1	2	日本	2		1.05	0		""				"ダウンハガー 800 #1 ( 品番 #1121205 )"
"ダウンハガー 800 #1 ロング ( 品番 #1121236 )"	0	""	1	"日本"	"日本"	1	4127.0	""	1	0	0	3.45301e-37	9.87215e-24	7.97105e+18	0	0	1	0	""	"抜群の快適性と軽量性を備え、コンパクト収納も実現した高品質モデルです。国内2,000m級のほとんどの冬山で幅広く使用できるモデルです。 【コンフォート温度】-5度【リミット温度】-12度"	""	0	0	""	"200"	""	0	""	""	""	""	""	""	""	0	0	1403318665268	1	volfo	1	248	244			1	2	日本	2		1.06	0		""				"ダウンハガー 800 #1 ロング ( 品番 #1121236 )"
"ダウンハガー 800 #2 ( 品番 #1121227 )"	0	""	1	"日本"	"日本"	1	2871.0	""	1	0	0	3.45301e-37	9.87215e-24	7.97105e+18	0	0	1	0	""	"抜群の快適性と軽量性を備え、コンパクト収納も実現した高品質モデルです。冬季登はんや縦走など、積雪期の登山で幅広く使用できる汎用性の高いモデルです。 【コンフォート温度】0度【リミット温度】-5度"	""	0	0	""	"200"	""	0	""	""	""	""	""	""	""	0	0	1403318665268	1	volfo	1	248	244			1	2	日本	2		0.78	0		""				"ダウンハガー 800 #2 ( 品番 #1121227 )"
"ダウンハガー 800 #2 ロング ( 品番 #1121247 )"	0	""	1	"日本"	"日本"	1	3230.0	""	1	0	0	3.45301e-37	9.87215e-24	7.97105e+18	0	0	1	0	""	"抜群の快適性と軽量性を備え、コンパクト収納も実現した高品質モデルです。冬季登はんや縦走など、積雪期の登山で幅広く使用できる汎用性の高いモデルです。 【コンフォート温度】0度【リミット温度】-5度"	""	0	0	""	"200"	""	0	""	""	""	""	""	""	""	0	0	1403318665268	1	volfo	1	248	244			1	2	日本	2		0.819	0		""				"ダウンハガー 800 #2 ロング ( 品番 #1121247 )"
"ダウンハガー 800 #3 ( 品番 #1121206 )"	0	""	1	"日本"	"日本"	1	2467.0	""	1	0	0	3.45301e-37	9.87215e-24	7.97105e+18	0	0	1	0	""	"抜群の快適性と軽量性を備え、コンパクト収納も実現した高品質モデルです。夏の高山から冬の低山キャンプまで一年を通して使えるトータルバランスに優れたモデルです。 【コンフォート温度】5度【リミット温度】1度"	""	0	0	""	"200"	""	0	""	""	""	""	""	""	""	0	0	1403318665268	1	volfo	1	248	244			1	2	日本	2		0.62	0		""				"ダウンハガー 800 #3 ( 品番 #1121206 )"
"ダウンハガー 800 #3 ロング ( 品番 #1121237 )"	0	""	1	"日本"	"日本"	1	2647.0	""	1	0	0	3.45301e-37	9.87215e-24	7.97105e+18	0	0	1	0	""	"抜群の快適性と軽量性を備え、コンパクト収納も実現した高品質モデルです。夏の高山から冬の低山キャンプまで一年を通して使えるトータルバランスに優れたモデルです。 【コンフォート温度】5度【リミット温度】1度"	""	0	0	""	"200"	""	0	""	""	""	""	""	""	""	0	0	1403318665268	1	volfo	1	248	244			1	2	日本	2		0.63	0		""				"ダウンハガー 800 #3 ロング ( 品番 #1121237 )"
"ダウンハガー 800 #5 ( 品番 #1121207 )"	0	""	1	"日本"	"日本"	1	1777.0	""	1	0	0	3.45301e-37	9.87215e-24	7.97105e+18	0	0	1	0	""	"抜群の快適性と軽量性を備え、コンパクト収納も実現した高品質モデルです。夏の縦走や秋冬のキャンプなどにも適したモデルです。 【コンフォート温度】10度【リミット温度】6度"	""	0	0	""	"200"	""	0	""	""	""	""	""	""	""	0	0	1403318665268	1	volfo	1	248	244			1	2	日本	2		0.46	0		""				"ダウンハガー 800 #5 ( 品番 #1121207 )"
"ダウンハガー 800 #5 ロング ( 品番 #1121238 )"	0	""	1	"日本"	"日本"	1	2064.0	""	1	0	0	3.45301e-37	9.87215e-24	7.97105e+18	0	0	1	0	""	"抜群の快適性と軽量性を備え、コンパクト収納も実現した高品質モデルです。夏の縦走や秋冬のキャンプなどにも適したモデルです。 【コンフォート温度】10度【リミット温度】6度"	""	0	0	""	"200"	""	0	""	""	""	""	""	""	""	0	0	1403318665268	1	volfo	1	248	244			1	2	日本	2		0.49	0		""				"ダウンハガー 800 #5 ロング ( 品番 #1121238 )"
"アルパイン ダウンハガー 800 #0 ( 品番 #1121788 )"	0	""	1	"日本"	"日本"	1	3947.0	""	1	0	0	3.45301e-37	9.87215e-24	7.97105e+18	0	0	1	0	""	"超軽量・コンパクトで高い快適性を実現した、Light & Fastモデルです。国内の3,000m級の冬山で使用できる保温性の高いモデルです。 【コンフォート温度】-7度【リミット温度】-14度"	""	0	0	""	"200"	""	0	""	""	""	""	""	""	""	0	0	1403318665268	1	volfo	1	248	244			1	2	日本	2		1.26	0		""				"アルパイン ダウンハガー 800 #0 ( 品番 #1121788 )"
"U.L.スパイラルダウンハガー#0 ロング ( 品番 #1121789 )"	0	""	1	"日本"	"日本"	1	4016.0	""	1	0	0	3.45301e-37	9.87215e-24	7.97105e+18	0	0	1	0	""	"独自のシステムにより、スリーピングバッグの中で最軽量ながら快適な寝心地を実現。国内3,000m級の冬山で使用できる保温性の高いモデルです。 【快適睡眠温度域】-16度～　【使用可能限界温度】-31度"	""	0	0	""	"200"	""	0	""	""	""	""	""	""	""	0	0	1403318665268	1	volfo	1	248	244			1	2	日本	2		1.3	0		""				"U.L.スパイラルダウンハガー#0 ロング ( 品番 #1121789 )"
"アルパイン ダウンハガー 800 #1 ( 品番 #1121791 )"	0	""	1	"日本"	"日本"	1	3140.0	""	1	0	0	3.45301e-37	9.87215e-24	7.97105e+18	0	0	1	0	""	"超軽量・コンパクトで高い快適性を実現した、Light & Fastモデルです。国内2,000m級のほとんどの冬山で幅広く使用できるモデルです。 【コンフォート温度】-3度【リミット温度】-10度"	""	0	0	""	"200"	""	0	""	""	""	""	""	""	""	0	0	1403318665268	1	volfo	1	248	244			1	2	日本	2		0.98	0		""				"アルパイン ダウンハガー 800 #1 ( 品番 #1121791 )"
"U.L.スパイラルダウンハガー#1 ロング ( 品番 #1121792 )"	0	""	1	"日本"	"日本"	1	3315.0	""	1	0	0	3.45301e-37	9.87215e-24	7.97105e+18	0	0	1	0	""	"独自のシステムにより、スリーピングバッグの中で最軽量ながら快適な寝心地を実現。国内2,000m級のほとんどの冬山で幅広く使用できるモデルです。 【快適睡眠温度域】-9度～ 【使用可能限界温度】-22度 ★米国を代表するアウトドア専門誌「BACKPACKER」による「2009 Editor's Choice Award」（エディターズ・チョイス賞）を受賞しました。"	""	0	0	""	"200"	""	0	""	""	""	""	""	""	""	0	0	1403318665268	1	volfo	1	248	244			1	2	日本	2		1.0	0		""				"U.L.スパイラルダウンハガー#1 ロング ( 品番 #1121792 )"
"アルパイン ダウンハガー 800 #2 ( 品番 #1121229 )"	0	""	1	"日本"	"日本"	1	2602.0	""	1	0	0	3.45301e-37	9.87215e-24	7.97105e+18	0	0	1	0	""	"超軽量・コンパクトで高い快適性を実現した、Light & Fastモデルです。冬季登はんや縦走など、積雪期の登山で幅広く使用できる汎用性の高いモデルです。 【コンフォート温度】1度【リミット温度】-5度"	""	0	0	""	"200"	""	0	""	""	""	""	""	""	""	0	0	1403318665268	1	volfo	1	248	244			1	2	日本	2		0.73	0		""				"アルパイン ダウンハガー 800 #2 ( 品番 #1121229 )"
"アルパイン ダウンハガー 800 #3 ( 品番 #1121797 )"	0	""	1	"日本"	"日本"	1	2198.0	""	1	0	0	3.45301e-37	9.87215e-24	7.97105e+18	0	0	1	0	""	"超軽量・コンパクトで高い快適性を実現した、Light & Fastモデルです。夏の高山から冬の低山キャンプまで一年を通して使えるトータルバランスに優れたモデルです。 【コンフォート温度】6度【リミット温度】1度"	""	0	0	""	"200"	""	0	""	""	""	""	""	""	""	0	0	1403318665268	1	volfo	1	248	244			1	2	日本	2		0.57	0		""				"アルパイン ダウンハガー 800 #3 ( 品番 #1121797 )"
"U.L.スパイラルダウンハガー#3 ロング ( 品番 #1121798 )"	0	""	1	"日本"	"日本"	1	2393.0	""	1	0	0	3.45301e-37	9.87215e-24	7.97105e+18	0	0	1	0	""	"独自のシステムにより、スリーピングバッグの中で最軽量ながら快適な寝心地を実現。一年を通して使えるトータルバランスに優れたモデルです。 【快適睡眠温度域】0度～ 【使用可能限界温度】-10度"	""	0	0	""	"200"	""	0	""	""	""	""	""	""	""	0	0	1403318665268	1	volfo	1	248	244			1	2	日本	2		0.6	0		""				"U.L.スパイラルダウンハガー#3 ロング ( 品番 #1121798 )"
"アルパイン ダウンハガー 800 #5 ( 品番 #1121803 )"	0	""	1	"日本"	"日本"	1	1696.0	""	1	0	0	3.45301e-37	9.87215e-24	7.97105e+18	0	0	1	0	""	"超軽量・コンパクトで高い快適性を実現した、Light & Fastモデルです。夏の縦走や秋冬のキャンプなどにも適したモデルです。 【コンフォート温度】10度【リミット温度】6度"	""	0	0	""	"200"	""	0	""	""	""	""	""	""	""	0	0	1403318665268	1	volfo	1	248	244			1	2	日本	2		0.43	0		""				"アルパイン ダウンハガー 800 #5 ( 品番 #1121803 )"
"アルパイン ダウンハガー 800 #7 ( 品番 #1121226 )"	0	""	1	"日本"	"日本"	1	1606.0	""	1	0	0	3.45301e-37	9.87215e-24	7.97105e+18	0	0	1	0	""	"超軽量・コンパクトで高い快適性を実現した、Light & Fastモデルです。夏の低山をはじめ、自転車やバイクのキャンプツーリングに適したコンパクトなモデルです。 【コンフォート温度】11度【リミット温度】8度"	""	0	0	""	"200"	""	0	""	""	""	""	""	""	""	0	0	1403318665268	1	volfo	1	248	244			1	2	日本	2		0.4	0		""				"アルパイン ダウンハガー 800 #7 ( 品番 #1121226 )"
