﻿﻿version 1.00
title	cid	seller_cids	stuff_status	location_state	location_city	item_type	price	auction_increment	num	valid_thru	freight_payer	post_fee	ems_fee	express_fee	has_invoice	has_warranty	approve_status	has_showcase	list_time	description	cateProps	postage_id	has_discount	modified	upload_fail_msg	picture_status	auction_point	picture	video	skuProps	inputPids	inputValues	outer_id	propAlias	auto_fill	num_id	local_cid	navigation_type	user_name	syncStatus	is_lighting_consigment	is_xinpin	foodparame	features	buyareatype	global_stock_type	global_stock_country	sub_stock_type	item_size	item_weight	sell_promise	custom_design_flag	wireless_desc	barcode	sku_barcode	newprepay	subtitle
ｱｦｱｴﾃ﨤ﾆ	ｱｦｱｴﾀ狷ｿ	ｵﾌﾀ狷ｿ	ﾐﾂｾﾉｳﾌｶﾈ	ﾊ｡	ｳﾇﾊﾐ	ｳﾛｷｽﾊｽ	ｱｦｱｴｼﾛｸ	ｼﾓｼﾛｷﾈ	ｱｦｱｴﾊﾁｿ	ﾓﾐﾐｧﾆﾚ	ﾔﾋｷﾑｳﾐｵ｣	ﾆｽﾓﾊ	EMS	ｿﾝ	ｷ｢ﾆｱ	ｱ｣ﾐﾞ	ｷﾅﾈﾖｿ	ｳｰﾍﾆｼ	ｿｪﾊｼﾊｱｼ	ｱｦｱｴﾃ靆	ｱｦｱｴﾊﾔ	ﾓﾊｷﾑﾄ｣ｰ覈D	ｻ瞞ｱｴﾛ	ﾐﾞｸﾄﾊｱｼ	ﾉﾏｴｫﾗｴﾌｬ	ﾍｼﾆｬﾗｴﾌｬ	ｷｵｵ羈ﾈﾀ	ﾐﾂﾍｼﾆｬ	ﾊﾓﾆｵ	ﾏ摠ﾛﾊﾔﾗ鮗ﾏ	ﾓﾃｻｧﾊ菠Dｴｮ	ﾓﾃｻｧﾊ菠ﾖｵｶﾔ	ﾉﾌｼﾒｱ狡	ﾏ摠ﾛﾊﾔｱ	ｴ嵭菎獎ﾍ	ﾊﾗﾖID	ｱｾｵﾘID	ｱｦｱｴｷﾖﾀ	ﾓﾃｻｧﾃ﨤ﾆ	ｱｦｱｴﾗｴﾌｬ	ﾉﾁｵ邱｢ｻ	ﾐﾂﾆｷ	ﾊｳﾆｷﾗｨﾏ	ｳﾟﾂ	ｲﾉｹｺｵﾘ	ｿ箒貘獎ﾍ	ｹ恝ﾒｵﾘﾇ	ｿ箒貍ﾆﾊ	ﾎ蟒	ﾎﾘﾁｿ	ﾍﾋｻｻｻﾐﾅｵ	ｶｨﾖﾆｹ､ｾﾟ	ﾎﾞﾏﾟﾏ	ﾉﾌﾆｷﾌﾎﾂ	sku ﾌﾎﾂ	7ﾌﾋｻ	ｱｦｱｴﾂ
"ソークアップタオル ( 品番 #1124552 )"	0	""	1	"日本"	"日本"	1	126.0	""	1	0	0	3.45301e-37	9.87215e-24	7.97105e+18	0	0	1	0	""	"濡れた箇所を軽く押さえるだけでたちまち水分を吸い取る、高吸水性スポンジ・タオルです。肌触りもよく、絞れば初期の吸水性まで回復するため、コンパクトなサイズながら全身を拭くことが可能。"	""	0	0	""	"200"	""	0	""	""	""	""	""	""	""	0	0	1403318665268	1	volfo	1	248	244			1	2	日本	2		0.0	0		""				"ソークアップタオル ( 品番 #1124552 )"
"日本手ぬぐい 遠望 ( 品番 #2124125 )"	0	""	1	"日本"	"日本"	1	99.0	""	1	0	0	3.45301e-37	9.87215e-24	7.97105e+18	0	0	1	0	""	"伝統的な染色技法（注染）を採用した手ぬぐいです。裏・表に濃淡がなく、洗うほどに柔らかい風合いが増します。"	""	0	0	""	"200"	""	0	""	""	""	""	""	""	""	0	0	1403318665268	1	volfo	1	248	244			1	2	日本	2		0.0	0		""				"日本手ぬぐい 遠望 ( 品番 #2124125 )"
"日本手ぬぐい ピッケル ( 品番 #2124126 )"	0	""	1	"日本"	"日本"	1	86.0	""	1	0	0	3.45301e-37	9.87215e-24	7.97105e+18	0	0	1	0	""	"伝統的な染色技法（注染）を採用した手ぬぐいです。裏・表に濃淡がなく、洗うほどに柔らかい風合いが増します。"	""	0	0	""	"200"	""	0	""	""	""	""	""	""	""	0	0	1403318665268	1	volfo	1	248	244			1	2	日本	2		0.0	0		""				"日本手ぬぐい ピッケル ( 品番 #2124126 )"
"バンダナ インディアン ( 品番 #2124127 )"	0	""	1	"日本"	"日本"	1	81.0	""	1	0	0	3.45301e-37	9.87215e-24	7.97105e+18	0	0	1	0	""	"肌触りがよく、吸水性に優れたコットン生地で作られたバンダナです。スカーフやマスクや包帯など、さまざまな使い方ができます。"	""	0	0	""	"200"	""	0	""	""	""	""	""	""	""	0	0	1403318665268	1	volfo	1	248	244			1	2	日本	2		0.0	0		""				"バンダナ インディアン ( 品番 #2124127 )"
"バンダナ アルパインプランツ ( 品番 #2124128 )"	0	""	1	"日本"	"日本"	1	81.0	""	1	0	0	3.45301e-37	9.87215e-24	7.97105e+18	0	0	1	0	""	"肌触りがよく、吸水性に優れたコットン生地で作られたバンダナです。スカーフやマスクや包帯など、さまざまな使い方ができます。"	""	0	0	""	"200"	""	0	""	""	""	""	""	""	""	0	0	1403318665268	1	volfo	1	248	244			1	2	日本	2		0.0	0		""				"バンダナ アルパインプランツ ( 品番 #2124128 )"
"ビッグバンダナ インディアン ( 品番 #2124129 )"	0	""	1	"日本"	"日本"	1	144.0	""	1	0	0	3.45301e-37	9.87215e-24	7.97105e+18	0	0	1	0	""	"テーブルクロスや包帯など、アウトドアにおけるさまざまな場面で多用途に活躍するビッグサイズのバンダナです。2種類のオリジナル・プリント柄からお選びください。"	""	0	0	""	"200"	""	0	""	""	""	""	""	""	""	0	0	1403318665268	1	volfo	1	248	244			1	2	日本	2		0.0	0		""				"ビッグバンダナ インディアン ( 品番 #2124129 )"
"日本手ぬぐい ダブル フィッシャーマンズノット ( 品番 #2124130 )"	0	""	1	"日本"	"日本"	1	86.0	""	1	0	0	3.45301e-37	9.87215e-24	7.97105e+18	0	0	1	0	""	"伝統的な染色技法（注染）を採用した手ぬぐいです。裏・表に濃淡がなく、洗うほどに柔らかい風合いが増します。"	""	0	0	""	"200"	""	0	""	""	""	""	""	""	""	0	0	1403318665268	1	volfo	1	248	244			1	2	日本	2		0.0	0		""				"日本手ぬぐい ダブル フィッシャーマンズノット ( 品番 #2124130 )"
"コットンタオルマフラー ( 品番 #2108135 )"	0	""	1	"日本"	"日本"	1	129.0	""	1	0	0	3.45301e-37	9.87215e-24	7.97105e+18	0	0	1	0	""	"吸汗性に優れたコットン地を使用した夏仕様のマフラーです。"	""	0	0	""	"200"	""	0	""	""	""	""	""	""	""	0	0	1403318665268	1	volfo	1	248	244			1	2	日本	2		0.0	0		""				"コットンタオルマフラー ( 品番 #2108135 )"
"クレープ タオルマフラー ( 品番 #2108147 )"	0	""	1	"日本"	"日本"	1	197.0	""	1	0	0	3.45301e-37	9.87215e-24	7.97105e+18	0	0	1	0	""	"コットンに捲縮加工を施すことで、うねりのあるナチュラルな質感に仕上げた夏用マフラーです。優れた吸汗性も備えるため、マフラーとしてだけでなくタオルとしても活躍します。"	""	0	0	""	"200"	""	0	""	""	""	""	""	""	""	0	0	1403318665268	1	volfo	1	248	244			1	2	日本	2		0.038	0		""				"クレープ タオルマフラー ( 品番 #2108147 )"
"手ぬぐいタオル カヤック ( 品番 #2124122 )"	0	""	1	"日本"	"日本"	1	116.0	""	1	0	0	3.45301e-37	9.87215e-24	7.97105e+18	0	0	1	0	""	"オリジナルプリントを施した手ぬぐい（表面）と、吸汗性に優れる柔らかなパイル地のタオル（裏面）という、2つの表情と機能を持つユニークなアイテムです。"	""	0	0	""	"200"	""	0	""	""	""	""	""	""	""	0	0	1403318665268	1	volfo	1	248	244			1	2	日本	2		0.0	0		""				"手ぬぐいタオル カヤック ( 品番 #2124122 )"
"手ぬぐいタオル オーバーラント ( 品番 #2124123 )"	0	""	1	"日本"	"日本"	1	116.0	""	1	0	0	3.45301e-37	9.87215e-24	7.97105e+18	0	0	1	0	""	"オリジナルプリントを施した手ぬぐい（表面）と、吸汗性に優れる柔らかなパイル地のタオル（裏面）という、2つの表情と機能を持つユニークなアイテムです。"	""	0	0	""	"200"	""	0	""	""	""	""	""	""	""	0	0	1403318665268	1	volfo	1	248	244			1	2	日本	2		0.0	0		""				"手ぬぐいタオル オーバーラント ( 品番 #2124123 )"
"手ぬぐいタオル サイクル ( 品番 #2124124 )"	0	""	1	"日本"	"日本"	1	116.0	""	1	0	0	3.45301e-37	9.87215e-24	7.97105e+18	0	0	1	0	""	"オリジナルプリントを施した手ぬぐい（表面）と、吸汗性に優れる柔らかなパイル地のタオル（裏面）という、2つの表情と機能を持つユニークなアイテムです。"	""	0	0	""	"200"	""	0	""	""	""	""	""	""	""	0	0	1403318665268	1	volfo	1	248	244			1	2	日本	2		0.0	0		""				"手ぬぐいタオル サイクル ( 品番 #2124124 )"
"マイクロタオル ハンド ( 品番 #1124394 )"	0	""	1	"日本"	"日本"	1	50.0	""	1	0	0	3.45301e-37	9.87215e-24	7.97105e+18	0	0	1	0	""	"驚異の速乾性を持ち、濡れてもすぐに乾くマイクロファイバー生地を採用した、超軽量・コンパクトなタオルです。"	""	0	0	""	"200"	""	0	""	""	""	""	""	""	""	0	0	1403318665268	1	volfo	1	248	244			1	2	日本	2		0.01	0		""				"マイクロタオル ハンド ( 品番 #1124394 )"
"マイクロタオル フェイス ( 品番 #1124395 )"	0	""	1	"日本"	"日本"	1	112.0	""	1	0	0	3.45301e-37	9.87215e-24	7.97105e+18	0	0	1	0	""	"驚異の速乾性を持ち、濡れてもすぐに乾くマイクロファイバー生地を採用した、超軽量・コンパクトなタオルです。"	""	0	0	""	"200"	""	0	""	""	""	""	""	""	""	0	0	1403318665268	1	volfo	1	248	244			1	2	日本	2		0.03	0		""				"マイクロタオル フェイス ( 品番 #1124395 )"
"マイクロタオル スポーツ ( 品番 #1124396 )"	0	""	1	"日本"	"日本"	1	154.0	""	1	0	0	3.45301e-37	9.87215e-24	7.97105e+18	0	0	1	0	""	"驚異の速乾性を持ち、濡れてもすぐに乾くマイクロファイバー生地を採用した、超軽量・コンパクトなタオルです。"	""	0	0	""	"200"	""	0	""	""	""	""	""	""	""	0	0	1403318665268	1	volfo	1	248	244			1	2	日本	2		0.06	0		""				"マイクロタオル スポーツ ( 品番 #1124396 )"
"クイックドライ ハンドタオル ( 品番 #1124281 )"	0	""	1	"日本"	"日本"	1	86.0	""	1	0	0	3.45301e-37	9.87215e-24	7.97105e+18	0	0	1	0	""	"滑らかな肌ざわりで吸水性が高く、速乾性にも優れたタオルです。洗濯機で繰り返し洗っても生地の風合いが損なわれることはありません。"	""	0	0	""	"200"	""	0	""	""	""	""	""	""	""	0	0	1403318665268	1	volfo	1	248	244			1	2	日本	2		0.02	0		""				"クイックドライ ハンドタオル ( 品番 #1124281 )"
"クイックドライ マフラータオル ( 品番 #1124282 )"	0	""	1	"日本"	"日本"	1	137.0	""	1	0	0	3.45301e-37	9.87215e-24	7.97105e+18	0	0	1	0	""	"滑らかな肌ざわりで吸水性が高く、速乾性にも優れたタオルです。洗濯機で繰り返し洗っても生地の風合いが損なわれることはありません。"	""	0	0	""	"200"	""	0	""	""	""	""	""	""	""	0	0	1403318665268	1	volfo	1	248	244			1	2	日本	2		0.07	0		""				"クイックドライ マフラータオル ( 品番 #1124282 )"
"クイックドライ フェイスタオル ( 品番 #1124283 )"	0	""	1	"日本"	"日本"	1	154.0	""	1	0	0	3.45301e-37	9.87215e-24	7.97105e+18	0	0	1	0	""	"滑らかな肌ざわりで吸水性が高く、速乾性にも優れたタオルです。洗濯機で繰り返し洗っても生地の風合いが損なわれることはありません。"	""	0	0	""	"200"	""	0	""	""	""	""	""	""	""	0	0	1403318665268	1	volfo	1	248	244			1	2	日本	2		0.08	0		""				"クイックドライ フェイスタオル ( 品番 #1124283 )"
"クイックドライ スポーツタオル ( 品番 #1124284 )"	0	""	1	"日本"	"日本"	1	231.0	""	1	0	0	3.45301e-37	9.87215e-24	7.97105e+18	0	0	1	0	""	"滑らかな肌ざわりで吸水性が高く、速乾性にも優れたタオルです。洗濯機で繰り返し洗っても生地の風合いが損なわれることはありません。"	""	0	0	""	"200"	""	0	""	""	""	""	""	""	""	0	0	1403318665268	1	volfo	1	248	244			1	2	日本	2		0.17	0		""				"クイックドライ スポーツタオル ( 品番 #1124284 )"
"コットンハンドタオル ( 品番 #2124109 )"	0	""	1	"日本"	"日本"	1	54.0	""	1	0	0	3.45301e-37	9.87215e-24	7.97105e+18	0	0	1	0	""	"肌ざわりのやさしいコットン性のタオルです。ハンドタオルから、バスタオルまで４サイズをご用意しました。"	""	0	0	""	"200"	""	0	""	""	""	""	""	""	""	0	0	1403318665268	1	volfo	1	248	244			1	2	日本	2		0.028	0		""				"コットンハンドタオル ( 品番 #2124109 )"
"コットンフェイスタオル ( 品番 #2124110 )"	0	""	1	"日本"	"日本"	1	103.0	""	1	0	0	3.45301e-37	9.87215e-24	7.97105e+18	0	0	1	0	""	"肌ざわりのやさしいコットン性のタオルです。ハンドタオルから、バスタオルまで４サイズをご用意しました。"	""	0	0	""	"200"	""	0	""	""	""	""	""	""	""	0	0	1403318665268	1	volfo	1	248	244			1	2	日本	2		0.135	0		""				"コットンフェイスタオル ( 品番 #2124110 )"
"コットンスポーツタオル ( 品番 #2124111 )"	0	""	1	"日本"	"日本"	1	180.0	""	1	0	0	3.45301e-37	9.87215e-24	7.97105e+18	0	0	1	0	""	"肌ざわりのやさしいコットン性のタオルです。ハンドタオルから、バスタオルまで４サイズをご用意しました。"	""	0	0	""	"200"	""	0	""	""	""	""	""	""	""	0	0	1403318665268	1	volfo	1	248	244			1	2	日本	2		0.255	0		""				"コットンスポーツタオル ( 品番 #2124111 )"
"コットンバスタオル ( 品番 #2124112 )"	0	""	1	"日本"	"日本"	1	274.0	""	1	0	0	3.45301e-37	9.87215e-24	7.97105e+18	0	0	1	0	""	"肌ざわりのやさしいコットン性のタオルです。ハンドタオルから、バスタオルまで４サイズをご用意しました。"	""	0	0	""	"200"	""	0	""	""	""	""	""	""	""	0	0	1403318665268	1	volfo	1	248	244			1	2	日本	2		0.38	0		""				"コットンバスタオル ( 品番 #2124112 )"
"日本手ぬぐい ナッツ ( 品番 #2124116 )"	0	""	1	"日本"	"日本"	1	69.0	""	1	0	0	3.45301e-37	9.87215e-24	7.97105e+18	0	0	1	0	""	"伝統的な染色技法（注染）を採用した手ぬぐいです。裏・表に濃淡がなく、洗うほどに柔らかな風合いが増します。"	""	0	0	""	"200"	""	0	""	""	""	""	""	""	""	0	0	1403318665268	1	volfo	1	248	244			1	2	日本	2		0.0	0		""				"日本手ぬぐい ナッツ ( 品番 #2124116 )"
"日本手ぬぐい ストライプギア ( 品番 #2124117 )"	0	""	1	"日本"	"日本"	1	69.0	""	1	0	0	3.45301e-37	9.87215e-24	7.97105e+18	0	0	1	0	""	"伝統的な染色技法（注染）を採用した手ぬぐいです。裏・表に濃淡がなく、洗うほどに柔らかな風合いが増します。"	""	0	0	""	"200"	""	0	""	""	""	""	""	""	""	0	0	1403318665268	1	volfo	1	248	244			1	2	日本	2		0.0	0		""				"日本手ぬぐい ストライプギア ( 品番 #2124117 )"
"日本手ぬぐい カヤック ( 品番 #2124119 )"	0	""	1	"日本"	"日本"	1	69.0	""	1	0	0	3.45301e-37	9.87215e-24	7.97105e+18	0	0	1	0	""	"伝統的な染色技法（注染）を採用した手ぬぐいです。裏・表に濃淡がなく、洗うほどに柔らかな風合いが増します。"	""	0	0	""	"200"	""	0	""	""	""	""	""	""	""	0	0	1403318665268	1	volfo	1	248	244			1	2	日本	2		0.0	0		""				"日本手ぬぐい カヤック ( 品番 #2124119 )"
"日本手ぬぐい エーデルワイス ( 品番 #2124120 )"	0	""	1	"日本"	"日本"	1	69.0	""	1	0	0	3.45301e-37	9.87215e-24	7.97105e+18	0	0	1	0	""	"伝統的な染色技法（注染）を採用した手ぬぐいです。裏・表に濃淡がなく、洗うほどに柔らかな風合いが増します。"	""	0	0	""	"200"	""	0	""	""	""	""	""	""	""	0	0	1403318665268	1	volfo	1	248	244			1	2	日本	2		0.0	0		""				"日本手ぬぐい エーデルワイス ( 品番 #2124120 )"
"バンダナ ( 品番 #2124101 )"	0	""	1	"日本"	"日本"	1	81.0	""	1	0	0	3.45301e-37	9.87215e-24	7.97105e+18	0	0	1	0	""	"スカーフ、マスク、包帯など多用途に活躍します。"	""	0	0	""	"200"	""	0	""	""	""	""	""	""	""	0	0	1403318665268	1	volfo	1	248	244			1	2	日本	2		0.0	0		""				"バンダナ ( 品番 #2124101 )"
"ビッグバンダナ ( 品番 #2124100 )"	0	""	1	"日本"	"日本"	1	144.0	""	1	0	0	3.45301e-37	9.87215e-24	7.97105e+18	0	0	1	0	""	"テーブルクロスなど、さまざまなアウトドア・シーンで多用途に活躍してくれるビッグサイズ。"	""	0	0	""	"200"	""	0	""	""	""	""	""	""	""	0	0	1403318665268	1	volfo	1	248	244			1	2	日本	2		0.0	0		""				"ビッグバンダナ ( 品番 #2124100 )"
"イカットサロン ( 品番 #2124114 )"	0	""	1	"日本"	"日本"	1	385.0	""	1	0	0	3.45301e-37	9.87215e-24	7.97105e+18	0	0	1	0	""	"インドネシアの伝統的織物"イカット"。敷物やテーブルクロス、肩に羽織るなどアイデア次第でさまざまに活躍します。生地選びから製作まですべて現地で行っています。"	""	0	0	""	"200"	""	0	""	""	""	""	""	""	""	0	0	1403318665268	1	volfo	1	248	244			1	2	日本	2		0.0	0		""				"イカットサロン ( 品番 #2124114 )"
"バティックサロン ( 品番 #2124115 )"	0	""	1	"日本"	"日本"	1	120.0	""	1	0	0	3.45301e-37	9.87215e-24	7.97105e+18	0	0	1	0	""	"インドネシアの伝統的染め物“バティック”。レーヨン製で風合いもよく、水着の上から腰に巻いたり、アウトドアで着替えが必要なときに重宝します。"	""	0	0	""	"200"	""	0	""	""	""	""	""	""	""	0	0	1403318665268	1	volfo	1	248	244			1	2	日本	2		0.0	0		""				"バティックサロン ( 品番 #2124115 )"
