﻿﻿version 1.00
title	cid	seller_cids	stuff_status	location_state	location_city	item_type	price	auction_increment	num	valid_thru	freight_payer	post_fee	ems_fee	express_fee	has_invoice	has_warranty	approve_status	has_showcase	list_time	description	cateProps	postage_id	has_discount	modified	upload_fail_msg	picture_status	auction_point	picture	video	skuProps	inputPids	inputValues	outer_id	propAlias	auto_fill	num_id	local_cid	navigation_type	user_name	syncStatus	is_lighting_consigment	is_xinpin	foodparame	features	buyareatype	global_stock_type	global_stock_country	sub_stock_type	item_size	item_weight	sell_promise	custom_design_flag	wireless_desc	barcode	sku_barcode	newprepay	subtitle
ｱｦｱｴﾃ﨤ﾆ	ｱｦｱｴﾀ狷ｿ	ｵﾌﾀ狷ｿ	ﾐﾂｾﾉｳﾌｶﾈ	ﾊ｡	ｳﾇﾊﾐ	ｳﾛｷｽﾊｽ	ｱｦｱｴｼﾛｸ	ｼﾓｼﾛｷﾈ	ｱｦｱｴﾊﾁｿ	ﾓﾐﾐｧﾆﾚ	ﾔﾋｷﾑｳﾐｵ｣	ﾆｽﾓﾊ	EMS	ｿﾝ	ｷ｢ﾆｱ	ｱ｣ﾐﾞ	ｷﾅﾈﾖｿ	ｳｰﾍﾆｼ	ｿｪﾊｼﾊｱｼ	ｱｦｱｴﾃ靆	ｱｦｱｴﾊﾔ	ﾓﾊｷﾑﾄ｣ｰ覈D	ｻ瞞ｱｴﾛ	ﾐﾞｸﾄﾊｱｼ	ﾉﾏｴｫﾗｴﾌｬ	ﾍｼﾆｬﾗｴﾌｬ	ｷｵｵ羈ﾈﾀ	ﾐﾂﾍｼﾆｬ	ﾊﾓﾆｵ	ﾏ摠ﾛﾊﾔﾗ鮗ﾏ	ﾓﾃｻｧﾊ菠Dｴｮ	ﾓﾃｻｧﾊ菠ﾖｵｶﾔ	ﾉﾌｼﾒｱ狡	ﾏ摠ﾛﾊﾔｱ	ｴ嵭菎獎ﾍ	ﾊﾗﾖID	ｱｾｵﾘID	ｱｦｱｴｷﾖﾀ	ﾓﾃｻｧﾃ﨤ﾆ	ｱｦｱｴﾗｴﾌｬ	ﾉﾁｵ邱｢ｻ	ﾐﾂﾆｷ	ﾊｳﾆｷﾗｨﾏ	ｳﾟﾂ	ｲﾉｹｺｵﾘ	ｿ箒貘獎ﾍ	ｹ恝ﾒｵﾘﾇ	ｿ箒貍ﾆﾊ	ﾎ蟒	ﾎﾘﾁｿ	ﾍﾋｻｻｻﾐﾅｵ	ｶｨﾖﾆｹ､ｾﾟ	ﾎﾞﾏﾟﾏ	ﾉﾌﾆｷﾌﾎﾂ	sku ﾌﾎﾂ	7ﾌﾋｻ	ｱｦｱｴﾂ
"アクアボディ ハーフスリーブシャツ Kid's ( 品番 #1127347 )"	0	""	1	"日本"	"日本"	1	265.0	""	1	0	0	3.45301e-37	9.87215e-24	7.97105e+18	0	0	1	0	""	"川や海で元気に遊ぶ子どもたちを冷えや紫外線、擦り傷などから守るウエアです。水に濡れても保水せず、冷えを最小限に抑えることが可能になりました。"	""	0	0	""	"200"	""	0	""	""	""	""	""	""	""	0	0	1403318665268	1	volfo	1	248	244			1	2	日本	2		0.125	0		""				"アクアボディ ハーフスリーブシャツ Kid's ( 品番 #1127347 )"
"アクアボディ ハーフスリーブシャツ Kid's ( 品番 #1127348 )"	0	""	1	"日本"	"日本"	1	240.0	""	1	0	0	3.45301e-37	9.87215e-24	7.97105e+18	0	0	1	0	""	"川や海で元気に遊ぶ子どもたちを冷えや紫外線、擦り傷などから守るウエアです。水に濡れても保水せず、冷えを最小限に抑えることが可能になりました。"	""	0	0	""	"200"	""	0	""	""	""	""	""	""	""	0	0	1403318665268	1	volfo	1	248	244			1	2	日本	2		0.093	0		""				"アクアボディ ハーフスリーブシャツ Kid's ( 品番 #1127348 )"
"アクアボディ ロングスリーブシャツ Kid's ( 品番 #1127349 )"	0	""	1	"日本"	"日本"	1	300.0	""	1	0	0	3.45301e-37	9.87215e-24	7.97105e+18	0	0	1	0	""	"川や海で元気に遊ぶ子どもたちを冷えや紫外線、擦り傷などから守るウエアです。水に濡れても保水せず、冷えを最小限に抑えることが可能になりました。"	""	0	0	""	"200"	""	0	""	""	""	""	""	""	""	0	0	1403318665268	1	volfo	1	248	244			1	2	日本	2		0.15	0		""				"アクアボディ ロングスリーブシャツ Kid's ( 品番 #1127349 )"
"アクアボディ ロングスリーブシャツ Kid's ( 品番 #1127350 )"	0	""	1	"日本"	"日本"	1	265.0	""	1	0	0	3.45301e-37	9.87215e-24	7.97105e+18	0	0	1	0	""	"川や海で元気に遊ぶ子どもたちを冷えや紫外線、擦り傷などから守るウエアです。水に濡れても保水せず、冷えを最小限に抑えることが可能になりました。"	""	0	0	""	"200"	""	0	""	""	""	""	""	""	""	0	0	1403318665268	1	volfo	1	248	244			1	2	日本	2		0.105	0		""				"アクアボディ ロングスリーブシャツ Kid's ( 品番 #1127350 )"
"アクアボディ ショーツ Kid's ( 品番 #1127295 )"	0	""	1	"日本"	"日本"	1	282.0	""	1	0	0	3.45301e-37	9.87215e-24	7.97105e+18	0	0	1	0	""	"川や海で元気に遊ぶ子どもたちを冷えや紫外線、擦り傷などから守るウエアです。水に濡れても保水せず、冷えを最小限に抑えることが可能になりました。"	""	0	0	""	"200"	""	0	""	""	""	""	""	""	""	0	0	1403318665268	1	volfo	1	248	244			1	2	日本	2		0.095	0		""				"アクアボディ ショーツ Kid's ( 品番 #1127295 )"
"アクアボディ ショーツ Kid's ( 品番 #1127296 )"	0	""	1	"日本"	"日本"	1	248.0	""	1	0	0	3.45301e-37	9.87215e-24	7.97105e+18	0	0	1	0	""	"川や海で元気に遊ぶ子どもたちを冷えや紫外線、擦り傷などから守るウエアです。水に濡れても保水せず、冷えを最小限に抑えることが可能になりました。"	""	0	0	""	"200"	""	0	""	""	""	""	""	""	""	0	0	1403318665268	1	volfo	1	248	244			1	2	日本	2		0.077	0		""				"アクアボディ ショーツ Kid's ( 品番 #1127296 )"
"アクアボディ タイツ Kid's ( 品番 #1127297 )"	0	""	1	"日本"	"日本"	1	308.0	""	1	0	0	3.45301e-37	9.87215e-24	7.97105e+18	0	0	1	0	""	"川や海で元気に遊ぶ子どもたちを冷えや紫外線、擦り傷などから守るウエアです。水に濡れても保水せず、冷えを最小限に抑えることが可能になりました。"	""	0	0	""	"200"	""	0	""	""	""	""	""	""	""	0	0	1403318665268	1	volfo	1	248	244			1	2	日本	2		0.155	0		""				"アクアボディ タイツ Kid's ( 品番 #1127297 )"
"アクアボディ タイツ Kid's ( 品番 #1127298 )"	0	""	1	"日本"	"日本"	1	282.0	""	1	0	0	3.45301e-37	9.87215e-24	7.97105e+18	0	0	1	0	""	"川や海で元気に遊ぶ子どもたちを冷えや紫外線、擦り傷などから守るウエアです。水に濡れても保水せず、冷えを最小限に抑えることが可能になりました。"	""	0	0	""	"200"	""	0	""	""	""	""	""	""	""	0	0	1403318665268	1	volfo	1	248	244			1	2	日本	2		0.1	0		""				"アクアボディ タイツ Kid's ( 品番 #1127298 )"
"アクアボディ シャツ Baby's ( 品番 #1127299 )"	0	""	1	"日本"	"日本"	1	248.0	""	1	0	0	3.45301e-37	9.87215e-24	7.97105e+18	0	0	1	0	""	"夏の水遊びで、冷えや紫外線、擦り傷などから赤ちゃんの体を守るシャツとビブです。水に濡れても生地が保水しにくく、水から出たときの冷えを最小限に抑えることができます。"	""	0	0	""	"200"	""	0	""	""	""	""	""	""	""	0	0	1403318665268	1	volfo	1	248	244			1	2	日本	2		0.088	0		""				"アクアボディ シャツ Baby's ( 品番 #1127299 )"
"アクアボディ ビブ Baby's ( 品番 #1127300 )"	0	""	1	"日本"	"日本"	1	231.0	""	1	0	0	3.45301e-37	9.87215e-24	7.97105e+18	0	0	1	0	""	"夏の水遊びで、冷えや紫外線、擦り傷などから赤ちゃんの体を守るシャツとビブです。水に濡れても生地が保水しにくく、水から出たときの冷えを最小限に抑えることができます。"	""	0	0	""	"200"	""	0	""	""	""	""	""	""	""	0	0	1403318665268	1	volfo	1	248	244			1	2	日本	2		0.072	0		""				"アクアボディ ビブ Baby's ( 品番 #1127300 )"
"フリーダム Kid's　125-155 ( 品番 #1127564 )"	0	""	1	"日本"	"日本"	1	445.0	""	1	0	0	3.45301e-37	9.87215e-24	7.97105e+18	0	0	1	0	""	"大人用モデルの機能はそのままに、子どものための安全機能をプラスした本格仕様のライフジャケットです。"	""	0	0	""	"200"	""	0	""	""	""	""	""	""	""	0	0	1403318665268	1	volfo	1	248	244			1	2	日本	2		0.55	0		""				"フリーダム Kid's　125-155 ( 品番 #1127564 )"
"フリーダム Kid's　85-125 ( 品番 #1127565 )"	0	""	1	"日本"	"日本"	1	419.0	""	1	0	0	3.45301e-37	9.87215e-24	7.97105e+18	0	0	1	0	""	"大人用モデルの機能はそのままに、子どものための安全機能をプラスした本格仕様のライフジャケットです。"	""	0	0	""	"200"	""	0	""	""	""	""	""	""	""	0	0	1403318665268	1	volfo	1	248	244			1	2	日本	2		0.43	0		""				"フリーダム Kid's　85-125 ( 品番 #1127565 )"
"スイミングゴーグル スモーク ( 品番 #1127606 )"	0	""	1	"日本"	"日本"	1	154.0	""	1	0	0	3.45301e-37	9.87215e-24	7.97105e+18	0	0	1	0	""	"レンズ面が大きく、視界を広く確保したゴーグルです。フィット性に優れ、川や海での水遊びからフィットネスまで、さまざまなシーンで活躍します。ハードケースつき。"	""	0	0	""	"200"	""	0	""	""	""	""	""	""	""	0	0	1403318665268	1	volfo	1	248	244			1	2	日本	2		0.05	0		""				"スイミングゴーグル スモーク ( 品番 #1127606 )"
"スイミングゴーグル ミラー ( 品番 #1127607 )"	0	""	1	"日本"	"日本"	1	163.0	""	1	0	0	3.45301e-37	9.87215e-24	7.97105e+18	0	0	1	0	""	"まぶしさを抑えるミラー加工を施したゴーグルです。フィット性に優れ、川や海での水遊びからフィットネスまで、さまざまなシーンで活躍します。"	""	0	0	""	"200"	""	0	""	""	""	""	""	""	""	0	0	1403318665268	1	volfo	1	248	244			1	2	日本	2		0.05	0		""				"スイミングゴーグル ミラー ( 品番 #1127607 )"
"スイミングゴーグル Jr. ( 品番 #1127608 )"	0	""	1	"日本"	"日本"	1	129.0	""	1	0	0	3.45301e-37	9.87215e-24	7.97105e+18	0	0	1	0	""	"川や海での水遊びからスイミングスクールなどさまざまな場面で活躍する子ども用のゴーグルです。ハードケース付き。対象年齢は3歳以上です。"	""	0	0	""	"200"	""	0	""	""	""	""	""	""	""	0	0	1403318665268	1	volfo	1	248	244			1	2	日本	2		0.035	0		""				"スイミングゴーグル Jr. ( 品番 #1127608 )"
"アクアスノーケリングセット スモール ( 品番 #1127612 )"	0	""	1	"日本"	"日本"	1	385.0	""	1	0	0	3.45301e-37	9.87215e-24	7.97105e+18	0	0	1	0	""	"川や海でのスノーケリングに最適なマスクとスノーケルのセットです。女性や子ども（対象年齢6才以上）など、顔が小さい人向きです。"	""	0	0	""	"200"	""	0	""	""	""	""	""	""	""	0	0	1403318665268	1	volfo	1	248	244			1	2	日本	2		0.3	0		""				"アクアスノーケリングセット スモール ( 品番 #1127612 )"
"コンパクトフィン ( 品番 #1127613 )"	0	""	1	"日本"	"日本"	1	291.0	""	1	0	0	3.45301e-37	9.87215e-24	7.97105e+18	0	0	1	0	""	"コンパクトで持ち運びに便利な長さのスノーケリング用フィンです。素足またはネオプレンプレーンソックスを履いて装着します。スタッフバッグつき。"	""	0	0	""	"200"	""	0	""	""	""	""	""	""	""	0	0	1403318665268	1	volfo	1	248	244			1	2	日本	2		0.65	0		""				"コンパクトフィン ( 品番 #1127613 )"
"ネオプレン プレーンソックス ( 品番 #1125202 )"	0	""	1	"日本"	"日本"	1	223.0	""	1	0	0	3.45301e-37	9.87215e-24	7.97105e+18	0	0	1	0	""	"伸縮性に優れ、足にぴったりフィットします。足入れ口にネオプレンのスキン地を巻くことによって肌と密着し、砂や小石の侵入を防止します。"	""	0	0	""	"200"	""	0	""	""	""	""	""	""	""	0	0	1403318665268	1	volfo	1	248	244			1	2	日本	2		0.16	0		""				"ネオプレン プレーンソックス ( 品番 #1125202 )"
"ストリームマシーン TL750 ( 品番 #1899005 )"	0	""	1	"日本"	"日本"	1	223.0	""	1	0	0	3.45301e-37	9.87215e-24	7.97105e+18	0	0	1	0	""	"強力な水鉄砲です。"	""	0	0	""	"200"	""	0	""	""	""	""	""	""	""	0	0	1403318665268	1	volfo	1	248	244			1	2	日本	2		0.0	0		""				"ストリームマシーン TL750 ( 品番 #1899005 )"
"ストリームマシーン TL600 ( 品番 #1899006 )"	0	""	1	"日本"	"日本"	1	154.0	""	1	0	0	3.45301e-37	9.87215e-24	7.97105e+18	0	0	1	0	""	"強力な水鉄砲です。"	""	0	0	""	"200"	""	0	""	""	""	""	""	""	""	0	0	1403318665268	1	volfo	1	248	244			1	2	日本	2		0.0	0		""				"ストリームマシーン TL600 ( 品番 #1899006 )"
