﻿﻿version 1.00
title	cid	seller_cids	stuff_status	location_state	location_city	item_type	price	auction_increment	num	valid_thru	freight_payer	post_fee	ems_fee	express_fee	has_invoice	has_warranty	approve_status	has_showcase	list_time	description	cateProps	postage_id	has_discount	modified	upload_fail_msg	picture_status	auction_point	picture	video	skuProps	inputPids	inputValues	outer_id	propAlias	auto_fill	num_id	local_cid	navigation_type	user_name	syncStatus	is_lighting_consigment	is_xinpin	foodparame	features	buyareatype	global_stock_type	global_stock_country	sub_stock_type	item_size	item_weight	sell_promise	custom_design_flag	wireless_desc	barcode	sku_barcode	newprepay	subtitle
ｱｦｱｴﾃ﨤ﾆ	ｱｦｱｴﾀ狷ｿ	ｵﾌﾀ狷ｿ	ﾐﾂｾﾉｳﾌｶﾈ	ﾊ｡	ｳﾇﾊﾐ	ｳﾛｷｽﾊｽ	ｱｦｱｴｼﾛｸ	ｼﾓｼﾛｷﾈ	ｱｦｱｴﾊﾁｿ	ﾓﾐﾐｧﾆﾚ	ﾔﾋｷﾑｳﾐｵ｣	ﾆｽﾓﾊ	EMS	ｿﾝ	ｷ｢ﾆｱ	ｱ｣ﾐﾞ	ｷﾅﾈﾖｿ	ｳｰﾍﾆｼ	ｿｪﾊｼﾊｱｼ	ｱｦｱｴﾃ靆	ｱｦｱｴﾊﾔ	ﾓﾊｷﾑﾄ｣ｰ覈D	ｻ瞞ｱｴﾛ	ﾐﾞｸﾄﾊｱｼ	ﾉﾏｴｫﾗｴﾌｬ	ﾍｼﾆｬﾗｴﾌｬ	ｷｵｵ羈ﾈﾀ	ﾐﾂﾍｼﾆｬ	ﾊﾓﾆｵ	ﾏ摠ﾛﾊﾔﾗ鮗ﾏ	ﾓﾃｻｧﾊ菠Dｴｮ	ﾓﾃｻｧﾊ菠ﾖｵｶﾔ	ﾉﾌｼﾒｱ狡	ﾏ摠ﾛﾊﾔｱ	ｴ嵭菎獎ﾍ	ﾊﾗﾖID	ｱｾｵﾘID	ｱｦｱｴｷﾖﾀ	ﾓﾃｻｧﾃ﨤ﾆ	ｱｦｱｴﾗｴﾌｬ	ﾉﾁｵ邱｢ｻ	ﾐﾂﾆｷ	ﾊｳﾆｷﾗｨﾏ	ｳﾟﾂ	ｲﾉｹｺｵﾘ	ｿ箒貘獎ﾍ	ｹ恝ﾒｵﾘﾇ	ｿ箒貍ﾆﾊ	ﾎ蟒	ﾎﾘﾁｿ	ﾍﾋｻｻｻﾐﾅｵ	ｶｨﾖﾆｹ､ｾﾟ	ﾎﾞﾏﾟﾏ	ﾉﾌﾆｷﾌﾎﾂ	sku ﾌﾎﾂ	7ﾌﾋｻ	ｱｦｱｴﾂ
"リバーシブル グリッパー ( 品番 #1129608 )"	0	""	1	"日本"	"日本"	1	189.0	""	1	0	0	3.45301e-37	9.87215e-24	7.97105e+18	0	0	1	0	""	"凍結した雪道と濡れた木道で使用できる滑り止めです。簡単に素早く着脱でき、軽量コンパクトなので携行に便利。ほとんどのブーツに対応するサイズ設定です。"	""	0	0	""	"200"	""	0	""	""	""	""	""	""	""	0	0	1403318665268	1	volfo	1	248	244			1	2	日本	2		0.15	0		""				"リバーシブル グリッパー ( 品番 #1129608 )"
"スノースパイク10 ( 品番 #1129617 )"	0	""	1	"日本"	"日本"	1	727.0	""	1	0	0	3.45301e-37	9.87215e-24	7.97105e+18	0	0	1	0	""	"中・低級山域での冬山トレッキングに適したスノースパイクです。"	""	0	0	""	"200"	""	0	""	""	""	""	""	""	""	0	0	1403318665268	1	volfo	1	248	244			1	2	日本	2		0.561	0		""				"スノースパイク10 ( 品番 #1129617 )"
"LXT-8 アイゼン ( 品番 #1141121 )"	0	""	1	"日本"	"日本"	1	923.0	""	1	0	0	3.45301e-37	9.87215e-24	7.97105e+18	0	0	1	0	""	"積雪期のトレッキングから冬期の縦走まで対応する8本爪のアイゼンです。"	""	0	0	""	"200"	""	0	""	""	""	""	""	""	""	0	0	1403318665268	1	volfo	1	248	244			1	2	日本	2		0.647	0		""				"LXT-8 アイゼン ( 品番 #1141121 )"
"LXT-C10 アイゼン ( 品番 #1141122 )"	0	""	1	"日本"	"日本"	1	1009.0	""	1	0	0	3.45301e-37	9.87215e-24	7.97105e+18	0	0	1	0	""	"冬期の縦走に最適な、10本爪の軽量なアイゼン。"	""	0	0	""	"200"	""	0	""	""	""	""	""	""	""	0	0	1403318665268	1	volfo	1	248	244			1	2	日本	2		0.678	0		""				"LXT-C10 アイゼン ( 品番 #1141122 )"
"LXT-12 アイゼン ( 品番 #1141123 )"	0	""	1	"日本"	"日本"	1	1111.0	""	1	0	0	3.45301e-37	9.87215e-24	7.97105e+18	0	0	1	0	""	"冬期の縦走からアルパインクライミングまで、幅広く対応する12本爪のアイゼンです。"	""	0	0	""	"200"	""	0	""	""	""	""	""	""	""	0	0	1403318665268	1	volfo	1	248	244			1	2	日本	2		0.766	0		""				"LXT-12 アイゼン ( 品番 #1141123 )"
"LXB-12 アイゼン ( 品番 #1141124 )"	0	""	1	"日本"	"日本"	1	1197.0	""	1	0	0	3.45301e-37	9.87215e-24	7.97105e+18	0	0	1	0	""	"冬期の縦走からアルパインクライミングまで、幅広く対応する12本爪のセミワンタッチアイゼンです。"	""	0	0	""	"200"	""	0	""	""	""	""	""	""	""	0	0	1403318665268	1	volfo	1	248	244			1	2	日本	2		0.875	0		""				"LXB-12 アイゼン ( 品番 #1141124 )"
"LXT-8 アイゼン ワイド ( 品番 #1141126 )"	0	""	1	"日本"	"日本"	1	923.0	""	1	0	0	3.45301e-37	9.87215e-24	7.97105e+18	0	0	1	0	""	"積雪期のトレッキングから冬期の縦走まで対応する8本爪のアイゼンです。"	""	0	0	""	"200"	""	0	""	""	""	""	""	""	""	0	0	1403318665268	1	volfo	1	248	244			1	2	日本	2		0.647	0		""				"LXT-8 アイゼン ワイド ( 品番 #1141126 )"
"LXT-C10 アイゼン ワイド ( 品番 #1141127 )"	0	""	1	"日本"	"日本"	1	1009.0	""	1	0	0	3.45301e-37	9.87215e-24	7.97105e+18	0	0	1	0	""	"冬期の縦走に最適な、10本爪の軽量なアイゼン。"	""	0	0	""	"200"	""	0	""	""	""	""	""	""	""	0	0	1403318665268	1	volfo	1	248	244			1	2	日本	2		0.678	0		""				"LXT-C10 アイゼン ワイド ( 品番 #1141127 )"
"LXT-12 アイゼン ワイド ( 品番 #1141128 )"	0	""	1	"日本"	"日本"	1	1111.0	""	1	0	0	3.45301e-37	9.87215e-24	7.97105e+18	0	0	1	0	""	"冬期の縦走からアルパインクライミングまで、幅広く対応する12本爪のアイゼンです。"	""	0	0	""	"200"	""	0	""	""	""	""	""	""	""	0	0	1403318665268	1	volfo	1	248	244			1	2	日本	2		0.766	0		""				"LXT-12 アイゼン ワイド ( 品番 #1141128 )"
"LXB-12 アイゼン ワイド ( 品番 #1141129 )"	0	""	1	"日本"	"日本"	1	1197.0	""	1	0	0	3.45301e-37	9.87215e-24	7.97105e+18	0	0	1	0	""	"冬期の縦走からアルパインクライミングまで、幅広く対応する12本爪のセミワンタッチアイゼンです。"	""	0	0	""	"200"	""	0	""	""	""	""	""	""	""	0	0	1403318665268	1	volfo	1	248	244			1	2	日本	2		0.875	0		""				"LXB-12 アイゼン ワイド ( 品番 #1141129 )"
"アンチスノープレート LXT/LXB12用 ( 品番 #1141130 )"	0	""	1	"日本"	"日本"	1	112.0	""	1	0	0	3.45301e-37	9.87215e-24	7.97105e+18	0	0	1	0	""	"フレームと一体化し、雪の付着を防ぎます。カジタックスアイゼン LXT/ LXB12用"	""	0	0	""	"200"	""	0	""	""	""	""	""	""	""	0	0	1403318665268	1	volfo	1	248	244			1	2	日本	2		0.0	0		""				"アンチスノープレート LXT/LXB12用 ( 品番 #1141130 )"
"アンチスノープレート LXT-C10用 ( 品番 #1141131 )"	0	""	1	"日本"	"日本"	1	103.0	""	1	0	0	3.45301e-37	9.87215e-24	7.97105e+18	0	0	1	0	""	"フレームと一体化し、雪の付着を防ぎます。カジタックスアイゼン LXT-C10用"	""	0	0	""	"200"	""	0	""	""	""	""	""	""	""	0	0	1403318665268	1	volfo	1	248	244			1	2	日本	2		0.0	0		""				"アンチスノープレート LXT-C10用 ( 品番 #1141131 )"
"アンチスノープレート LXT 8用 ( 品番 #1141132 )"	0	""	1	"日本"	"日本"	1	103.0	""	1	0	0	3.45301e-37	9.87215e-24	7.97105e+18	0	0	1	0	""	"フレームと一体化し、雪の付着を防ぎます。カジタックスアイゼン LXT8用"	""	0	0	""	"200"	""	0	""	""	""	""	""	""	""	0	0	1403318665268	1	volfo	1	248	244			1	2	日本	2		0.0	0		""				"アンチスノープレート LXT 8用 ( 品番 #1141132 )"
"LXF-12 アイゼン ( 品番 #1141133 )"	0	""	1	"日本"	"日本"	1	1282.0	""	1	0	0	3.45301e-37	9.87215e-24	7.97105e+18	0	0	1	0	""	"冬季の縦走からアルパインクライミングまで、幅広く対応する12本爪のワンタッチアイゼンです。"	""	0	0	""	"200"	""	0	""	""	""	""	""	""	""	0	0	1403318665268	1	volfo	1	248	244			1	2	日本	2		0.88	0		""				"LXF-12 アイゼン ( 品番 #1141133 )"
"アンチスノープレート LXF-12用 ( 品番 #1141135 )"	0	""	1	"日本"	"日本"	1	112.0	""	1	0	0	3.45301e-37	9.87215e-24	7.97105e+18	0	0	1	0	""	"フレームと一体化し、雪の付着を防ぎます。カジタックスアイゼン（LXF-12用・左右一足分セット）"	""	0	0	""	"200"	""	0	""	""	""	""	""	""	""	0	0	1403318665268	1	volfo	1	248	244			1	2	日本	2		0.0	0		""				"アンチスノープレート LXF-12用 ( 品番 #1141135 )"
"チェーンスパイク ( 品番 #1129612 )"	0	""	1	"日本"	"日本"	1	411.0	""	1	0	0	3.45301e-37	9.87215e-24	7.97105e+18	0	0	1	0	""	"冬の低山や夏の雪渓歩行に最適な軽アイゼンです。ブーツの上から靴下を履くかのような感覚で簡単に装着ができ、全面にスパイク（爪）があるので雪上で滑りづらく安心して歩行できます。"	""	0	0	""	"200"	""	0	""	""	""	""	""	""	""	0	0	1403318665268	1	volfo	1	248	244			1	2	日本	2		0.385	0		""				"チェーンスパイク ( 品番 #1129612 )"
"コンパクトスノースパイク ( 品番 #1129601 )"	0	""	1	"日本"	"日本"	1	171.0	""	1	0	0	3.45301e-37	9.87215e-24	7.97105e+18	0	0	1	0	""	"「波形アンチスノープレート」で縦横方向にグリップ力を持つ8本爪のスノースパイクです。ブーツへの取り付けはゴムバンドで留めるだけの簡易モデルです。"	""	0	0	""	"200"	""	0	""	""	""	""	""	""	""	0	0	1403318665268	1	volfo	1	248	244			1	2	日本	2		0.19	0		""				"コンパクトスノースパイク ( 品番 #1129601 )"
"テープバンドセット ( 品番 #1141125 )"	0	""	1	"日本"	"日本"	1	103.0	""	1	0	0	3.45301e-37	9.87215e-24	7.97105e+18	0	0	1	0	""	"長年の使用により、アイゼンのテープが摩耗したときのための交換用テープです。左右一足分セット。"	""	0	0	""	"200"	""	0	""	""	""	""	""	""	""	0	0	1403318665268	1	volfo	1	248	244			1	2	日本	2		0.0	0		""				"テープバンドセット ( 品番 #1141125 )"
"スノースパイク シングルフィット ( 品番 #1129611 )"	0	""	1	"日本"	"日本"	1	146.0	""	1	0	0	3.45301e-37	9.87215e-24	7.97105e+18	0	0	1	0	""	"冬の低山ハイクや夏の雪渓を歩く際に最適な4本爪タイプの軽アイゼンです。足の甲でバックルを留めるだけで簡単に装着できます。"	""	0	0	""	"200"	""	0	""	""	""	""	""	""	""	0	0	1403318665268	1	volfo	1	248	244			1	2	日本	2		0.18	0		""				"スノースパイク シングルフィット ( 品番 #1129611 )"
"スノースパイク6 ( 品番 #1129602 )"	0	""	1	"日本"	"日本"	1	377.0	""	1	0	0	3.45301e-37	9.87215e-24	7.97105e+18	0	0	1	0	""	"「波形アンチスノープレート」で高いグリップ力を持った6本爪のスノースパイク。ブーツへの取り付けはナイロンテープで留めるだけの簡易モデルです。"	""	0	0	""	"200"	""	0	""	""	""	""	""	""	""	0	0	1403318665268	1	volfo	1	248	244			1	2	日本	2		0.46	0		""				"スノースパイク6 ( 品番 #1129602 )"
"スノースパイク6 クイックフィット ( 品番 #1129613 )"	0	""	1	"日本"	"日本"	1	488.0	""	1	0	0	3.45301e-37	9.87215e-24	7.97105e+18	0	0	1	0	""	"雪山の軽登山や夏の雪渓歩行に最適な6本爪タイプのスノースパイクです。操作性と安全性を両立した独自のラチェットバックル（特許取得済）を採用し、ラチェット部分への雪の詰まりや、岩などへの引っ掛かりによる不意のリリースを防ぎます。"	""	0	0	""	"200"	""	0	""	""	""	""	""	""	""	0	0	1403318665268	1	volfo	1	248	244			1	2	日本	2		0.52	0		""				"スノースパイク6 クイックフィット ( 品番 #1129613 )"
