﻿﻿version 1.00
title	cid	seller_cids	stuff_status	location_state	location_city	item_type	price	auction_increment	num	valid_thru	freight_payer	post_fee	ems_fee	express_fee	has_invoice	has_warranty	approve_status	has_showcase	list_time	description	cateProps	postage_id	has_discount	modified	upload_fail_msg	picture_status	auction_point	picture	video	skuProps	inputPids	inputValues	outer_id	propAlias	auto_fill	num_id	local_cid	navigation_type	user_name	syncStatus	is_lighting_consigment	is_xinpin	foodparame	features	buyareatype	global_stock_type	global_stock_country	sub_stock_type	item_size	item_weight	sell_promise	custom_design_flag	wireless_desc	barcode	sku_barcode	newprepay	subtitle
ｱｦｱｴﾃ﨤ﾆ	ｱｦｱｴﾀ狷ｿ	ｵﾌﾀ狷ｿ	ﾐﾂｾﾉｳﾌｶﾈ	ﾊ｡	ｳﾇﾊﾐ	ｳﾛｷｽﾊｽ	ｱｦｱｴｼﾛｸ	ｼﾓｼﾛｷﾈ	ｱｦｱｴﾊﾁｿ	ﾓﾐﾐｧﾆﾚ	ﾔﾋｷﾑｳﾐｵ｣	ﾆｽﾓﾊ	EMS	ｿﾝ	ｷ｢ﾆｱ	ｱ｣ﾐﾞ	ｷﾅﾈﾖｿ	ｳｰﾍﾆｼ	ｿｪﾊｼﾊｱｼ	ｱｦｱｴﾃ靆	ｱｦｱｴﾊﾔ	ﾓﾊｷﾑﾄ｣ｰ覈D	ｻ瞞ｱｴﾛ	ﾐﾞｸﾄﾊｱｼ	ﾉﾏｴｫﾗｴﾌｬ	ﾍｼﾆｬﾗｴﾌｬ	ｷｵｵ羈ﾈﾀ	ﾐﾂﾍｼﾆｬ	ﾊﾓﾆｵ	ﾏ摠ﾛﾊﾔﾗ鮗ﾏ	ﾓﾃｻｧﾊ菠Dｴｮ	ﾓﾃｻｧﾊ菠ﾖｵｶﾔ	ﾉﾌｼﾒｱ狡	ﾏ摠ﾛﾊﾔｱ	ｴ嵭菎獎ﾍ	ﾊﾗﾖID	ｱｾｵﾘID	ｱｦｱｴｷﾖﾀ	ﾓﾃｻｧﾃ﨤ﾆ	ｱｦｱｴﾗｴﾌｬ	ﾉﾁｵ邱｢ｻ	ﾐﾂﾆｷ	ﾊｳﾆｷﾗｨﾏ	ｳﾟﾂ	ｲﾉｹｺｵﾘ	ｿ箒貘獎ﾍ	ｹ恝ﾒｵﾘﾇ	ｿ箒貍ﾆﾊ	ﾎ蟒	ﾎﾘﾁｿ	ﾍﾋｻｻｻﾐﾅｵ	ｶｨﾖﾆｹ､ｾﾟ	ﾎﾞﾏﾟﾏ	ﾉﾌﾆｷﾌﾎﾂ	sku ﾌﾎﾂ	7ﾌﾋｻ	ｱｦｱｴﾂ
"ユーコンパドル カーボン ( 品番 #2351112 )"	0	""	1	"日本"	"日本"	1	2602.0	""	1	0	0	3.45301e-37	9.87215e-24	7.97105e+18	0	0	1	0	""	"ツーリングに最適なパドルです。ブレード面積が大きく、川でも安心して使えます。カーボンを使用した軽量モデル。（2ピース）"	""	0	0	""	"200"	""	0	""	""	""	""	""	""	""	0	0	1403318665268	1	volfo	1	248	244			1	2	日本	2		0.693	0		""				"ユーコンパドル カーボン ( 品番 #2351112 )"
"レックパドル　Ｋｉｄ'ｓ ( 品番 #2351114 )"	0	""	1	"日本"	"日本"	1	252.0	""	1	0	0	3.45301e-37	9.87215e-24	7.97105e+18	0	0	1	0	""	"子ども用のお求めやすい価格のパドルです。左右が分かりやすいように、ドロップリングの色を変えてあります。（2ピースパドル）"	""	0	0	""	"200"	""	0	""	""	""	""	""	""	""	0	0	1403318665268	1	volfo	1	248	244			1	2	日本	2		0.99	0		""				"レックパドル　Ｋｉｄ'ｓ ( 品番 #2351114 )"
"XCEPTION SUPERLIGHT ( 品番 #1852712 )"	0	""	1	"日本"	"日本"	1	5383.0	""	1	0	0	3.45301e-37	9.87215e-24	7.97105e+18	0	0	1	0	""	"ATのツーリングパドル中、最軽量のフルカーボンモデルです。＜AT エリートシリーズ＞"	""	0	0	""	"200"	""	0	""	""	""	""	""	""	""	0	0	1403318665268	1	volfo	1	248	244			1	2	日本	2		0.794	0		""				"XCEPTION SUPERLIGHT ( 品番 #1852712 )"
"EXODUS SUPERLIGHT ( 品番 #1852713 )"	0	""	1	"日本"	"日本"	1	5383.0	""	1	0	0	3.45301e-37	9.87215e-24	7.97105e+18	0	0	1	0	""	"大きなブレードを持ちパワフルかつブレのないストロークを行える軽量パドル。＜AT エリートシリーズ＞"	""	0	0	""	"200"	""	0	""	""	""	""	""	""	""	0	0	1403318665268	1	volfo	1	248	244			1	2	日本	2		0.852	0		""				"EXODUS SUPERLIGHT ( 品番 #1852713 )"
"XCEPTION STANDARD ( 品番 #1852714 )"	0	""	1	"日本"	"日本"	1	4216.0	""	1	0	0	3.45301e-37	9.87215e-24	7.97105e+18	0	0	1	0	""	"カーボンファイバーとケブラーで構成されたシャフトと、ファイバーグラス製のファームコアブレードのユニークな組み合わせのバランスのとれたツーリングパドル。＜AT エリートシリーズ＞"	""	0	0	""	"200"	""	0	""	""	""	""	""	""	""	0	0	1403318665268	1	volfo	1	248	244			1	2	日本	2		0.852	0		""				"XCEPTION STANDARD ( 品番 #1852714 )"
"EXODUS STANDARD ( 品番 #1852715 )"	0	""	1	"日本"	"日本"	1	4216.0	""	1	0	0	3.45301e-37	9.87215e-24	7.97105e+18	0	0	1	0	""	"大きなブレードを持ちパワフルかつブレのないストロークを行えるパドル。＜AT エリートシリーズ＞"	""	0	0	""	"200"	""	0	""	""	""	""	""	""	""	0	0	1403318665268	1	volfo	1	248	244			1	2	日本	2		0.909	0		""				"EXODUS STANDARD ( 品番 #1852715 )"
"EXODUS FISHSTIX ( 品番 #1852716 )"	0	""	1	"日本"	"日本"	1	4216.0	""	1	0	0	3.45301e-37	9.87215e-24	7.97105e+18	0	0	1	0	""	"パドル全体にカモフラージュ模様が施されている、カヤックアングラーに好評のEXODUSモデル。＜AT エリートシリーズ＞"	""	0	0	""	"200"	""	0	""	""	""	""	""	""	""	0	0	1403318665268	1	volfo	1	248	244			1	2	日本	2		0.909	0		""				"EXODUS FISHSTIX ( 品番 #1852716 )"
"QUEST CARBON ( 品番 #1852717 )"	0	""	1	"日本"	"日本"	1	3858.0	""	1	0	0	3.45301e-37	9.87215e-24	7.97105e+18	0	0	1	0	""	"ブレードの素材はフォームコアを使わずに、カーボンファイバーと樹脂のみで作られています。フォームコア製に次いで軽量に作ることができ、非常に頑丈で衝撃にも強く、高い耐久性を実現したパドルです。＜アドバンスドシリーズ＞"	""	0	0	""	"200"	""	0	""	""	""	""	""	""	""	0	0	1403318665268	1	volfo	1	248	244			1	2	日本	2		0.781	0		""				"QUEST CARBON ( 品番 #1852717 )"
"QUEST CARBONストレートシャフト ( 品番 #1852718 )"	0	""	1	"日本"	"日本"	1	3140.0	""	1	0	0	3.45301e-37	9.87215e-24	7.97105e+18	0	0	1	0	""	"ブレードの素材はフォームコアを使わずに、カーボンファイバーと樹脂のみで作られています。フォームコア製に次いで軽量に作ることができ、非常に頑丈で衝撃にも強く、高い耐久性を実現したパドルです。＜アドバンスドシリーズ＞"	""	0	0	""	"200"	""	0	""	""	""	""	""	""	""	0	0	1403318665268	1	volfo	1	248	244			1	2	日本	2		0.781	0		""				"QUEST CARBONストレートシャフト ( 品番 #1852718 )"
"ODYSSEY CARBON ( 品番 #1852719 )"	0	""	1	"日本"	"日本"	1	3858.0	""	1	0	0	3.45301e-37	9.87215e-24	7.97105e+18	0	0	1	0	""	"大きなブレードを持ち、パワフルな漕ぎでもブレのないストロークが得られるのが特徴のフルカーボンパドル＜アドバンスドシリーズ＞"	""	0	0	""	"200"	""	0	""	""	""	""	""	""	""	0	0	1403318665268	1	volfo	1	248	244			1	2	日本	2		0.794	0		""				"ODYSSEY CARBON ( 品番 #1852719 )"
"ODYSSEY CARBONストレートシャフト ( 品番 #1852720 )"	0	""	1	"日本"	"日本"	1	3140.0	""	1	0	0	3.45301e-37	9.87215e-24	7.97105e+18	0	0	1	0	""	"ODYSSEY CARBONのブレードに、カーボンとファイバーグラスをブレンドしたストレートシャフトパドル＜アドバンスドシリーズ＞"	""	0	0	""	"200"	""	0	""	""	""	""	""	""	""	0	0	1403318665268	1	volfo	1	248	244			1	2	日本	2		0.794	0		""				"ODYSSEY CARBONストレートシャフト ( 品番 #1852720 )"
"ORACLE CARBON ( 品番 #1852721 )"	0	""	1	"日本"	"日本"	1	3858.0	""	1	0	0	3.45301e-37	9.87215e-24	7.97105e+18	0	0	1	0	""	"ハイアングルでパワフルな漕ぎ方をする際や、三角波が立つような状況でのパドリング、ブレイシング、ロールに非常に効果的。軽量・高剛性なフルカーボンパドル＜アドバンスドシリーズ＞"	""	0	0	""	"200"	""	0	""	""	""	""	""	""	""	0	0	1403318665268	1	volfo	1	248	244			1	2	日本	2		0.751	0		""				"ORACLE CARBON ( 品番 #1852721 )"
"ORACLE CARBONストレートシャフト ( 品番 #1852722 )"	0	""	1	"日本"	"日本"	1	3140.0	""	1	0	0	3.45301e-37	9.87215e-24	7.97105e+18	0	0	1	0	""	"ATツーリングパドル史上、最も強力なパワーを発揮するブレードを装備したORACLE CARBONのストレートシャフト仕様です。基本的な特徴はカーボンモデルと共通です。＜アドバンスドシリーズ＞"	""	0	0	""	"200"	""	0	""	""	""	""	""	""	""	0	0	1403318665268	1	volfo	1	248	244			1	2	日本	2		0.751	0		""				"ORACLE CARBONストレートシャフト ( 品番 #1852722 )"
"QUEST GLASS ( 品番 #1852723 )"	0	""	1	"日本"	"日本"	1	2961.0	""	1	0	0	3.45301e-37	9.87215e-24	7.97105e+18	0	0	1	0	""	"ブレードにフォームコアの芯材を使っていない、完全なファイバーグラス仕様のパドル＜AT アドバンスドシリーズ＞"	""	0	0	""	"200"	""	0	""	""	""	""	""	""	""	0	0	1403318665268	1	volfo	1	248	244			1	2	日本	2		0.839	0		""				"QUEST GLASS ( 品番 #1852723 )"
"QUEST GLASSストレートシャフト ( 品番 #1852724 )"	0	""	1	"日本"	"日本"	1	2422.0	""	1	0	0	3.45301e-37	9.87215e-24	7.97105e+18	0	0	1	0	""	"QUEST CARBONと同デザインで、素材をファイバーグラスに変更したモデル。ストレートシャフト仕様です。＜AT アドバンスドシリーズ＞"	""	0	0	""	"200"	""	0	""	""	""	""	""	""	""	0	0	1403318665268	1	volfo	1	248	244			1	2	日本	2		0.839	0		""				"QUEST GLASSストレートシャフト ( 品番 #1852724 )"
"ODYSSEY GLASS ( 品番 #1852725 )"	0	""	1	"日本"	"日本"	1	2961.0	""	1	0	0	3.45301e-37	9.87215e-24	7.97105e+18	0	0	1	0	""	"大きなブレード、パワフルでブレの無いストロークが得られるODYSSEY CARBONと同デザインで、素材をファイバーグラスに変更したモデルです。＜AT アドバンスドシリーズ＞"	""	0	0	""	"200"	""	0	""	""	""	""	""	""	""	0	0	1403318665268	1	volfo	1	248	244			1	2	日本	2		0.875	0		""				"ODYSSEY GLASS ( 品番 #1852725 )"
"ODYSSEY GLASSストレートシャフト ( 品番 #1852726 )"	0	""	1	"日本"	"日本"	1	2422.0	""	1	0	0	3.45301e-37	9.87215e-24	7.97105e+18	0	0	1	0	""	"大きなブレード、パワフルでブレの無いストロークが得られるODYSSEY CARBONと同デザインで、素材をファイバーグラスに変更したモデルです。ブレードに、ストレートシャフトを装備したタイプ。＜AT アドバンスドシリーズ＞"	""	0	0	""	"200"	""	0	""	""	""	""	""	""	""	0	0	1403318665268	1	volfo	1	248	244			1	2	日本	2		0.824	0		""				"ODYSSEY GLASSストレートシャフト ( 品番 #1852726 )"
"ORACLE GLASS ( 品番 #1852727 )"	0	""	1	"日本"	"日本"	1	2961.0	""	1	0	0	3.45301e-37	9.87215e-24	7.97105e+18	0	0	1	0	""	"ホワイトウォーター用パドル「AT2」をベースにデザインされたブレードを持つ、ORACLEシリーズのグラスファイバー製モデルです。＜AT アドバンスドシリーズ＞"	""	0	0	""	"200"	""	0	""	""	""	""	""	""	""	0	0	1403318665268	1	volfo	1	248	244			1	2	日本	2		0.824	0		""				"ORACLE GLASS ( 品番 #1852727 )"
"ORACLE GLASSストレートシャフト ( 品番 #1852728 )"	0	""	1	"日本"	"日本"	1	2422.0	""	1	0	0	3.45301e-37	9.87215e-24	7.97105e+18	0	0	1	0	""	"ATツーリングパドル史上、最も強力なパワーを発揮するブレードを装備したORACLEシリーズのファイバーグラスモデル/ストレートシャフト仕様です。＜AT アドバンスドシリーズ＞"	""	0	0	""	"200"	""	0	""	""	""	""	""	""	""	0	0	1403318665268	1	volfo	1	248	244			1	2	日本	2		0.824	0		""				"ORACLE GLASSストレートシャフト ( 品番 #1852728 )"
"PADDLEWAN KID'S PADDLE ( 品番 #1852729 )"	0	""	1	"日本"	"日本"	1	1077.0	""	1	0	0	3.45301e-37	9.87215e-24	7.97105e+18	0	0	1	0	""	"子ども用に専用設計された、レクリエーショナル・ツーリング用パドルです。"	""	0	0	""	"200"	""	0	""	""	""	""	""	""	""	0	0	1403318665268	1	volfo	1	248	244			1	2	日本	2		0.809	0		""				"PADDLEWAN KID'S PADDLE ( 品番 #1852729 )"
"トルツガファイバーグラスパドル ( 品番 #1855059 )"	0	""	1	"日本"	"日本"	1	1692.0	""	1	0	0	3.45301e-37	9.87215e-24	7.97105e+18	0	0	1	0	""	"高性能ツーリングパドルの特徴を持ちつつ、コストパフォーマンスにも優れたトルツガ・ツーリングパドル"	""	0	0	""	"200"	""	0	""	""	""	""	""	""	""	0	0	1403318665268	1	volfo	1	248	244			1	2	日本	2		0.961	0		""				"トルツガファイバーグラスパドル ( 品番 #1855059 )"
"アドベンチャーパドル 4PCS ( 品番 #1855065 )"	0	""	1	"日本"	"日本"	1	940.0	""	1	0	0	3.45301e-37	9.87215e-24	7.97105e+18	0	0	1	0	""	"アドベンチャーパドルの4分割タイプです。コンパクトさを活かして、ツーリングの予備パドルとして艇への搭載にも適しています。"	""	0	0	""	"200"	""	0	""	""	""	""	""	""	""	0	0	1403318665268	1	volfo	1	248	244			1	2	日本	2		0.0	0		""				"アドベンチャーパドル 4PCS ( 品番 #1855065 )"
"シーパッセージ アルミパドル ( 品番 #1855067 )"	0	""	1	"日本"	"日本"	1	584.0	""	1	0	0	3.45301e-37	9.87215e-24	7.97105e+18	0	0	1	0	""	"ナチュラルなフィーリングで、エントリーレベルのパドラーにも扱いやすいツーリング用パドルです。"	""	0	0	""	"200"	""	0	""	""	""	""	""	""	""	0	0	1403318665268	1	volfo	1	248	244			1	2	日本	2		1.13	0		""				"シーパッセージ アルミパドル ( 品番 #1855067 )"
"シーパッセージアルミTAPパドル ( 品番 #1855068 )"	0	""	1	"日本"	"日本"	1	862.0	""	1	0	0	3.45301e-37	9.87215e-24	7.97105e+18	0	0	1	0	""	"ナチュラルなフィーリングで、エントリーレベルのパドラーにも扱いやすいツーリング用パドルです。"	""	0	0	""	"200"	""	0	""	""	""	""	""	""	""	0	0	1403318665268	1	volfo	1	248	244			1	2	日本	2		1.17	0		""				"シーパッセージアルミTAPパドル ( 品番 #1855068 )"
"トルツガTAPグラスパドル ( 品番 #1855074 )"	0	""	1	"日本"	"日本"	1	1481.0	""	1	0	0	3.45301e-37	9.87215e-24	7.97105e+18	0	0	1	0	""	"ダイヒドラル断面で、すぐれたデザインのブレードを持つ、広範囲の用途に使えるツーリングパドルです。ジョイント部分はシンプルなピンタイプで軽量化を計りました。"	""	0	0	""	"200"	""	0	""	""	""	""	""	""	""	0	0	1403318665268	1	volfo	1	248	244			1	2	日本	2		1.17	0		""				"トルツガTAPグラスパドル ( 品番 #1855074 )"
"シーパッセージTAPグラスパドル ( 品番 #1855075 )"	0	""	1	"日本"	"日本"	1	1481.0	""	1	0	0	3.45301e-37	9.87215e-24	7.97105e+18	0	0	1	0	""	"ハイアングルでもローアングルでも漕ぎ方を問わずに使用できる汎用性の高いパドルです。ジョイント部分はシンプルなピンタイプで軽量化を計りました。"	""	0	0	""	"200"	""	0	""	""	""	""	""	""	""	0	0	1403318665268	1	volfo	1	248	244			1	2	日本	2		1.17	0		""				"シーパッセージTAPグラスパドル ( 品番 #1855075 )"
"ドリフターTAPアルミパドル ( 品番 #1855076 )"	0	""	1	"日本"	"日本"	1	584.0	""	1	0	0	3.45301e-37	9.87215e-24	7.97105e+18	0	0	1	0	""	"シット・オン・トップ・カヤックやレクリエーショナルカヤックでの使用に適したコストパフォーマンスにすぐれたパドルです。"	""	0	0	""	"200"	""	0	""	""	""	""	""	""	""	0	0	1403318665268	1	volfo	1	248	244			1	2	日本	2		0.85	0		""				"ドリフターTAPアルミパドル ( 品番 #1855076 )"
"アドベンチャーカモフラージュTAP ( 品番 #1855077 )"	0	""	1	"日本"	"日本"	1	673.0	""	1	0	0	3.45301e-37	9.87215e-24	7.97105e+18	0	0	1	0	""	"カモフラージュカラーの非対称ブレードを持つ、初心者にも扱いやすい、レクリエーショナルや1デイ・ツーリングに適したパドルです。"	""	0	0	""	"200"	""	0	""	""	""	""	""	""	""	0	0	1403318665268	1	volfo	1	248	244			1	2	日本	2		0.85	0		""				"アドベンチャーカモフラージュTAP ( 品番 #1855077 )"
"ドリフターアルミパドル ( 品番 #1855078 )"	0	""	1	"日本"	"日本"	1	539.0	""	1	0	0	3.45301e-37	9.87215e-24	7.97105e+18	0	0	1	0	""	"シットオントップカヤックや、レクリエーショナルカヤックでの使用に適した、非常にコストパフォーマンスに優れた1ピースパドルです。"	""	0	0	""	"200"	""	0	""	""	""	""	""	""	""	0	0	1403318665268	1	volfo	1	248	244			1	2	日本	2		0.85	0		""				"ドリフターアルミパドル ( 品番 #1855078 )"
"レックパドル 2ピース ( 品番 #2351009 )"	0	""	1	"日本"	"日本"	1	431.0	""	1	0	0	3.45301e-37	9.87215e-24	7.97105e+18	0	0	1	0	""	"レクリエーショナルカヤックに適したリーズナブルな2ピースパドルです。"	""	0	0	""	"200"	""	0	""	""	""	""	""	""	""	0	0	1403318665268	1	volfo	1	248	244			1	2	日本	2		1.02	0		""				"レックパドル 2ピース ( 品番 #2351009 )"
"レックシングル パドル ( 品番 #2351111 )"	0	""	1	"日本"	"日本"	1	257.0	""	1	0	0	3.45301e-37	9.87215e-24	7.97105e+18	0	0	1	0	""	"コストパフォーマンスに優れた本格的なシングルブレードパドルです。"	""	0	0	""	"200"	""	0	""	""	""	""	""	""	""	0	0	1403318665268	1	volfo	1	248	244			1	2	日本	2		0.0	0		""				"レックシングル パドル ( 品番 #2351111 )"
