﻿﻿version 1.00
title	cid	seller_cids	stuff_status	location_state	location_city	item_type	price	auction_increment	num	valid_thru	freight_payer	post_fee	ems_fee	express_fee	has_invoice	has_warranty	approve_status	has_showcase	list_time	description	cateProps	postage_id	has_discount	modified	upload_fail_msg	picture_status	auction_point	picture	video	skuProps	inputPids	inputValues	outer_id	propAlias	auto_fill	num_id	local_cid	navigation_type	user_name	syncStatus	is_lighting_consigment	is_xinpin	foodparame	features	buyareatype	global_stock_type	global_stock_country	sub_stock_type	item_size	item_weight	sell_promise	custom_design_flag	wireless_desc	barcode	sku_barcode	newprepay	subtitle
ｱｦｱｴﾃ﨤ﾆ	ｱｦｱｴﾀ狷ｿ	ｵﾌﾀ狷ｿ	ﾐﾂｾﾉｳﾌｶﾈ	ﾊ｡	ｳﾇﾊﾐ	ｳﾛｷｽﾊｽ	ｱｦｱｴｼﾛｸ	ｼﾓｼﾛｷﾈ	ｱｦｱｴﾊﾁｿ	ﾓﾐﾐｧﾆﾚ	ﾔﾋｷﾑｳﾐｵ｣	ﾆｽﾓﾊ	EMS	ｿﾝ	ｷ｢ﾆｱ	ｱ｣ﾐﾞ	ｷﾅﾈﾖｿ	ｳｰﾍﾆｼ	ｿｪﾊｼﾊｱｼ	ｱｦｱｴﾃ靆	ｱｦｱｴﾊﾔ	ﾓﾊｷﾑﾄ｣ｰ覈D	ｻ瞞ｱｴﾛ	ﾐﾞｸﾄﾊｱｼ	ﾉﾏｴｫﾗｴﾌｬ	ﾍｼﾆｬﾗｴﾌｬ	ｷｵｵ羈ﾈﾀ	ﾐﾂﾍｼﾆｬ	ﾊﾓﾆｵ	ﾏ摠ﾛﾊﾔﾗ鮗ﾏ	ﾓﾃｻｧﾊ菠Dｴｮ	ﾓﾃｻｧﾊ菠ﾖｵｶﾔ	ﾉﾌｼﾒｱ狡	ﾏ摠ﾛﾊﾔｱ	ｴ嵭菎獎ﾍ	ﾊﾗﾖID	ｱｾｵﾘID	ｱｦｱｴｷﾖﾀ	ﾓﾃｻｧﾃ﨤ﾆ	ｱｦｱｴﾗｴﾌｬ	ﾉﾁｵ邱｢ｻ	ﾐﾂﾆｷ	ﾊｳﾆｷﾗｨﾏ	ｳﾟﾂ	ｲﾉｹｺｵﾘ	ｿ箒貘獎ﾍ	ｹ恝ﾒｵﾘﾇ	ｿ箒貍ﾆﾊ	ﾎ蟒	ﾎﾘﾁｿ	ﾍﾋｻｻｻﾐﾅｵ	ｶｨﾖﾆｹ､ｾﾟ	ﾎﾞﾏﾟﾏ	ﾉﾌﾆｷﾌﾎﾂ	sku ﾌﾎﾂ	7ﾌﾋｻ	ｱｦｱｴﾂ
"フレンチガイドパック17 ( 品番 #1123809 )"	0	""	1	"日本"	"日本"	1	942.0	""	1	0	0	3.45301e-37	9.87215e-24	7.97105e+18	0	0	1	0	""	"本体には耐摩耗性に優れる生地を使用し、ストラップやボトムにはナチュラルな風合いの天然皮革を採用。アクセスしやすいサイドアクセスジッパーを装備。背面はパッド入りで荷物が背中に当たる不快感を解消しています。"	""	0	0	""	"200"	""	0	""	""	""	""	""	""	""	0	0	1403318665268	1	volfo	1	248	244			1	2	日本	2		0.669	0		""				"フレンチガイドパック17 ( 品番 #1123809 )"
"フレンチガイドパック25 ( 品番 #1123810 )"	0	""	1	"日本"	"日本"	1	1005.0	""	1	0	0	3.45301e-37	9.87215e-24	7.97105e+18	0	0	1	0	""	"本体には耐摩耗性に優れる生地を使用し、ストラップやボトムにはナチュラルな風合いの天然皮革を採用。アクセスしやすいサイドアクセスジッパーを装備。背面はパッド入りで荷物が背中に当たる不快感を解消しています。"	""	0	0	""	"200"	""	0	""	""	""	""	""	""	""	0	0	1403318665268	1	volfo	1	248	244			1	2	日本	2		0.795	0		""				"フレンチガイドパック25 ( 品番 #1123810 )"
"フォトウォーカーパック 25 ( 品番 #1123845 )"	0	""	1	"日本"	"日本"	1	1041.0	""	1	0	0	3.45301e-37	9.87215e-24	7.97105e+18	0	0	1	0	""	"素早く出し入れしたいカメラ機材と、汚れやすいトレッキングアイテムを分けて収納できる2気室仕様の軽量パックです。日帰りの行程に適したサイズです。パックカバー付き。"	""	0	0	""	"200"	""	0	""	""	""	""	""	""	""	0	0	1403318665268	1	volfo	1	248	244			1	2	日本	2		0.89	0		""				"フォトウォーカーパック 25 ( 品番 #1123845 )"
"フラットアイアンパック 20 ( 品番 #1123738 )"	0	""	1	"日本"	"日本"	1	650.0	""	1	0	0	3.45301e-37	9.87215e-24	7.97105e+18	0	0	1	0	""	"軽量で機能性に優れ、日帰り登山からスピードハイクまで幅広く対応するパックです。本体には車のライトなどに反射して光るロゴを付けています。ストックホルダー付き。"	""	0	0	""	"200"	""	0	""	""	""	""	""	""	""	0	0	1403318665268	1	volfo	1	248	244			1	2	日本	2		0.53	0		""				"フラットアイアンパック 20 ( 品番 #1123738 )"
"フラットアイアンパック 25 ( 品番 #1123739 )"	0	""	1	"日本"	"日本"	1	675.0	""	1	0	0	3.45301e-37	9.87215e-24	7.97105e+18	0	0	1	0	""	"軽量で機能性に優れ、日帰り登山からスピードハイクまで幅広く対応するパックです。本体には車のライトなどに反射して光るロゴを付けています。ストックホルダー付き。"	""	0	0	""	"200"	""	0	""	""	""	""	""	""	""	0	0	1403318665268	1	volfo	1	248	244			1	2	日本	2		0.56	0		""				"フラットアイアンパック 25 ( 品番 #1123739 )"
"ハイキングパック 23 ( 品番 #1123348 )"	0	""	1	"日本"	"日本"	1	530.0	""	1	0	0	3.45301e-37	9.87215e-24	7.97105e+18	0	0	1	0	""	"シンプルな形状で機能性に優れた1気室構造のデイパックです。トレッキングポールホルダーや小物ポケットなど、ハイキングに便利な機能を多数搭載。"	""	0	0	""	"200"	""	0	""	""	""	""	""	""	""	0	0	1403318665268	1	volfo	1	248	244			1	2	日本	2		0.75	0		""				"ハイキングパック 23 ( 品番 #1123348 )"
"ベルニナ パック 5 ( 品番 #1123753 )"	0	""	1	"日本"	"日本"	1	411.0	""	1	0	0	3.45301e-37	9.87215e-24	7.97105e+18	0	0	1	0	""	"コンパクトなサイズで日常使いしやすいデイパックです。"	""	0	0	""	"200"	""	0	""	""	""	""	""	""	""	0	0	1403318665268	1	volfo	1	248	244			1	2	日本	2		0.269	0		""				"ベルニナ パック 5 ( 品番 #1123753 )"
"ベルニナ パック 10 ( 品番 #1123754 )"	0	""	1	"日本"	"日本"	1	453.0	""	1	0	0	3.45301e-37	9.87215e-24	7.97105e+18	0	0	1	0	""	"コンパクトなサイズで日常使いしやすいデイパックです。"	""	0	0	""	"200"	""	0	""	""	""	""	""	""	""	0	0	1403318665268	1	volfo	1	248	244			1	2	日本	2		0.314	0		""				"ベルニナ パック 10 ( 品番 #1123754 )"
"ベルニナ パック 15 ( 品番 #1123755 )"	0	""	1	"日本"	"日本"	1	496.0	""	1	0	0	3.45301e-37	9.87215e-24	7.97105e+18	0	0	1	0	""	"コンパクトなサイズで日常使いしやすいデイパックです。"	""	0	0	""	"200"	""	0	""	""	""	""	""	""	""	0	0	1403318665268	1	volfo	1	248	244			1	2	日本	2		0.368	0		""				"ベルニナ パック 15 ( 品番 #1123755 )"
"ガレナパック 20 ( 品番 #1123758 )"	0	""	1	"日本"	"日本"	1	701.0	""	1	0	0	3.45301e-37	9.87215e-24	7.97105e+18	0	0	1	0	""	"低山ハイクから富士登山まで幅広く対応する汎用性の高いパックです。体へのタッチが柔らかく、通気性に優れるショルダーハーネスや、空気の通りやすい凹凸を持たせた背面パネルを採用することで不快な蒸れを解消します。パックカバー内蔵。"	""	0	0	""	"200"	""	0	""	""	""	""	""	""	""	0	0	1403318665268	1	volfo	1	248	244			1	2	日本	2		0.69	0		""				"ガレナパック 20 ( 品番 #1123758 )"
"バランスライト20 ( 品番 #1223307 )"	0	""	1	"日本"	"日本"	1	411.0	""	1	0	0	3.45301e-37	9.87215e-24	7.97105e+18	0	0	1	0	""	"シンプルなフォルムと軽量化されたボディで、使い勝手がよく汎用性の高い1気室の軽量パックです。背面のパッドを取り外せばサブザックとしても使用できます。"	""	0	0	""	"200"	""	0	""	""	""	""	""	""	""	0	0	1403318665268	1	volfo	1	248	244			1	2	日本	2		0.45	0		""				"バランスライト20 ( 品番 #1223307 )"
"レラパック15 ( 品番 #1223310 )"	0	""	1	"日本"	"日本"	1	752.0	""	1	0	0	3.45301e-37	9.87215e-24	7.97105e+18	0	0	1	0	""	"背面に採用したV.B.P.システムが風の通り道を作り、背中の蒸れを解消しました。さらに蒸れやすいショルダーハーネス部分にはメッシュ地を採用しています。 本体底部にパックカバー内蔵。"	""	0	0	""	"200"	""	0	""	""	""	""	""	""	""	0	0	1403318665268	1	volfo	1	248	244			1	2	日本	2		0.81	0		""				"レラパック15 ( 品番 #1223310 )"
"レラパック20 ( 品番 #1223311 )"	0	""	1	"日本"	"日本"	1	795.0	""	1	0	0	3.45301e-37	9.87215e-24	7.97105e+18	0	0	1	0	""	"背面に採用したV.B.P.システムが風の通り道を作り、背中の蒸れを解消しました。さらに蒸れやすいショルダーハーネス部分にはメッシュ地を採用しています。 本体底部にパックカバー内蔵。"	""	0	0	""	"200"	""	0	""	""	""	""	""	""	""	0	0	1403318665268	1	volfo	1	248	244			1	2	日本	2		0.87	0		""				"レラパック20 ( 品番 #1223311 )"
"バーサライトパック20 ( 品番 #1223331 )"	0	""	1	"日本"	"日本"	1	445.0	""	1	0	0	3.45301e-37	9.87215e-24	7.97105e+18	0	0	1	0	""	"徹底的に軽量化を追求したウルトラライトモデル。超軽量でスピードハイクのようなハイペースな登山を目指す方だけでなく、荷物を軽くして体への負担を軽減したい方の使用にも適しています。"	""	0	0	""	"200"	""	0	""	""	""	""	""	""	""	0	0	1403318665268	1	volfo	1	248	244			1	2	日本	2		0.36	0		""				"バーサライトパック20 ( 品番 #1223331 )"
"ランドナーパック 22 ( 品番 #1223350 )"	0	""	1	"日本"	"日本"	1	846.0	""	1	0	0	3.45301e-37	9.87215e-24	7.97105e+18	0	0	1	0	""	"スキー板やスノーボード、スノーシューのバックカントリーツアーに必要なギアや装備を機能的に携行できるパックです。バックカントリー用のスキー板やワンデイツアー、スノーシューハイキングなどでの個人使用に最適なモデルです。"	""	0	0	""	"200"	""	0	""	""	""	""	""	""	""	0	0	1403318665268	1	volfo	1	248	244			1	2	日本	2		1.06	0		""				"ランドナーパック 22 ( 品番 #1223350 )"
"ストライダーパック 20 ( 品番 #1123784 )"	0	""	1	"日本"	"日本"	1	804.0	""	1	0	0	3.45301e-37	9.87215e-24	7.97105e+18	0	0	1	0	""	"日帰りのトレッキングやハイキングなどをサポートする多彩な機能を備えたパックです。通気性に優れるショルダーハーネスや、凹凸を持たせて空気の通り道を確保した背面パネルが蒸れを解消します。パックカバー内蔵。"	""	0	0	""	"200"	""	0	""	""	""	""	""	""	""	0	0	1403318665268	1	volfo	1	248	244			1	2	日本	2		0.867	0		""				"ストライダーパック 20 ( 品番 #1123784 )"
"ストライダーパック 25 ( 品番 #1123785 )"	0	""	1	"日本"	"日本"	1	838.0	""	1	0	0	3.45301e-37	9.87215e-24	7.97105e+18	0	0	1	0	""	"日帰りのトレッキングやハイキングなどをサポートする多彩な機能を備えたパックです。通気性に優れるショルダーハーネスや、凹凸を持たせて空気の通り道を確保した背面パネルが蒸れを解消します。パックカバー内蔵。"	""	0	0	""	"200"	""	0	""	""	""	""	""	""	""	0	0	1403318665268	1	volfo	1	248	244			1	2	日本	2		0.965	0		""				"ストライダーパック 25 ( 品番 #1123785 )"
"シャイデックパック 25 ( 品番 #1123760 )"	0	""	1	"日本"	"日本"	1	624.0	""	1	0	0	3.45301e-37	9.87215e-24	7.97105e+18	0	0	1	0	""	"日帰りのハイキングやトレッキングなどで活躍するパック。体に当たる部分には通気性・クッション性に優れた3Dメッシュ地を採用し、蒸れを防止します。"	""	0	0	""	"200"	""	0	""	""	""	""	""	""	""	0	0	1403318665268	1	volfo	1	248	244			1	2	日本	2		0.61	0		""				"シャイデックパック 25 ( 品番 #1123760 )"
"ガルワール パック 25 ( 品番 #1223296 )"	0	""	1	"日本"	"日本"	1	530.0	""	1	0	0	3.45301e-37	9.87215e-24	7.97105e+18	0	0	1	0	""	"軽量性と耐久性を兼ね備えたシンプルなデザインのパックです。背面には取り外してマットとしても使用できるウレタンパッドを内蔵し、フロント部分にピッケルホルダーを搭載するなど、アタックザックやサブザックとして便利な機能を備えています。"	""	0	0	""	"200"	""	0	""	""	""	""	""	""	""	0	0	1403318665268	1	volfo	1	248	244			1	2	日本	2		0.547	0		""				"ガルワール パック 25 ( 品番 #1223296 )"
"アウルパック 20 ( 品番 #1123761 )"	0	""	1	"日本"	"日本"	1	667.0	""	1	0	0	3.45301e-37	9.87215e-24	7.97105e+18	0	0	1	0	""	"ノートや雑誌、ノートパソコンなどを機能的に収納できる、通勤や通学に便利なデイパックです。開口部は大きく開き、中身が確認しやすくなっており、本体内部には本やノートを固定できるナイロンテープやノートパソコンを収納できるPCポケットを搭載しています。"	""	0	0	""	"200"	""	0	""	""	""	""	""	""	""	0	0	1403318665268	1	volfo	1	248	244			1	2	日本	2		0.724	0		""				"アウルパック 20 ( 品番 #1123761 )"
"フィルストパック 15 ( 品番 #1123782 )"	0	""	1	"日本"	"日本"	1	479.0	""	1	0	0	3.45301e-37	9.87215e-24	7.97105e+18	0	0	1	0	""	"軽量で耐久性にも優れる素材を使用した女性用デイパックです。トレッキングから普段使いまで幅広く活躍。ソフトなタッチで通気性に優れるショルダーハーネスを採用しているため、蒸れにくく快適な背負い心地を実現しています。"	""	0	0	""	"200"	""	0	""	""	""	""	""	""	""	0	0	1403318665268	1	volfo	1	248	244			1	2	日本	2		0.53	0		""				"フィルストパック 15 ( 品番 #1123782 )"
"フィルストパック 20 ( 品番 #1123783 )"	0	""	1	"日本"	"日本"	1	505.0	""	1	0	0	3.45301e-37	9.87215e-24	7.97105e+18	0	0	1	0	""	"軽量で耐久性にも優れる素材を使用した女性用デイパックです。トレッキングから普段使いまで幅広く活躍。ソフトなタッチで通気性に優れるショルダーハーネスを採用しているため、蒸れにくく快適な背負い心地を実現しています。"	""	0	0	""	"200"	""	0	""	""	""	""	""	""	""	0	0	1403318665268	1	volfo	1	248	244			1	2	日本	2		0.575	0		""				"フィルストパック 20 ( 品番 #1123783 )"
"ロゼパック 20 ( 品番 #1123762 )"	0	""	1	"日本"	"日本"	1	419.0	""	1	0	0	3.45301e-37	9.87215e-24	7.97105e+18	0	0	1	0	""	"シンプルなデザインで、幅広い場面で活躍する女性用パックです。背面パッドを取り外せばパック本体をコンパクトにまとめることができるため、サブザックとして携行することもできます。"	""	0	0	""	"200"	""	0	""	""	""	""	""	""	""	0	0	1403318665268	1	volfo	1	248	244			1	2	日本	2		0.47	0		""				"ロゼパック 20 ( 品番 #1123762 )"
"ピレネーパック 25 ( 品番 #1223280 )"	0	""	1	"日本"	"日本"	1	838.0	""	1	0	0	3.45301e-37	9.87215e-24	7.97105e+18	0	0	1	0	""	"日帰り登山はもちろん山小屋での一泊山行などにも適した女性用パックです。背中に収まるスリムなシルエットや、体のラインに沿うショルダーハーネスなど、女性の体格に合わせた独自の設計を行っています。"	""	0	0	""	"200"	""	0	""	""	""	""	""	""	""	0	0	1403318665268	1	volfo	1	248	244			1	2	日本	2		0.988	0		""				"ピレネーパック 25 ( 品番 #1223280 )"
"クロスランナーパック 7 ( 品番 #1123644 )"	0	""	1	"日本"	"日本"	1	616.0	""	1	0	0	3.45301e-37	9.87215e-24	7.97105e+18	0	0	1	0	""	"「荷物を入れて背負う」というパックの常識にとらわれず、「荷物を身体にフィットさせる」という独自の視点から開発したランニング専用パックです。"	""	0	0	""	"200"	""	0	""	""	""	""	""	""	""	0	0	1403318665268	1	volfo	1	248	244			1	2	日本	2		0.35	0		""				"クロスランナーパック 7 ( 品番 #1123644 )"
"クロスランナーパック 15 ( 品番 #1123645 )"	0	""	1	"日本"	"日本"	1	667.0	""	1	0	0	3.45301e-37	9.87215e-24	7.97105e+18	0	0	1	0	""	"「荷物を入れて背負う」というパックの常識にとらわれず、「荷物を身体にフィットさせる」という独自の視点から開発したランニング専用パックです。"	""	0	0	""	"200"	""	0	""	""	""	""	""	""	""	0	0	1403318665268	1	volfo	1	248	244			1	2	日本	2		0.42	0		""				"クロスランナーパック 15 ( 品番 #1123645 )"
"ディライトパック20 ( 品番 #1223287 )"	0	""	1	"日本"	"日本"	1	496.0	""	1	0	0	3.45301e-37	9.87215e-24	7.97105e+18	0	0	1	0	""	"水が侵入しにくいアクアテクトジッパーを採用した、軽さと強度、使い勝手の良さを兼ね備えたパックです。背中のパッドを取り外してコンパクトに収納できるのでサブザックとしても使用できます。"	""	0	0	""	"200"	""	0	""	""	""	""	""	""	""	0	0	1403318665268	1	volfo	1	248	244			1	2	日本	2		0.41	0		""				"ディライトパック20 ( 品番 #1223287 )"
"ディライトパック25 ( 品番 #1223288 )"	0	""	1	"日本"	"日本"	1	530.0	""	1	0	0	3.45301e-37	9.87215e-24	7.97105e+18	0	0	1	0	""	"水が侵入しにくいアクアテクトジッパーを採用した、軽さと強度、使い勝手の良さを兼ね備えたパックです。背中のパッドを外してコンパクトに収納できるのでサブザックとしても使用できます。"	""	0	0	""	"200"	""	0	""	""	""	""	""	""	""	0	0	1403318665268	1	volfo	1	248	244			1	2	日本	2		0.46	0		""				"ディライトパック25 ( 品番 #1223288 )"
"カリフォルニアデイパック ( 品番 #1123501 )"	0	""	1	"日本"	"日本"	1	701.0	""	1	0	0	3.45301e-37	9.87215e-24	7.97105e+18	0	0	1	0	""	"正面から見るとティアドロップ型、横からはウェッジ（くさび）型のシルエットを持つデイパック。腕振りがしやすく自転車に乗っても快適な背負い心地です。"	""	0	0	""	"200"	""	0	""	""	""	""	""	""	""	0	0	1403318665268	1	volfo	1	248	244			1	2	日本	2		0.51	0		""				"カリフォルニアデイパック ( 品番 #1123501 )"
"コロラドデイパック ( 品番 #1123502 )"	0	""	1	"日本"	"日本"	1	838.0	""	1	0	0	3.45301e-37	9.87215e-24	7.97105e+18	0	0	1	0	""	"ティアドロップ型のシルエットで、横から見た形も荷物の荷重を理想的に分散するウェッジ（くさび）型、少量の荷物でも形くずれしにくくなっています。"	""	0	0	""	"200"	""	0	""	""	""	""	""	""	""	0	0	1403318665268	1	volfo	1	248	244			1	2	日本	2		0.58	0		""				"コロラドデイパック ( 品番 #1123502 )"
"メッシュギアコンテナ 20 ( 品番 #1123321 )"	0	""	1	"日本"	"日本"	1	334.0	""	1	0	0	3.45301e-37	9.87215e-24	7.97105e+18	0	0	1	0	""	"手提げのときはジッパー式出し入れ口、バックパックのときはドローコードとSRバックルつき出し入れ口を使い分けられます。"	""	0	0	""	"200"	""	0	""	""	""	""	""	""	""	0	0	1403318665268	1	volfo	1	248	244			1	2	日本	2		0.46	0		""				"メッシュギアコンテナ 20 ( 品番 #1123321 )"
