﻿﻿version 1.00
title	cid	seller_cids	stuff_status	location_state	location_city	item_type	price	auction_increment	num	valid_thru	freight_payer	post_fee	ems_fee	express_fee	has_invoice	has_warranty	approve_status	has_showcase	list_time	description	cateProps	postage_id	has_discount	modified	upload_fail_msg	picture_status	auction_point	picture	video	skuProps	inputPids	inputValues	outer_id	propAlias	auto_fill	num_id	local_cid	navigation_type	user_name	syncStatus	is_lighting_consigment	is_xinpin	foodparame	features	buyareatype	global_stock_type	global_stock_country	sub_stock_type	item_size	item_weight	sell_promise	custom_design_flag	wireless_desc	barcode	sku_barcode	newprepay	subtitle
ｱｦｱｴﾃ﨤ﾆ	ｱｦｱｴﾀ狷ｿ	ｵﾌﾀ狷ｿ	ﾐﾂｾﾉｳﾌｶﾈ	ﾊ｡	ｳﾇﾊﾐ	ｳﾛｷｽﾊｽ	ｱｦｱｴｼﾛｸ	ｼﾓｼﾛｷﾈ	ｱｦｱｴﾊﾁｿ	ﾓﾐﾐｧﾆﾚ	ﾔﾋｷﾑｳﾐｵ｣	ﾆｽﾓﾊ	EMS	ｿﾝ	ｷ｢ﾆｱ	ｱ｣ﾐﾞ	ｷﾅﾈﾖｿ	ｳｰﾍﾆｼ	ｿｪﾊｼﾊｱｼ	ｱｦｱｴﾃ靆	ｱｦｱｴﾊﾔ	ﾓﾊｷﾑﾄ｣ｰ覈D	ｻ瞞ｱｴﾛ	ﾐﾞｸﾄﾊｱｼ	ﾉﾏｴｫﾗｴﾌｬ	ﾍｼﾆｬﾗｴﾌｬ	ｷｵｵ羈ﾈﾀ	ﾐﾂﾍｼﾆｬ	ﾊﾓﾆｵ	ﾏ摠ﾛﾊﾔﾗ鮗ﾏ	ﾓﾃｻｧﾊ菠Dｴｮ	ﾓﾃｻｧﾊ菠ﾖｵｶﾔ	ﾉﾌｼﾒｱ狡	ﾏ摠ﾛﾊﾔｱ	ｴ嵭菎獎ﾍ	ﾊﾗﾖID	ｱｾｵﾘID	ｱｦｱｴｷﾖﾀ	ﾓﾃｻｧﾃ﨤ﾆ	ｱｦｱｴﾗｴﾌｬ	ﾉﾁｵ邱｢ｻ	ﾐﾂﾆｷ	ﾊｳﾆｷﾗｨﾏ	ｳﾟﾂ	ｲﾉｹｺｵﾘ	ｿ箒貘獎ﾍ	ｹ恝ﾒｵﾘﾇ	ｿ箒貍ﾆﾊ	ﾎ蟒	ﾎﾘﾁｿ	ﾍﾋｻｻｻﾐﾅｵ	ｶｨﾖﾆｹ､ｾﾟ	ﾎﾞﾏﾟﾏ	ﾉﾌﾆｷﾌﾎﾂ	sku ﾌﾎﾂ	7ﾌﾋｻ	ｱｦｱｴﾂ
"U.L.MONO ショルダー L ( 品番 #1123751 )"	0	""	1	"日本"	"日本"	1	154.0	""	1	0	0	3.45301e-37	9.87215e-24	7.97105e+18	0	0	1	0	""	"収納時は手のひらにすっぽりと収まる、超軽量ショルダーバッグです。雑誌や書類、小物の収納に便利な横長形状です。開口部にはジッパー付き。テープの長さは調節可能で、余りは本体に収納できます。A4サイズに対応しています。"	""	0	0	""	"200"	""	0	""	""	""	""	""	""	""	0	0	1403318665268	1	volfo	1	248	244			1	2	日本	2		0.04	0		""				"U.L.MONO ショルダー L ( 品番 #1123751 )"
"ライト フォトショルダーバッグ S ( 品番 #1123848 )"	0	""	1	"日本"	"日本"	1	350.0	""	1	0	0	3.45301e-37	9.87215e-24	7.97105e+18	0	0	1	0	""	"普段使いからトレッキングまで、さまざまな場面で機能的に活躍する、超軽量・カメラバッグです。バックパックなどの中に入れてインナーバッグとして携行することも可能。"	""	0	0	""	"200"	""	0	""	""	""	""	""	""	""	0	0	1403318665268	1	volfo	1	248	244			1	2	日本	2		0.295	0		""				"ライト フォトショルダーバッグ S ( 品番 #1123848 )"
"ライト フォトショルダーバッグ M ( 品番 #1123849 )"	0	""	1	"日本"	"日本"	1	377.0	""	1	0	0	3.45301e-37	9.87215e-24	7.97105e+18	0	0	1	0	""	"普段使いからトレッキングまで、さまざまな場面で機能的に活躍する、超軽量・カメラバッグです。バックパックなどの中に入れてインナーバッグとして携行することも可能。"	""	0	0	""	"200"	""	0	""	""	""	""	""	""	""	0	0	1403318665268	1	volfo	1	248	244			1	2	日本	2		0.342	0		""				"ライト フォトショルダーバッグ M ( 品番 #1123849 )"
"ライト フォトショルダーバッグ L ( 品番 #1123850 )"	0	""	1	"日本"	"日本"	1	440.0	""	1	0	0	3.45301e-37	9.87215e-24	7.97105e+18	0	0	1	0	""	"普段使いからトレッキングまで、さまざまな場面で機能的に活躍する、超軽量・カメラバッグです。バックパックなどの中に入れてインナーバッグとして携行することも可能。"	""	0	0	""	"200"	""	0	""	""	""	""	""	""	""	0	0	1403318665268	1	volfo	1	248	244			1	2	日本	2		0.368	0		""				"ライト フォトショルダーバッグ L ( 品番 #1123850 )"
"ドライショルダー ( 品番 #1123725 )"	0	""	1	"日本"	"日本"	1	445.0	""	1	0	0	3.45301e-37	9.87215e-24	7.97105e+18	0	0	1	0	""	"レインウエアを着用するような雨の状況でも安心して使えるショルダーバッグです。生地の接合部にウェルダー加工を施した縫い目のないデザインで、極めて高い防水性を実現。"	""	0	0	""	"200"	""	0	""	""	""	""	""	""	""	0	0	1403318665268	1	volfo	1	248	244			1	2	日本	2		0.24	0		""				"ドライショルダー ( 品番 #1123725 )"
"ベルニナ バケット ( 品番 #1123752 )"	0	""	1	"日本"	"日本"	1	291.0	""	1	0	0	3.45301e-37	9.87215e-24	7.97105e+18	0	0	1	0	""	"ホック留めの開口部を折り返すだけのシンプルな構造で、ナチュラルな表情が特徴のショルダーバッグです。"	""	0	0	""	"200"	""	0	""	""	""	""	""	""	""	0	0	1403318665268	1	volfo	1	248	244			1	2	日本	2		0.284	0		""				"ベルニナ バケット ( 品番 #1123752 )"
"L.W.ダッフル 5 ( 品番 #1123381 )"	0	""	1	"日本"	"日本"	1	240.0	""	1	0	0	3.45301e-37	9.87215e-24	7.97105e+18	0	0	1	0	""	"カラーとサイズの豊富なラインアップが魅力の軽量ダッフルバッグです。"	""	0	0	""	"200"	""	0	""	""	""	""	""	""	""	0	0	1403318665268	1	volfo	1	248	244			1	2	日本	2		0.155	0		""				"L.W.ダッフル 5 ( 品番 #1123381 )"
"L.W.ダッフル 10 ( 品番 #1123382 )"	0	""	1	"日本"	"日本"	1	300.0	""	1	0	0	3.45301e-37	9.87215e-24	7.97105e+18	0	0	1	0	""	"カラーとサイズの豊富なラインアップが魅力の軽量ダッフルバッグです。"	""	0	0	""	"200"	""	0	""	""	""	""	""	""	""	0	0	1403318665268	1	volfo	1	248	244			1	2	日本	2		0.255	0		""				"L.W.ダッフル 10 ( 品番 #1123382 )"
"L.W.ショルダーバッグ S ( 品番 #1123519 )"	0	""	1	"日本"	"日本"	1	240.0	""	1	0	0	3.45301e-37	9.87215e-24	7.97105e+18	0	0	1	0	""	"軽く丈夫な生地を使った、飽きのこないシンプルなバッグです。通勤や通学用バッグとしても、旅行のサブバッグとしても使えます。"	""	0	0	""	"200"	""	0	""	""	""	""	""	""	""	0	0	1403318665268	1	volfo	1	248	244			1	2	日本	2		0.215	0		""				"L.W.ショルダーバッグ S ( 品番 #1123519 )"
"L.W.ショルダーバッグ M ( 品番 #1123520 )"	0	""	1	"日本"	"日本"	1	274.0	""	1	0	0	3.45301e-37	9.87215e-24	7.97105e+18	0	0	1	0	""	"軽く丈夫な生地を使った、飽きのこないシンプルなバッグです。通勤や通学用バッグとしても、旅行のサブバッグとしても使えます。"	""	0	0	""	"200"	""	0	""	""	""	""	""	""	""	0	0	1403318665268	1	volfo	1	248	244			1	2	日本	2		0.24	0		""				"L.W.ショルダーバッグ M ( 品番 #1123520 )"
"L.W.ショルダーバッグ L ( 品番 #1123521 )"	0	""	1	"日本"	"日本"	1	445.0	""	1	0	0	3.45301e-37	9.87215e-24	7.97105e+18	0	0	1	0	""	"軽く丈夫な生地を使った、飽きのこないシンプルなバッグです。通勤や通学用バッグとしても、旅行のサブバッグとしても使えます。"	""	0	0	""	"200"	""	0	""	""	""	""	""	""	""	0	0	1403318665268	1	volfo	1	248	244			1	2	日本	2		0.42	0		""				"L.W.ショルダーバッグ L ( 品番 #1123521 )"
"L.W.ショルダーバッグ XL ( 品番 #1123522 )"	0	""	1	"日本"	"日本"	1	479.0	""	1	0	0	3.45301e-37	9.87215e-24	7.97105e+18	0	0	1	0	""	"軽く丈夫な生地を使った、飽きのこないシンプルなバッグです。通勤や通学用バッグとしても、旅行のサブバッグとしても使えます。"	""	0	0	""	"200"	""	0	""	""	""	""	""	""	""	0	0	1403318665268	1	volfo	1	248	244			1	2	日本	2		0.49	0		""				"L.W.ショルダーバッグ XL ( 品番 #1123522 )"
"ポケッタブル ライトショルダー S ( 品番 #1123587 )"	0	""	1	"日本"	"日本"	1	206.0	""	1	0	0	3.45301e-37	9.87215e-24	7.97105e+18	0	0	1	0	""	"軽量コンパクトなポケッタブル仕様。旅行やサブバック、普段のエコバッグとしても最適です。豊富なカラーバリエーションをご用意しています。"	""	0	0	""	"200"	""	0	""	""	""	""	""	""	""	0	0	1403318665268	1	volfo	1	248	244			1	2	日本	2		0.142	0		""				"ポケッタブル ライトショルダー S ( 品番 #1123587 )"
"ポケッタブル ライトショルダー M ( 品番 #1123588 )"	0	""	1	"日本"	"日本"	1	223.0	""	1	0	0	3.45301e-37	9.87215e-24	7.97105e+18	0	0	1	0	""	"軽量コンパクトなポケッタブル仕様。旅行やサブバック、普段のエコバッグとしても最適です。豊富なカラーバリエーションをご用意しています。"	""	0	0	""	"200"	""	0	""	""	""	""	""	""	""	0	0	1403318665268	1	volfo	1	248	244			1	2	日本	2		0.163	0		""				"ポケッタブル ライトショルダー M ( 品番 #1123588 )"
"ポケッタブル ライトショルダー L ( 品番 #1123589 )"	0	""	1	"日本"	"日本"	1	240.0	""	1	0	0	3.45301e-37	9.87215e-24	7.97105e+18	0	0	1	0	""	"軽量コンパクトなポケッタブル仕様。旅行やサブバック、普段のエコバッグとしても最適です。豊富なカラーバリエーションをご用意しています。"	""	0	0	""	"200"	""	0	""	""	""	""	""	""	""	0	0	1403318665268	1	volfo	1	248	244			1	2	日本	2		0.185	0		""				"ポケッタブル ライトショルダー L ( 品番 #1123589 )"
"トラベルポーチ S ( 品番 #1123712 )"	0	""	1	"日本"	"日本"	1	252.0	""	1	0	0	3.45301e-37	9.87215e-24	7.97105e+18	0	0	1	0	""	"ペンやパスポート、財布や携帯電話などを機能的に収納できる多彩なポケットを備えた縦型デザインのポーチです。"	""	0	0	""	"200"	""	0	""	""	""	""	""	""	""	0	0	1403318665268	1	volfo	1	248	244			1	2	日本	2		0.24	0		""				"トラベルポーチ S ( 品番 #1123712 )"
"トラベルポーチ M ( 品番 #1123713 )"	0	""	1	"日本"	"日本"	1	288.0	""	1	0	0	3.45301e-37	9.87215e-24	7.97105e+18	0	0	1	0	""	"ペンやパスポート、財布や携帯電話などを機能的に収納できる多彩なポケットを備えた縦型デザインのポーチです。"	""	0	0	""	"200"	""	0	""	""	""	""	""	""	""	0	0	1403318665268	1	volfo	1	248	244			1	2	日本	2		0.3	0		""				"トラベルポーチ M ( 品番 #1123713 )"
"トラベルポーチ L ( 品番 #1123714 )"	0	""	1	"日本"	"日本"	1	341.0	""	1	0	0	3.45301e-37	9.87215e-24	7.97105e+18	0	0	1	0	""	"ペンやパスポート、財布や携帯電話などを機能的に収納できる多彩なポケットを備えた縦型デザインのポーチです。"	""	0	0	""	"200"	""	0	""	""	""	""	""	""	""	0	0	1403318665268	1	volfo	1	248	244			1	2	日本	2		0.41	0		""				"トラベルポーチ L ( 品番 #1123714 )"
"トラベルショルダー M ( 品番 #1123719 )"	0	""	1	"日本"	"日本"	1	252.0	""	1	0	0	3.45301e-37	9.87215e-24	7.97105e+18	0	0	1	0	""	"パスポートやペン、コンパクトデジタルカメラなど旅に必要な小物を機能的に収納でき、荷物の出し入れがしやすい横型デザインのショルダーバッグです。"	""	0	0	""	"200"	""	0	""	""	""	""	""	""	""	0	0	1403318665268	1	volfo	1	248	244			1	2	日本	2		0.235	0		""				"トラベルショルダー M ( 品番 #1123719 )"
"トラベルショルダー L ( 品番 #1123720 )"	0	""	1	"日本"	"日本"	1	323.0	""	1	0	0	3.45301e-37	9.87215e-24	7.97105e+18	0	0	1	0	""	"パスポートやペン、コンパクトデジタルカメラなど旅に必要な小物を機能的に収納でき、荷物の出し入れがしやすい横型デザインのショルダーバッグです。"	""	0	0	""	"200"	""	0	""	""	""	""	""	""	""	0	0	1403318665268	1	volfo	1	248	244			1	2	日本	2		0.355	0		""				"トラベルショルダー L ( 品番 #1123720 )"
"ベビーケア ショルダー ( 品番 #1123741 )"	0	""	1	"日本"	"日本"	1	675.0	""	1	0	0	3.45301e-37	9.87215e-24	7.97105e+18	0	0	1	0	""	"シンプルなデザインで男性も違和感なく持ち歩ける育児用バッグです。収納力に優れ、子どもが成長した後も便利なショルダーバッグとして長く使用していだだけます。"	""	0	0	""	"200"	""	0	""	""	""	""	""	""	""	0	0	1403318665268	1	volfo	1	248	244			1	2	日本	2		0.76	0		""				"ベビーケア ショルダー ( 品番 #1123741 )"
"ベルニナ ショルダー S ( 品番 #1123744 )"	0	""	1	"日本"	"日本"	1	300.0	""	1	0	0	3.45301e-37	9.87215e-24	7.97105e+18	0	0	1	0	""	"ショルダーストラップの長さはワンタッチで調節でき、肩掛けにも斜め掛けにも対応するバッグです。ストラップの余りひもはサイドポケットに収納できるようになっています。"	""	0	0	""	"200"	""	0	""	""	""	""	""	""	""	0	0	1403318665268	1	volfo	1	248	244			1	2	日本	2		0.19	0		""				"ベルニナ ショルダー S ( 品番 #1123744 )"
"ベルニナ ショルダー M ( 品番 #1123745 )"	0	""	1	"日本"	"日本"	1	385.0	""	1	0	0	3.45301e-37	9.87215e-24	7.97105e+18	0	0	1	0	""	"ショルダーストラップの長さはワンタッチで調節でき、肩掛けにも斜め掛けにも対応するバッグです。ストラップの余りひもはサイドポケットに収納できるようになっています。"	""	0	0	""	"200"	""	0	""	""	""	""	""	""	""	0	0	1403318665268	1	volfo	1	248	244			1	2	日本	2		0.266	0		""				"ベルニナ ショルダー M ( 品番 #1123745 )"
"ベルニナ ショルダー L ( 品番 #1123746 )"	0	""	1	"日本"	"日本"	1	471.0	""	1	0	0	3.45301e-37	9.87215e-24	7.97105e+18	0	0	1	0	""	"ショルダーストラップの長さはワンタッチで調節でき、肩掛けにも斜め掛けにも対応するバッグです。ストラップの余りひもはサイドポケットに収納できるようになっています。"	""	0	0	""	"200"	""	0	""	""	""	""	""	""	""	0	0	1403318665268	1	volfo	1	248	244			1	2	日本	2		0.359	0		""				"ベルニナ ショルダー L ( 品番 #1123746 )"
"ベルニナ フラップショルダー M ( 品番 #1123749 )"	0	""	1	"日本"	"日本"	1	419.0	""	1	0	0	3.45301e-37	9.87215e-24	7.97105e+18	0	0	1	0	""	"大きなフラップを備えたシンプルなショルダーバッグです。フラップはベルクロとSRバックルで固定可能。ショルダーストラップの長さはワンタッチで調節でき、余りひもはサイドポケットに収納できるようになっています。"	""	0	0	""	"200"	""	0	""	""	""	""	""	""	""	0	0	1403318665268	1	volfo	1	248	244			1	2	日本	2		0.3	0		""				"ベルニナ フラップショルダー M ( 品番 #1123749 )"
"ベルニナ フラップショルダー L ( 品番 #1123750 )"	0	""	1	"日本"	"日本"	1	496.0	""	1	0	0	3.45301e-37	9.87215e-24	7.97105e+18	0	0	1	0	""	"大きなフラップを備えたシンプルなショルダーバッグです。フラップはベルクロとSRバックルで固定可能。ショルダーストラップの長さはワンタッチで調節でき、余りひもはサイドポケットに収納できるようになっています。"	""	0	0	""	"200"	""	0	""	""	""	""	""	""	""	0	0	1403318665268	1	volfo	1	248	244			1	2	日本	2		0.374	0		""				"ベルニナ フラップショルダー L ( 品番 #1123750 )"
"U.L.MONO ショルダー M ( 品番 #1123776 )"	0	""	1	"日本"	"日本"	1	142.0	""	1	0	0	3.45301e-37	9.87215e-24	7.97105e+18	0	0	1	0	""	"手のひらにすっぽりと収まる超軽量ショルダーバッグです。雑誌や書類、小物の収納に便利な横長形状です。"	""	0	0	""	"200"	""	0	""	""	""	""	""	""	""	0	0	1403318665268	1	volfo	1	248	244			1	2	日本	2		0.033	0		""				"U.L.MONO ショルダー M ( 品番 #1123776 )"
"カメラショルダーバッグ M ( 品番 #1123438 )"	0	""	1	"日本"	"日本"	1	419.0	""	1	0	0	3.45301e-37	9.87215e-24	7.97105e+18	0	0	1	0	""	"フィールドでの撮影や街撮りの際などに最適なショルダーバッグです。振れを防止するウエストベルトや、手持ちに対応できるハンドルなど、目的や用途に応じて便利に活用できる機能を多数搭載しています。"	""	0	0	""	"200"	""	0	""	""	""	""	""	""	""	0	0	1403318665268	1	volfo	1	248	244			1	2	日本	2		0.4	0		""				"カメラショルダーバッグ M ( 品番 #1123438 )"
"カメラショルダーバッグ L ( 品番 #1123439 )"	0	""	1	"日本"	"日本"	1	496.0	""	1	0	0	3.45301e-37	9.87215e-24	7.97105e+18	0	0	1	0	""	"フィールドでの撮影や街撮りの際などに最適なショルダーバッグです。振れを防止するウエストベルトや、手持ちに対応できるハンドルなど、目的や用途に応じて便利に活用できる機能を多数搭載しています。"	""	0	0	""	"200"	""	0	""	""	""	""	""	""	""	0	0	1403318665268	1	volfo	1	248	244			1	2	日本	2		0.6	0		""				"カメラショルダーバッグ L ( 品番 #1123439 )"
