﻿﻿version 1.00
title	cid	seller_cids	stuff_status	location_state	location_city	item_type	price	auction_increment	num	valid_thru	freight_payer	post_fee	ems_fee	express_fee	has_invoice	has_warranty	approve_status	has_showcase	list_time	description	cateProps	postage_id	has_discount	modified	upload_fail_msg	picture_status	auction_point	picture	video	skuProps	inputPids	inputValues	outer_id	propAlias	auto_fill	num_id	local_cid	navigation_type	user_name	syncStatus	is_lighting_consigment	is_xinpin	foodparame	features	buyareatype	global_stock_type	global_stock_country	sub_stock_type	item_size	item_weight	sell_promise	custom_design_flag	wireless_desc	barcode	sku_barcode	newprepay	subtitle
ｱｦｱｴﾃ﨤ﾆ	ｱｦｱｴﾀ狷ｿ	ｵﾌﾀ狷ｿ	ﾐﾂｾﾉｳﾌｶﾈ	ﾊ｡	ｳﾇﾊﾐ	ｳﾛｷｽﾊｽ	ｱｦｱｴｼﾛｸ	ｼﾓｼﾛｷﾈ	ｱｦｱｴﾊﾁｿ	ﾓﾐﾐｧﾆﾚ	ﾔﾋｷﾑｳﾐｵ｣	ﾆｽﾓﾊ	EMS	ｿﾝ	ｷ｢ﾆｱ	ｱ｣ﾐﾞ	ｷﾅﾈﾖｿ	ｳｰﾍﾆｼ	ｿｪﾊｼﾊｱｼ	ｱｦｱｴﾃ靆	ｱｦｱｴﾊﾔ	ﾓﾊｷﾑﾄ｣ｰ覈D	ｻ瞞ｱｴﾛ	ﾐﾞｸﾄﾊｱｼ	ﾉﾏｴｫﾗｴﾌｬ	ﾍｼﾆｬﾗｴﾌｬ	ｷｵｵ羈ﾈﾀ	ﾐﾂﾍｼﾆｬ	ﾊﾓﾆｵ	ﾏ摠ﾛﾊﾔﾗ鮗ﾏ	ﾓﾃｻｧﾊ菠Dｴｮ	ﾓﾃｻｧﾊ菠ﾖｵｶﾔ	ﾉﾌｼﾒｱ狡	ﾏ摠ﾛﾊﾔｱ	ｴ嵭菎獎ﾍ	ﾊﾗﾖID	ｱｾｵﾘID	ｱｦｱｴｷﾖﾀ	ﾓﾃｻｧﾃ﨤ﾆ	ｱｦｱｴﾗｴﾌｬ	ﾉﾁｵ邱｢ｻ	ﾐﾂﾆｷ	ﾊｳﾆｷﾗｨﾏ	ｳﾟﾂ	ｲﾉｹｺｵﾘ	ｿ箒貘獎ﾍ	ｹ恝ﾒｵﾘﾇ	ｿ箒貍ﾆﾊ	ﾎ蟒	ﾎﾘﾁｿ	ﾍﾋｻｻｻﾐﾅｵ	ｶｨﾖﾆｹ､ｾﾟ	ﾎﾞﾏﾟﾏ	ﾉﾌﾆｷﾌﾎﾂ	sku ﾌﾎﾂ	7ﾌﾋｻ	ｱｦｱｴﾂ
"プルトップ アクティブボトル 0.7L ( 品番 #1124564 )"	0	""	1	"日本"	"日本"	1	60.0	""	1	0	0	3.45301e-37	9.87215e-24	7.97105e+18	0	0	1	0	""	"ランニングやサイクリングなどのアクティビティ時に、効率的に水分補給を行えるストロー付きボトルです。においが付きにくいポリプロピレン製。"	""	0	0	""	"200"	""	0	""	""	""	""	""	""	""	0	0	1403318665268	1	volfo	1	248	244			1	2	日本	2		0.065	0		""				"プルトップ アクティブボトル 0.7L ( 品番 #1124564 )"
"エディボトルキャップ ( 品番 #1821783 )"	0	""	1	"日本"	"日本"	1	90.0	""	1	0	0	3.45301e-37	9.87215e-24	7.97105e+18	0	0	1	0	""	"エディボトル・シリーズ専用の交換用キャップとストローのセットです。"	""	0	0	""	"200"	""	0	""	""	""	""	""	""	""	0	0	1403318665268	1	volfo	1	248	244			1	2	日本	2		0.0	0		""				"エディボトルキャップ ( 品番 #1821783 )"
"ステンレス サーモボトル 0.35L ( 品番 #1124494 )"	0	""	1	"日本"	"日本"	1	120.0	""	1	0	0	3.45301e-37	9.87215e-24	7.97105e+18	0	0	1	0	""	"真空二層構造で優れた保温・保冷効果を発揮するステンレス製ボトルです。無駄な凹凸をなくしたストレート形状でかさばらず、日常使いだけでなく、登山やキャンプまで幅広く活躍します。"	""	0	0	""	"200"	""	0	""	""	""	""	""	""	""	0	0	1403318665268	1	volfo	1	248	244			1	2	日本	2		0.31	0		""				"ステンレス サーモボトル 0.35L ( 品番 #1124494 )"
"ステンレス サーモボトル 0.45L ( 品番 #1124495 )"	0	""	1	"日本"	"日本"	1	129.0	""	1	0	0	3.45301e-37	9.87215e-24	7.97105e+18	0	0	1	0	""	"真空二層構造で優れた保温・保冷効果を発揮するステンレス製ボトルです。無駄な凹凸をなくしたストレート形状でかさばらず、日常使いだけでなく、登山やキャンプまで幅広く活躍します。"	""	0	0	""	"200"	""	0	""	""	""	""	""	""	""	0	0	1403318665268	1	volfo	1	248	244			1	2	日本	2		0.34	0		""				"ステンレス サーモボトル 0.45L ( 品番 #1124495 )"
"ステンレス サーモボトル 0.75L ( 品番 #1124496 )"	0	""	1	"日本"	"日本"	1	171.0	""	1	0	0	3.45301e-37	9.87215e-24	7.97105e+18	0	0	1	0	""	"真空二層構造で優れた保温・保冷効果を発揮するステンレス製ボトルです。無駄な凹凸をなくしたストレート形状でかさばらず、日常使いだけでなく、登山やキャンプまで幅広く活躍します。"	""	0	0	""	"200"	""	0	""	""	""	""	""	""	""	0	0	1403318665268	1	volfo	1	248	244			1	2	日本	2		0.515	0		""				"ステンレス サーモボトル 0.75L ( 品番 #1124496 )"
"オールクリア ( 品番 #1821619 )"	0	""	1	"日本"	"日本"	1	1692.0	""	1	0	0	3.45301e-37	9.87215e-24	7.97105e+18	0	0	1	0	""	"キャップ内側についているライトからボトル内の水に短波の紫外線を照射することにより、バクテリアやウイルスなどの活動を抑制する高機能ボトルです。"	""	0	0	""	"200"	""	0	""	""	""	""	""	""	""	0	0	1403318665268	1	volfo	1	248	244			1	2	日本	2		0.302	0		""				"オールクリア ( 品番 #1821619 )"
"クリアボトル 0.5L ( 品番 #1124419 )"	0	""	1	"日本"	"日本"	1	81.0	""	1	0	0	3.45301e-37	9.87215e-24	7.97105e+18	0	0	1	0	""	"軽量で耐久性に優れ、においも少なく、BPA（ビスフェノールA）を含まない安心素材のボトルです。"	""	0	0	""	"200"	""	0	""	""	""	""	""	""	""	0	0	1403318665268	1	volfo	1	248	244			1	2	日本	2		0.095	0		""				"クリアボトル 0.5L ( 品番 #1124419 )"
"クリアボトル 0.75L ( 品番 #1124420 )"	0	""	1	"日本"	"日本"	1	89.0	""	1	0	0	3.45301e-37	9.87215e-24	7.97105e+18	0	0	1	0	""	"軽量で耐久性に優れ、においも少なく、BPA（ビスフェノールA）を含まない安心素材のボトルです。"	""	0	0	""	"200"	""	0	""	""	""	""	""	""	""	0	0	1403318665268	1	volfo	1	248	244			1	2	日本	2		0.12	0		""				"クリアボトル 0.75L ( 品番 #1124420 )"
"クリアボトル 1.0L ( 品番 #1124421 )"	0	""	1	"日本"	"日本"	1	107.0	""	1	0	0	3.45301e-37	9.87215e-24	7.97105e+18	0	0	1	0	""	"軽量で耐久性に優れ、においも少なく、BPA（ビスフェノールA）を含まない安心素材のボトルです。"	""	0	0	""	"200"	""	0	""	""	""	""	""	""	""	0	0	1403318665268	1	volfo	1	248	244			1	2	日本	2		0.13	0		""				"クリアボトル 1.0L ( 品番 #1124421 )"
"エディボトル0.6L ( 品番 #1821638 )"	0	""	1	"日本"	"日本"	1	147.0	""	1	0	0	3.45301e-37	9.87215e-24	7.97105e+18	0	0	1	0	""	"普段使いからアウトドアアクティビティでの利用まで、幅広く使っていただけるボトル（容量0.6L）です。ストローの径を従来の2倍にしたことで、非常に飲みやすくなりました。"	""	0	0	""	"200"	""	0	""	""	""	""	""	""	""	0	0	1403318665268	1	volfo	1	248	244			1	2	日本	2		0.141	0		""				"エディボトル0.6L ( 品番 #1821638 )"
"エディボトル0.75L ( 品番 #1821639 )"	0	""	1	"日本"	"日本"	1	153.0	""	1	0	0	3.45301e-37	9.87215e-24	7.97105e+18	0	0	1	0	""	"普段使いからアウトドアアクティビティでの利用まで、幅広く使っていただけるボトル（容量0.75L）です。ストローの径を従来の2倍にしたことで、非常に飲みやすくなりました。"	""	0	0	""	"200"	""	0	""	""	""	""	""	""	""	0	0	1403318665268	1	volfo	1	248	244			1	2	日本	2		0.167	0		""				"エディボトル0.75L ( 品番 #1821639 )"
"エディボトル1.0L ( 品番 #1821640 )"	0	""	1	"日本"	"日本"	1	162.0	""	1	0	0	3.45301e-37	9.87215e-24	7.97105e+18	0	0	1	0	""	"普段使いからアウトドアアクティビティでの利用まで、幅広く使っていただけるボトル（容量1.0L）です。ストローの径を従来の2倍にしたことで、非常に飲みやすくなりました。"	""	0	0	""	"200"	""	0	""	""	""	""	""	""	""	0	0	1403318665268	1	volfo	1	248	244			1	2	日本	2		0.19	0		""				"エディボトル1.0L ( 品番 #1821640 )"
"グルーヴボトル0.6L ( 品番 #1821624 )"	0	""	1	"日本"	"日本"	1	255.0	""	1	0	0	3.45301e-37	9.87215e-24	7.97105e+18	0	0	1	0	""	"ストローに内蔵された活性炭フィルターが水の臭いや不純物を除去します。1本のフィルターが付属（約3ヶ月分）"	""	0	0	""	"200"	""	0	""	""	""	""	""	""	""	0	0	1403318665268	1	volfo	1	248	244			1	2	日本	2		0.18	0		""				"グルーヴボトル0.6L ( 品番 #1821624 )"
"エディボトル グラス0.7L ( 品番 #1821636 )"	0	""	1	"日本"	"日本"	1	214.0	""	1	0	0	3.45301e-37	9.87215e-24	7.97105e+18	0	0	1	0	""	"エコなガラス素材のボトルです。臭いが付かず、味も変わりません。シリコンカバーが付いているので、持ちやすく、プロテクターの役目も果たしています。"	""	0	0	""	"200"	""	0	""	""	""	""	""	""	""	0	0	1403318665268	1	volfo	1	248	244			1	2	日本	2		0.558	0		""				"エディボトル グラス0.7L ( 品番 #1821636 )"
"エディステンレスボトルインシュレーティッド 0.5L ( 品番 #1821641 )"	0	""	1	"日本"	"日本"	1	297.0	""	1	0	0	3.45301e-37	9.87215e-24	7.97105e+18	0	0	1	0	""	"エディボトルのステンレスモデルで、真空2層構造をもつ本格的な保冷・保温ボトルです。（容量0.5L）"	""	0	0	""	"200"	""	0	""	""	""	""	""	""	""	0	0	1403318665268	1	volfo	1	248	244			1	2	日本	2		0.395	0		""				"エディステンレスボトルインシュレーティッド 0.5L ( 品番 #1821641 )"
"エディボトルインシュレーテッド0.6L ( 品番 #1821643 )"	0	""	1	"日本"	"日本"	1	198.0	""	1	0	0	3.45301e-37	9.87215e-24	7.97105e+18	0	0	1	0	""	"エディボトル 0.6Lに、保温・保冷機能を加えたボトルです。"	""	0	0	""	"200"	""	0	""	""	""	""	""	""	""	0	0	1403318665268	1	volfo	1	248	244			1	2	日本	2		0.275	0		""				"エディボトルインシュレーテッド0.6L ( 品番 #1821643 )"
"サーモシリンダー 0.45L ( 品番 #1124314 )"	0	""	1	"日本"	"日本"	1	146.0	""	1	0	0	3.45301e-37	9.87215e-24	7.97105e+18	0	0	1	0	""	"軽量ながら、保温・保冷効果のある5層構造の樹脂製ボトルです。「プルトップキャップクリアボトル用」や「クリアボトルインナーキャップ」を取り付けられます。"	""	0	0	""	"200"	""	0	""	""	""	""	""	""	""	0	0	1403318665268	1	volfo	1	248	244			1	2	日本	2		0.2	0		""				"サーモシリンダー 0.45L ( 品番 #1124314 )"
"パフォーマンスボトル(ランストラップ) ( 品番 #1821610 )"	0	""	1	"日本"	"日本"	1	205.0	""	1	0	0	3.45301e-37	9.87215e-24	7.97105e+18	0	0	1	0	""	"安定感のあるアジャスタブルグリップがついたストラップ。サイドには鍵や食べ物などを入れられるジッパー付きポケット。パフォーマンスボトル0.65L（ブルー）付き。"	""	0	0	""	"200"	""	0	""	""	""	""	""	""	""	0	0	1403318665268	1	volfo	1	248	244			1	2	日本	2		0.15	0		""				"パフォーマンスボトル(ランストラップ) ( 品番 #1821610 )"
"スクリュートップ アルミボトル 0.35L ワイド ( 品番 #1123626 )"	0	""	1	"日本"	"日本"	1	142.0	""	1	0	0	3.45301e-37	9.87215e-24	7.97105e+18	0	0	1	0	""	"臭いがつきにくい加工を施した、軽くて丈夫なアルミ製のボトルです。ペットボトルと同じサイズなのでにぎりやすく広口タイプなので氷を入れたり、洗浄するのに便利です。"	""	0	0	""	"200"	""	0	""	""	""	""	""	""	""	0	0	1403318665268	1	volfo	1	248	244			1	2	日本	2		0.08	0		""				"スクリュートップ アルミボトル 0.35L ワイド ( 品番 #1123626 )"
"スクリュートップ アルミボトル 0.5L ワイド ( 品番 #1123627 )"	0	""	1	"日本"	"日本"	1	159.0	""	1	0	0	3.45301e-37	9.87215e-24	7.97105e+18	0	0	1	0	""	"臭いがつきにくい加工を施した、軽くて丈夫なアルミ製のボトルです。ペットボトルと同じサイズなのでにぎりやすく広口タイプなので氷を入れたり、洗浄するのに便利です。"	""	0	0	""	"200"	""	0	""	""	""	""	""	""	""	0	0	1403318665268	1	volfo	1	248	244			1	2	日本	2		0.095	0		""				"スクリュートップ アルミボトル 0.5L ワイド ( 品番 #1123627 )"
"スクリュートップ アルミボトル 1L ワイド ( 品番 #1123628 )"	0	""	1	"日本"	"日本"	1	171.0	""	1	0	0	3.45301e-37	9.87215e-24	7.97105e+18	0	0	1	0	""	"臭いがつきにくい加工を施した、軽くて丈夫なアルミ製のボトルです。ペットボトルと同じサイズなのでにぎりやすく広口タイプなので氷を入れたり、洗浄するのに便利です。"	""	0	0	""	"200"	""	0	""	""	""	""	""	""	""	0	0	1403318665268	1	volfo	1	248	244			1	2	日本	2		0.15	0		""				"スクリュートップ アルミボトル 1L ワイド ( 品番 #1123628 )"
"サーモフレックスウォーターパック 0.75L ( 品番 #1123635 )"	0	""	1	"日本"	"日本"	1	120.0	""	1	0	0	3.45301e-37	9.87215e-24	7.97105e+18	0	0	1	0	""	"軽くてかさばらないポリエチレンフィルム製の水筒と保温・保冷機能付きの保護カバーのセットです。液体や粘体の食品なども入れられ、冷凍庫で凍らせることもできます。"	""	0	0	""	"200"	""	0	""	""	""	""	""	""	""	0	0	1403318665268	1	volfo	1	248	244			1	2	日本	2		0.04	0		""				"サーモフレックスウォーターパック 0.75L ( 品番 #1123635 )"
"サーモ フレックスウォーターパック 1L ( 品番 #1123636 )"	0	""	1	"日本"	"日本"	1	133.0	""	1	0	0	3.45301e-37	9.87215e-24	7.97105e+18	0	0	1	0	""	"軽くてかさばらないポリエチレンフィルム製の水筒と保温・保冷機能付きの保護カバーのセットです。液体や粘体の食品なども入れられ、冷凍庫で凍らせることもできます。"	""	0	0	""	"200"	""	0	""	""	""	""	""	""	""	0	0	1403318665268	1	volfo	1	248	244			1	2	日本	2		0.045	0		""				"サーモ フレックスウォーターパック 1L ( 品番 #1123636 )"
"サーモ フレックスウォーターパック 1.5L ( 品番 #1123637 )"	0	""	1	"日本"	"日本"	1	150.0	""	1	0	0	3.45301e-37	9.87215e-24	7.97105e+18	0	0	1	0	""	"軽くてかさばらないポリエチレンフィルム製の水筒と保温・保冷機能付きの保護カバーのセットです。液体や粘体の食品なども入れられ、冷凍庫で凍らせることもできます。"	""	0	0	""	"200"	""	0	""	""	""	""	""	""	""	0	0	1403318665268	1	volfo	1	248	244			1	2	日本	2		0.055	0		""				"サーモ フレックスウォーターパック 1.5L ( 品番 #1123637 )"
"サーモフレックスウォーターパック 替え袋 0.75L ( 品番 #1123638 )"	0	""	1	"日本"	"日本"	1	56.0	""	1	0	0	3.45301e-37	9.87215e-24	7.97105e+18	0	0	1	0	""	"サーモ フレックスウォーターパック0.75L、用の替え袋です。必ずカバーに入れてお使いください。（保護カバーに入れた状態での容量です。）"	""	0	0	""	"200"	""	0	""	""	""	""	""	""	""	0	0	1403318665268	1	volfo	1	248	244			1	2	日本	2		0.0	0		""				"サーモフレックスウォーターパック 替え袋 0.75L ( 品番 #1123638 )"
"サーモフレックスウォーターパック 替え袋 1L ( 品番 #1123639 )"	0	""	1	"日本"	"日本"	1	65.0	""	1	0	0	3.45301e-37	9.87215e-24	7.97105e+18	0	0	1	0	""	"サーモ フレックスウォーターパック1.0L用の替え袋です。必ずカバーに入れてお使いください。（保護カバーに入れた状態での容量です。）"	""	0	0	""	"200"	""	0	""	""	""	""	""	""	""	0	0	1403318665268	1	volfo	1	248	244			1	2	日本	2		0.0	0		""				"サーモフレックスウォーターパック 替え袋 1L ( 品番 #1123639 )"
"サーモフレックスウォーターパック 替え袋 1.5L ( 品番 #1123640 )"	0	""	1	"日本"	"日本"	1	73.0	""	1	0	0	3.45301e-37	9.87215e-24	7.97105e+18	0	0	1	0	""	"サーモ フレックスウォーターパック1.5L用の替え袋です。必ずカバーに入れてお使いください。（保護カバーに入れた状態での容量です。）"	""	0	0	""	"200"	""	0	""	""	""	""	""	""	""	0	0	1403318665268	1	volfo	1	248	244			1	2	日本	2		0.0	0		""				"サーモフレックスウォーターパック 替え袋 1.5L ( 品番 #1123640 )"
"スクリュートップ アルミボトル 0.5L ( 品番 #1124434 )"	0	""	1	"日本"	"日本"	1	116.0	""	1	0	0	3.45301e-37	9.87215e-24	7.97105e+18	0	0	1	0	""	"臭いがつきにくい加工を施した、軽くて丈夫なアルミ製のボトルです。ペットボトルと同じサイズなのでにぎりやすくなっています。"	""	0	0	""	"200"	""	0	""	""	""	""	""	""	""	0	0	1403318665268	1	volfo	1	248	244			1	2	日本	2		0.085	0		""				"スクリュートップ アルミボトル 0.5L ( 品番 #1124434 )"
"スクリュートップ アルミボトル 1L ( 品番 #1124435 )"	0	""	1	"日本"	"日本"	1	133.0	""	1	0	0	3.45301e-37	9.87215e-24	7.97105e+18	0	0	1	0	""	"臭いがつきにくい加工を施した、軽くて丈夫なアルミ製のボトルです。ペットボトルと同じサイズなのでにぎりやすくなっています。"	""	0	0	""	"200"	""	0	""	""	""	""	""	""	""	0	0	1403318665268	1	volfo	1	248	244			1	2	日本	2		0.145	0		""				"スクリュートップ アルミボトル 1L ( 品番 #1124435 )"
"ポディウムアーク0.24L(2コ) ( 品番 #1821633 )"	0	""	1	"日本"	"日本"	1	198.0	""	1	0	0	3.45301e-37	9.87215e-24	7.97105e+18	0	0	1	0	""	"アークベルトに取り付けられるボトルです。（0.24L X 2本）"	""	0	0	""	"200"	""	0	""	""	""	""	""	""	""	0	0	1403318665268	1	volfo	1	248	244			1	2	日本	2		0.0	0		""				"ポディウムアーク0.24L(2コ) ( 品番 #1821633 )"
"ポディウムアーク0.3L(2コ) ( 品番 #1821634 )"	0	""	1	"日本"	"日本"	1	207.0	""	1	0	0	3.45301e-37	9.87215e-24	7.97105e+18	0	0	1	0	""	"アークベルトに取り付けられるボトルです。（0.3L X 2本）"	""	0	0	""	"200"	""	0	""	""	""	""	""	""	""	0	0	1403318665268	1	volfo	1	248	244			1	2	日本	2		0.0	0		""				"ポディウムアーク0.3L(2コ) ( 品番 #1821634 )"
"アーク クイックグリップ ( 品番 #1821635 )"	0	""	1	"日本"	"日本"	1	207.0	""	1	0	0	3.45301e-37	9.87215e-24	7.97105e+18	0	0	1	0	""	"コンパクトで持ちやすいポディウムアークボトル0.3Lに小物入れを付けました。手にジャストフィットし、走りをさまたげません。"	""	0	0	""	"200"	""	0	""	""	""	""	""	""	""	0	0	1403318665268	1	volfo	1	248	244			1	2	日本	2		0.01	0		""				"アーク クイックグリップ ( 品番 #1821635 )"
"エディステンレスボトル 0.7L ( 品番 #1821642 )"	0	""	1	"日本"	"日本"	1	225.0	""	1	0	0	3.45301e-37	9.87215e-24	7.97105e+18	0	0	1	0	""	"エディボトルのステンレスモデルです。（容量0.7L）"	""	0	0	""	"200"	""	0	""	""	""	""	""	""	""	0	0	1403318665268	1	volfo	1	248	244			1	2	日本	2		0.0	0		""				"エディステンレスボトル 0.7L ( 品番 #1821642 )"
"クラシックボトルキャップ ( 品番 #1821745 )"	0	""	1	"日本"	"日本"	1	69.0	""	1	0	0	3.45301e-37	9.87215e-24	7.97105e+18	0	0	1	0	""	"キャメルバックボトル（ベターボトル、クラシックボトル、ステンレス シングルウォールボトル、ステンレス ダブルウォールボトル）に対応したキャップ。"	""	0	0	""	"200"	""	0	""	""	""	""	""	""	""	0	0	1403318665268	1	volfo	1	248	244			1	2	日本	2		0.0	0		""				"クラシックボトルキャップ ( 品番 #1821745 )"
"スクリューキャップ アルミボトル用 ( 品番 #1124436 )"	0	""	1	"日本"	"日本"	1	18.0	""	1	0	0	3.45301e-37	9.87215e-24	7.97105e+18	0	0	1	0	""	"「スクリュートップアルミボトル」の交換用キャップです。"	""	0	0	""	"200"	""	0	""	""	""	""	""	""	""	0	0	1403318665268	1	volfo	1	248	244			1	2	日本	2		0.015	0		""				"スクリューキャップ アルミボトル用 ( 品番 #1124436 )"
"プルトップキャップ アルミボトルワイド用 ( 品番 #1123630 )"	0	""	1	"日本"	"日本"	1	43.0	""	1	0	0	3.45301e-37	9.87215e-24	7.97105e+18	0	0	1	0	""	"「スクリュートップアルミボトル ワイド」の替え用キャップです。装着したまま飲むことができます。キャップを閉めるとプルトップも閉まり、中の飲み物がこぼれません。"	""	0	0	""	"200"	""	0	""	""	""	""	""	""	""	0	0	1403318665268	1	volfo	1	248	244			1	2	日本	2		0.02	0		""				"プルトップキャップ アルミボトルワイド用 ( 品番 #1123630 )"
"スクリューキャップ アルミボトルワイド用 ( 品番 #1123669 )"	0	""	1	"日本"	"日本"	1	27.0	""	1	0	0	3.45301e-37	9.87215e-24	7.97105e+18	0	0	1	0	""	"「スクリュートップアルミボトル ワイド」の交換用キャップです。"	""	0	0	""	"200"	""	0	""	""	""	""	""	""	""	0	0	1403318665268	1	volfo	1	248	244			1	2	日本	2		0.02	0		""				"スクリューキャップ アルミボトルワイド用 ( 品番 #1123669 )"
"プルトップキャップ クリアボトル用 ( 品番 #1124393 )"	0	""	1	"日本"	"日本"	1	35.0	""	1	0	0	3.45301e-37	9.87215e-24	7.97105e+18	0	0	1	0	""	"キャップつきで飲み口にホコリなどが付着しにくい交換用キャップです。「クリアボトル」の他に「サーモシリンダー」にも対応します。"	""	0	0	""	"200"	""	0	""	""	""	""	""	""	""	0	0	1403318665268	1	volfo	1	248	244			1	2	日本	2		0.0	0		""				"プルトップキャップ クリアボトル用 ( 品番 #1124393 )"
"キャップキャップ ( 品番 #1899050 )"	0	""	1	"日本"	"日本"	1	68.0	""	1	0	0	3.45301e-37	9.87215e-24	7.97105e+18	0	0	1	0	""	"キャメルバックボトルやナルゲンなどの広口ボトルに装着することで、狭口ボトルに変更できます。飲み口が狭くなることで氷を入れた飲み物も飲みやすくなります。"	""	0	0	""	"200"	""	0	""	""	""	""	""	""	""	0	0	1403318665268	1	volfo	1	248	244			1	2	日本	2		0.0	0		""				"キャップキャップ ( 品番 #1899050 )"
"ライトキャップ300 ( 品番 #3718003 )"	0	""	1	"日本"	"日本"	1	248.0	""	1	0	0	3.45301e-37	9.87215e-24	7.97105e+18	0	0	1	0	""	"バッテリー交換不要のソーラーランタン。広口ボトルに太陽電池式ライトがついたエコでユニークな製品です。昼間はウォーターボトルとして太陽光の当たる場所で使用し、夜にはランタンとして使えます。"	""	0	0	""	"200"	""	0	""	""	""	""	""	""	""	0	0	1403318665268	1	volfo	1	248	244			1	2	日本	2		0.285	0		""				"ライトキャップ300 ( 品番 #3718003 )"
"クリアボトル インナーキャップ ( 品番 #1123616 )"	0	""	1	"日本"	"日本"	1	26.0	""	1	0	0	3.45301e-37	9.87215e-24	7.97105e+18	0	0	1	0	""	"クリアボトルなどに装着できるインナーキャップです。飲み口に細かい穴を開けることで、ボトルの中身が一気に口に流れ込むのを防ぎます。"	""	0	0	""	"200"	""	0	""	""	""	""	""	""	""	0	0	1403318665268	1	volfo	1	248	244			1	2	日本	2		0.0040	0		""				"クリアボトル インナーキャップ ( 品番 #1123616 )"
"ステンレス サーモボトル 0.45L 手のひらに太陽 ( 品番 #1124574 )"	0	""	1	"日本"	"日本"	1	129.0	""	1	0	0	3.45301e-37	9.87215e-24	7.97105e+18	0	0	1	0	""	"真空二層構造で優れた保温・保冷効果を発揮するステンレス製ボトルです。このボトルの売り上げの一部は、東日本大震災復興支援「手のひらに太陽の家プロジェクト」に寄付されます。"	""	0	0	""	"200"	""	0	""	""	""	""	""	""	""	0	0	1403318665268	1	volfo	1	248	244			1	2	日本	2		0.34	0		""				"ステンレス サーモボトル 0.45L 手のひらに太陽 ( 品番 #1124574 )"
