﻿﻿version 1.00
title	cid	seller_cids	stuff_status	location_state	location_city	item_type	price	auction_increment	num	valid_thru	freight_payer	post_fee	ems_fee	express_fee	has_invoice	has_warranty	approve_status	has_showcase	list_time	description	cateProps	postage_id	has_discount	modified	upload_fail_msg	picture_status	auction_point	picture	video	skuProps	inputPids	inputValues	outer_id	propAlias	auto_fill	num_id	local_cid	navigation_type	user_name	syncStatus	is_lighting_consigment	is_xinpin	foodparame	features	buyareatype	global_stock_type	global_stock_country	sub_stock_type	item_size	item_weight	sell_promise	custom_design_flag	wireless_desc	barcode	sku_barcode	newprepay	subtitle
ｱｦｱｴﾃ﨤ﾆ	ｱｦｱｴﾀ狷ｿ	ｵﾌﾀ狷ｿ	ﾐﾂｾﾉｳﾌｶﾈ	ﾊ｡	ｳﾇﾊﾐ	ｳﾛｷｽﾊｽ	ｱｦｱｴｼﾛｸ	ｼﾓｼﾛｷﾈ	ｱｦｱｴﾊﾁｿ	ﾓﾐﾐｧﾆﾚ	ﾔﾋｷﾑｳﾐｵ｣	ﾆｽﾓﾊ	EMS	ｿﾝ	ｷ｢ﾆｱ	ｱ｣ﾐﾞ	ｷﾅﾈﾖｿ	ｳｰﾍﾆｼ	ｿｪﾊｼﾊｱｼ	ｱｦｱｴﾃ靆	ｱｦｱｴﾊﾔ	ﾓﾊｷﾑﾄ｣ｰ覈D	ｻ瞞ｱｴﾛ	ﾐﾞｸﾄﾊｱｼ	ﾉﾏｴｫﾗｴﾌｬ	ﾍｼﾆｬﾗｴﾌｬ	ｷｵｵ羈ﾈﾀ	ﾐﾂﾍｼﾆｬ	ﾊﾓﾆｵ	ﾏ摠ﾛﾊﾔﾗ鮗ﾏ	ﾓﾃｻｧﾊ菠Dｴｮ	ﾓﾃｻｧﾊ菠ﾖｵｶﾔ	ﾉﾌｼﾒｱ狡	ﾏ摠ﾛﾊﾔｱ	ｴ嵭菎獎ﾍ	ﾊﾗﾖID	ｱｾｵﾘID	ｱｦｱｴｷﾖﾀ	ﾓﾃｻｧﾃ﨤ﾆ	ｱｦｱｴﾗｴﾌｬ	ﾉﾁｵ邱｢ｻ	ﾐﾂﾆｷ	ﾊｳﾆｷﾗｨﾏ	ｳﾟﾂ	ｲﾉｹｺｵﾘ	ｿ箒貘獎ﾍ	ｹ恝ﾒｵﾘﾇ	ｿ箒貍ﾆﾊ	ﾎ蟒	ﾎﾘﾁｿ	ﾍﾋｻｻｻﾐﾅｵ	ｶｨﾖﾆｹ､ｾﾟ	ﾎﾞﾏﾟﾏ	ﾉﾌﾆｷﾌﾎﾂ	sku ﾌﾎﾂ	7ﾌﾋｻ	ｱｦｱｴﾂ
"ポディウムボトルキャップ ( 品番 #1821782 )"	0	""	1	"日本"	"日本"	1	54.0	""	1	0	0	3.45301e-37	9.87215e-24	7.97105e+18	0	0	1	0	""	"ジェットバルブを搭載した、ポディウム・シリーズ専用の交換キャップです。"	""	0	0	""	"200"	""	0	""	""	""	""	""	""	""	0	0	1403318665268	1	volfo	1	248	244			1	2	日本	2		0.0	0		""				"ポディウムボトルキャップ ( 品番 #1821782 )"
"エディキッズボトルキャップ ( 品番 #1821785 )"	0	""	1	"日本"	"日本"	1	81.0	""	1	0	0	3.45301e-37	9.87215e-24	7.97105e+18	0	0	1	0	""	""	""	0	0	""	"200"	""	0	""	""	""	""	""	""	""	0	0	1403318665268	1	volfo	1	248	244			1	2	日本	2		0.0	0		""				"エディキッズボトルキャップ ( 品番 #1821785 )"
"アンチドート クリーニングキット ( 品番 #1821768 )"	0	""	1	"日本"	"日本"	1	225.0	""	1	0	0	3.45301e-37	9.87215e-24	7.97105e+18	0	0	1	0	""	"リザーバー用ブラシとチューブ用ブラシに加え、専用洗剤と乾燥用ハンガーもセットになった洗浄キットです。"	""	0	0	""	"200"	""	0	""	""	""	""	""	""	""	0	0	1403318665268	1	volfo	1	248	244			1	2	日本	2		0.0	0		""				"アンチドート クリーニングキット ( 品番 #1821768 )"
"クリーニング タブレット(8コ) ( 品番 #1821769 )"	0	""	1	"日本"	"日本"	1	162.0	""	1	0	0	3.45301e-37	9.87215e-24	7.97105e+18	0	0	1	0	""	"わずか5分でリザーバーやチューブの嫌な味やにおいを取り除くことができるクリーニング用の錠剤です。定期的に行うことでリザーバーを清潔に保ちます。8個入り。"	""	0	0	""	"200"	""	0	""	""	""	""	""	""	""	0	0	1403318665268	1	volfo	1	248	244			1	2	日本	2		0.0	0		""				"クリーニング タブレット(8コ) ( 品番 #1821769 )"
"アンチドートドライヤーキット ( 品番 #1821773 )"	0	""	1	"日本"	"日本"	1	135.0	""	1	0	0	3.45301e-37	9.87215e-24	7.97105e+18	0	0	1	0	""	"アンチドートリザーバーの乾燥に便利なクリックインドライヤーとスペアドライヤーアームのセットです。"	""	0	0	""	"200"	""	0	""	""	""	""	""	""	""	0	0	1403318665268	1	volfo	1	248	244			1	2	日本	2		0.0	0		""				"アンチドートドライヤーキット ( 品番 #1821773 )"
"アンチドートインシュレーティッドチューブ ( 品番 #1821754 )"	0	""	1	"日本"	"日本"	1	252.0	""	1	0	0	3.45301e-37	9.87215e-24	7.97105e+18	0	0	1	0	""	"夏期の液温上昇や、冬期の凍結を防ぐ専用カバーの付いたチューブ。エルゴハイドロロック・ビッグバイトバルブ付属。"	""	0	0	""	"200"	""	0	""	""	""	""	""	""	""	0	0	1403318665268	1	volfo	1	248	244			1	2	日本	2		0.0	0		""				"アンチドートインシュレーティッドチューブ ( 品番 #1821754 )"
"アンチドートチューブディレクター ( 品番 #1821755 )"	0	""	1	"日本"	"日本"	1	315.0	""	1	0	0	3.45301e-37	9.87215e-24	7.97105e+18	0	0	1	0	""	"チューブを必要な方向に向け、半固定状態を維持できるチューブディレクターです。完全にハンズフリーでハイドレーションが可能です。"	""	0	0	""	"200"	""	0	""	""	""	""	""	""	""	0	0	1403318665268	1	volfo	1	248	244			1	2	日本	2		0.0	0		""				"アンチドートチューブディレクター ( 品番 #1821755 )"
"アンチドートサーマルコントロールキット ( 品番 #1821772 )"	0	""	1	"日本"	"日本"	1	252.0	""	1	0	0	3.45301e-37	9.87215e-24	7.97105e+18	0	0	1	0	""	"過酷な冬や夏のコンディション下でもチューブ内の液温変化を緩やかにするための保温カバー付きチューブ。"	""	0	0	""	"200"	""	0	""	""	""	""	""	""	""	0	0	1403318665268	1	volfo	1	248	244			1	2	日本	2		0.0	0		""				"アンチドートサーマルコントロールキット ( 品番 #1821772 )"
"フローメーター ( 品番 #1821746 )"	0	""	1	"日本"	"日本"	1	377.0	""	1	0	0	3.45301e-37	9.87215e-24	7.97105e+18	0	0	1	0	""	"液体センサーが飲料の消費量をキャッチし、理想的な水分補給量を把握できます。"	""	0	0	""	"200"	""	0	""	""	""	""	""	""	""	0	0	1403318665268	1	volfo	1	248	244			1	2	日本	2		0.03	0		""				"フローメーター ( 品番 #1821746 )"
"アンチドートチューブ＆フローメーター ( 品番 #1821756 )"	0	""	1	"日本"	"日本"	1	521.0	""	1	0	0	3.45301e-37	9.87215e-24	7.97105e+18	0	0	1	0	""	"インシュレーティッドチューブとフローメーターがあらかじめセットされたモデルです。クイックリンクシステム対応で、ワンタッチで着脱できます。"	""	0	0	""	"200"	""	0	""	""	""	""	""	""	""	0	0	1403318665268	1	volfo	1	248	244			1	2	日本	2		0.0	0		""				"アンチドートチューブ＆フローメーター ( 品番 #1821756 )"
"ビッグバイトバルブ ( 品番 #1821721 )"	0	""	1	"日本"	"日本"	1	63.0	""	1	0	0	3.45301e-37	9.87215e-24	7.97105e+18	0	0	1	0	""	"キャメルバック独自の、特許取得済みマウスピースです。"	""	0	0	""	"200"	""	0	""	""	""	""	""	""	""	0	0	1403318665268	1	volfo	1	248	244			1	2	日本	2		0.0	0		""				"ビッグバイトバルブ ( 品番 #1821721 )"
"バイトバルブカバー ( 品番 #1821722 )"	0	""	1	"日本"	"日本"	1	63.0	""	1	0	0	3.45301e-37	9.87215e-24	7.97105e+18	0	0	1	0	""	"キャメルバック専用の飲み口用のカバーです。"	""	0	0	""	"200"	""	0	""	""	""	""	""	""	""	0	0	1403318665268	1	volfo	1	248	244			1	2	日本	2		0.0	0		""				"バイトバルブカバー ( 品番 #1821722 )"
"ビッグバイトバルブ（3カラー） ( 品番 #1821771 )"	0	""	1	"日本"	"日本"	1	171.0	""	1	0	0	3.45301e-37	9.87215e-24	7.97105e+18	0	0	1	0	""	"カラフルなビッグバイトバルブの3色セットです。"	""	0	0	""	"200"	""	0	""	""	""	""	""	""	""	0	0	1403318665268	1	volfo	1	248	244			1	2	日本	2		0.0	0		""				"ビッグバイトバルブ（3カラー） ( 品番 #1821771 )"
"キャメルクリップ ( 品番 #1821751 )"	0	""	1	"日本"	"日本"	1	90.0	""	1	0	0	3.45301e-37	9.87215e-24	7.97105e+18	0	0	1	0	""	"キャメルバックのチューブを飲みやすい位置に保持するためのクリップです。"	""	0	0	""	"200"	""	0	""	""	""	""	""	""	""	0	0	1403318665268	1	volfo	1	248	244			1	2	日本	2		0.0	0		""				"キャメルクリップ ( 品番 #1821751 )"
"エルゴハイドロロック ( 品番 #1821752 )"	0	""	1	"日本"	"日本"	1	63.0	""	1	0	0	3.45301e-37	9.87215e-24	7.97105e+18	0	0	1	0	""	"ビッグバイトバルブを飲みやすい位置に固定するため、90度に曲がったパーツです。スイッチのオンオフ切り替えで、不意の水漏れを防ぎます。"	""	0	0	""	"200"	""	0	""	""	""	""	""	""	""	0	0	1403318665268	1	volfo	1	248	244			1	2	日本	2		0.0	0		""				"エルゴハイドロロック ( 品番 #1821752 )"
"フレッシュリザーバーフィルター ( 品番 #1821753 )"	0	""	1	"日本"	"日本"	1	270.0	""	1	0	0	3.45301e-37	9.87215e-24	7.97105e+18	0	0	1	0	""	"リザーバーに直接取り付けるフィルター。内蔵された活性炭フィルターが、水の臭いや不純物を除去します。"	""	0	0	""	"200"	""	0	""	""	""	""	""	""	""	0	0	1403318665268	1	volfo	1	248	244			1	2	日本	2		0.0	0		""				"フレッシュリザーバーフィルター ( 品番 #1821753 )"
"フレッシュリザーバー スペアフィルター ( 品番 #1821757 )"	0	""	1	"日本"	"日本"	1	162.0	""	1	0	0	3.45301e-37	9.87215e-24	7.97105e+18	0	0	1	0	""	"フレッシュリザーバーフィルター用のスペアフィルターです。"	""	0	0	""	"200"	""	0	""	""	""	""	""	""	""	0	0	1403318665268	1	volfo	1	248	244			1	2	日本	2		0.0	0		""				"フレッシュリザーバー スペアフィルター ( 品番 #1821757 )"
"クイックリンクコンバージョンキット ( 品番 #1821758 )"	0	""	1	"日本"	"日本"	1	162.0	""	1	0	0	3.45301e-37	9.87215e-24	7.97105e+18	0	0	1	0	""	"旧タイプのリザーバー（オメガリザーバー）をクイックリンクシステムに変更するパーツです。"	""	0	0	""	"200"	""	0	""	""	""	""	""	""	""	0	0	1403318665268	1	volfo	1	248	244			1	2	日本	2		0.0	0		""				"クイックリンクコンバージョンキット ( 品番 #1821758 )"
"ピュアフローチューブ ( 品番 #1821759 )"	0	""	1	"日本"	"日本"	1	86.0	""	1	0	0	3.45301e-37	9.87215e-24	7.97105e+18	0	0	1	0	""	"キャメルバック専用の交換用チューブです。"	""	0	0	""	"200"	""	0	""	""	""	""	""	""	""	0	0	1403318665268	1	volfo	1	248	244			1	2	日本	2		0.0	0		""				"ピュアフローチューブ ( 品番 #1821759 )"
"キッズボトル バルブ＆ストローセット ( 品番 #1821761 )"	0	""	1	"日本"	"日本"	1	108.0	""	1	0	0	3.45301e-37	9.87215e-24	7.97105e+18	0	0	1	0	""	"キッズボトル、ステンレスキッズボトル用の交換バルブ2個とストロー2本のセットです。"	""	0	0	""	"200"	""	0	""	""	""	""	""	""	""	0	0	1403318665268	1	volfo	1	248	244			1	2	日本	2		0.0	0		""				"キッズボトル バルブ＆ストローセット ( 品番 #1821761 )"
"グルーブボトル スペアフィルター（2つセット） ( 品番 #1821763 )"	0	""	1	"日本"	"日本"	1	175.0	""	1	0	0	3.45301e-37	9.87215e-24	7.97105e+18	0	0	1	0	""	"グルーヴボトル用の交換フィルターです。 1本で120Lの水道水を処理できます。"	""	0	0	""	"200"	""	0	""	""	""	""	""	""	""	0	0	1403318665268	1	volfo	1	248	244			1	2	日本	2		0.0	0		""				"グルーブボトル スペアフィルター（2つセット） ( 品番 #1821763 )"
"グルーブボトル スペアフィルター（6つセット） ( 品番 #1821764 )"	0	""	1	"日本"	"日本"	1	386.0	""	1	0	0	3.45301e-37	9.87215e-24	7.97105e+18	0	0	1	0	""	"グルーヴボトル用の交換フィルターです。 1本で120Lの水道水を処理できます。"	""	0	0	""	"200"	""	0	""	""	""	""	""	""	""	0	0	1403318665268	1	volfo	1	248	244			1	2	日本	2		0.0	0		""				"グルーブボトル スペアフィルター（6つセット） ( 品番 #1821764 )"
"ボトルブラシセット ( 品番 #1821766 )"	0	""	1	"日本"	"日本"	1	135.0	""	1	0	0	3.45301e-37	9.87215e-24	7.97105e+18	0	0	1	0	""	"全てのボトルに対応する、お手入れ用ブラシ2種類のセットです。"	""	0	0	""	"200"	""	0	""	""	""	""	""	""	""	0	0	1403318665268	1	volfo	1	248	244			1	2	日本	2		0.0	0		""				"ボトルブラシセット ( 品番 #1821766 )"
"ポディウム マッドキャップ ( 品番 #1821767 )"	0	""	1	"日本"	"日本"	1	59.0	""	1	0	0	3.45301e-37	9.87215e-24	7.97105e+18	0	0	1	0	""	"すべてのポディウムボトルシリーズに対応する泥除けのキャップです。"	""	0	0	""	"200"	""	0	""	""	""	""	""	""	""	0	0	1403318665268	1	volfo	1	248	244			1	2	日本	2		0.0	0		""				"ポディウム マッドキャップ ( 品番 #1821767 )"
"キッズボトルバルブマルチパック ( 品番 #1821776 )"	0	""	1	"日本"	"日本"	1	144.0	""	1	0	0	3.45301e-37	9.87215e-24	7.97105e+18	0	0	1	0	""	"キッズボトル、ステンレスキッズボトル用の交換バルブ4色セットです。"	""	0	0	""	"200"	""	0	""	""	""	""	""	""	""	0	0	1403318665268	1	volfo	1	248	244			1	2	日本	2		0.0	0		""				"キッズボトルバルブマルチパック ( 品番 #1821776 )"
