﻿﻿version 1.00
title	cid	seller_cids	stuff_status	location_state	location_city	item_type	price	auction_increment	num	valid_thru	freight_payer	post_fee	ems_fee	express_fee	has_invoice	has_warranty	approve_status	has_showcase	list_time	description	cateProps	postage_id	has_discount	modified	upload_fail_msg	picture_status	auction_point	picture	video	skuProps	inputPids	inputValues	outer_id	propAlias	auto_fill	num_id	local_cid	navigation_type	user_name	syncStatus	is_lighting_consigment	is_xinpin	foodparame	features	buyareatype	global_stock_type	global_stock_country	sub_stock_type	item_size	item_weight	sell_promise	custom_design_flag	wireless_desc	barcode	sku_barcode	newprepay	subtitle
ｱｦｱｴﾃ﨤ﾆ	ｱｦｱｴﾀ狷ｿ	ｵﾌﾀ狷ｿ	ﾐﾂｾﾉｳﾌｶﾈ	ﾊ｡	ｳﾇﾊﾐ	ｳﾛｷｽﾊｽ	ｱｦｱｴｼﾛｸ	ｼﾓｼﾛｷﾈ	ｱｦｱｴﾊﾁｿ	ﾓﾐﾐｧﾆﾚ	ﾔﾋｷﾑｳﾐｵ｣	ﾆｽﾓﾊ	EMS	ｿﾝ	ｷ｢ﾆｱ	ｱ｣ﾐﾞ	ｷﾅﾈﾖｿ	ｳｰﾍﾆｼ	ｿｪﾊｼﾊｱｼ	ｱｦｱｴﾃ靆	ｱｦｱｴﾊﾔ	ﾓﾊｷﾑﾄ｣ｰ覈D	ｻ瞞ｱｴﾛ	ﾐﾞｸﾄﾊｱｼ	ﾉﾏｴｫﾗｴﾌｬ	ﾍｼﾆｬﾗｴﾌｬ	ｷｵｵ羈ﾈﾀ	ﾐﾂﾍｼﾆｬ	ﾊﾓﾆｵ	ﾏ摠ﾛﾊﾔﾗ鮗ﾏ	ﾓﾃｻｧﾊ菠Dｴｮ	ﾓﾃｻｧﾊ菠ﾖｵｶﾔ	ﾉﾌｼﾒｱ狡	ﾏ摠ﾛﾊﾔｱ	ｴ嵭菎獎ﾍ	ﾊﾗﾖID	ｱｾｵﾘID	ｱｦｱｴｷﾖﾀ	ﾓﾃｻｧﾃ﨤ﾆ	ｱｦｱｴﾗｴﾌｬ	ﾉﾁｵ邱｢ｻ	ﾐﾂﾆｷ	ﾊｳﾆｷﾗｨﾏ	ｳﾟﾂ	ｲﾉｹｺｵﾘ	ｿ箒貘獎ﾍ	ｹ恝ﾒｵﾘﾇ	ｿ箒貍ﾆﾊ	ﾎ蟒	ﾎﾘﾁｿ	ﾍﾋｻｻｻﾐﾅｵ	ｶｨﾖﾆｹ､ｾﾟ	ﾎﾞﾏﾟﾏ	ﾉﾌﾆｷﾌﾎﾂ	sku ﾌﾎﾂ	7ﾌﾋｻ	ｱｦｱｴﾂ
"WIC.ストレッチ トレールニッカ Women's ( 品番 #1105480 )"	0	""	1	"日本"	"日本"	1	359.0	""	1	0	0	3.45301e-37	9.87215e-24	7.97105e+18	0	0	1	0	""	"抜群のストレッチ性と優れた吸水速乾性を備え、股上を浅めに設定したアクティブなデザインのニッカです。単体でも着用でき、トレッキングやフィットネスシーンなど、体を動かすあらゆるシーンで幅広く活躍します。"	""	0	0	""	"200"	""	0	""	""	""	""	""	""	""	0	0	1403318665268	1	volfo	1	248	244			1	2	日本	2		0.161	0		""				"WIC.ストレッチ トレールニッカ Women's ( 品番 #1105480 )"
"KAMICO イージーパンツ Men's ( 品番 #2105219 )"	0	""	1	"日本"	"日本"	1	494.0	""	1	0	0	3.45301e-37	9.87215e-24	7.97105e+18	0	0	1	0	""	"抜群の通気性と肌離れのよさで、真夏でも快適に着用できるイージーパンツです。軽やかでしなやかなはき心地で、旅先や日常でのリラックスウエアなどに最適です。"	""	0	0	""	"200"	""	0	""	""	""	""	""	""	""	0	0	1403318665268	1	volfo	1	248	244			1	2	日本	2		0.229	0		""				"KAMICO イージーパンツ Men's ( 品番 #2105219 )"
"KAMICO イージーパンツ Women's ( 品番 #2105220 )"	0	""	1	"日本"	"日本"	1	476.0	""	1	0	0	3.45301e-37	9.87215e-24	7.97105e+18	0	0	1	0	""	"抜群の通気性と肌離れのよさで、真夏でも快適に着用できるイージーパンツです。軽やかなはき心地で、旅先や日常でのリラックスウエアなどに最適です。"	""	0	0	""	"200"	""	0	""	""	""	""	""	""	""	0	0	1403318665268	1	volfo	1	248	244			1	2	日本	2		0.208	0		""				"KAMICO イージーパンツ Women's ( 品番 #2105220 )"
"KAMICO イージーニッカ Men's ( 品番 #2105221 )"	0	""	1	"日本"	"日本"	1	453.0	""	1	0	0	3.45301e-37	9.87215e-24	7.97105e+18	0	0	1	0	""	"抜群の通気性と肌離れのよさで、真夏でも快適に着用できるニッカです。軽やかでしなやかなはき心地で、旅先や日常でのリラックスウエアなどに最適です。"	""	0	0	""	"200"	""	0	""	""	""	""	""	""	""	0	0	1403318665268	1	volfo	1	248	244			1	2	日本	2		0.19	0		""				"KAMICO イージーニッカ Men's ( 品番 #2105221 )"
"KAMICO イージーニッカ Women's ( 品番 #2105222 )"	0	""	1	"日本"	"日本"	1	431.0	""	1	0	0	3.45301e-37	9.87215e-24	7.97105e+18	0	0	1	0	""	"抜群の通気性と肌離れのよさで、真夏でも快適に着用できるニッカです。軽やかなはき心地で、旅先や日常でのリラックスウエアなどに最適です。"	""	0	0	""	"200"	""	0	""	""	""	""	""	""	""	0	0	1403318665268	1	volfo	1	248	244			1	2	日本	2		0.174	0		""				"KAMICO イージーニッカ Women's ( 品番 #2105222 )"
"コアスパン ショーツ Men's ( 品番 #2105223 )"	0	""	1	"日本"	"日本"	1	404.0	""	1	0	0	3.45301e-37	9.87215e-24	7.97105e+18	0	0	1	0	""	"肌になじむ風合いの、ベーシックなデザインのショーツです。ストレッチ性を備え、シワもつきにくいため、普段使いからトラベルシーンまで幅広く活躍します。"	""	0	0	""	"200"	""	0	""	""	""	""	""	""	""	0	0	1403318665268	1	volfo	1	248	244			1	2	日本	2		0.34	0		""				"コアスパン ショーツ Men's ( 品番 #2105223 )"
"コアスパン ショーツ Women's ( 品番 #2105224 )"	0	""	1	"日本"	"日本"	1	386.0	""	1	0	0	3.45301e-37	9.87215e-24	7.97105e+18	0	0	1	0	""	"肌になじむ風合いの、ベーシックなデザインのショーツです。ストレッチ性を備え、シワもつきにくいため、普段使いからトラベルシーンまで幅広く活躍します。"	""	0	0	""	"200"	""	0	""	""	""	""	""	""	""	0	0	1403318665268	1	volfo	1	248	244			1	2	日本	2		0.259	0		""				"コアスパン ショーツ Women's ( 品番 #2105224 )"
"ストレッチデニム 12oz ( 品番 #2105225 )"	0	""	1	"日本"	"日本"	1	476.0	""	1	0	0	3.45301e-37	9.87215e-24	7.97105e+18	0	0	1	0	""	"ストレッチ性を備えた軽やかなはき心地のジーンズです。日常使いや旅行など、さまざまな場面で活躍します。"	""	0	0	""	"200"	""	0	""	""	""	""	""	""	""	0	0	1403318665268	1	volfo	1	248	244			1	2	日本	2		0.632	0		""				"ストレッチデニム 12oz ( 品番 #2105225 )"
"コアスパン トラベルパンツ Women's ( 品番 #2105226 )"	0	""	1	"日本"	"日本"	1	431.0	""	1	0	0	3.45301e-37	9.87215e-24	7.97105e+18	0	0	1	0	""	"はき始めから肌になじむ、ベーシックなデザインのパンツです。シワがつきにくく、速乾性にも優れるため、トラベルシーンに最適です。"	""	0	0	""	"200"	""	0	""	""	""	""	""	""	""	0	0	1403318665268	1	volfo	1	248	244			1	2	日本	2		0.408	0		""				"コアスパン トラベルパンツ Women's ( 品番 #2105226 )"
"コアスパン トラベルパンツ Men's ( 品番 #2105162 )"	0	""	1	"日本"	"日本"	1	471.0	""	1	0	0	3.45301e-37	9.87215e-24	7.97105e+18	0	0	1	0	""	"汎用性の高いベーシックなデザインのパンツです。しわになりにくいのでトラベルシーンに最適です。"	""	0	0	""	"200"	""	0	""	""	""	""	""	""	""	0	0	1403318665268	1	volfo	1	248	244			1	2	日本	2		0.47	0		""				"コアスパン トラベルパンツ Men's ( 品番 #2105162 )"
"コアスパン チノパンツ ノータック Men's ( 品番 #2105159 )"	0	""	1	"日本"	"日本"	1	513.0	""	1	0	0	3.45301e-37	9.87215e-24	7.97105e+18	0	0	1	0	""	"ポリエステルの芯糸をコットンで包みこんだ芯鞘（しんさや）構造糸コアスパンを使用したチノパンツです。トラベルから日常使いまでさまざまなシーンで便利にご着用いただけます。"	""	0	0	""	"200"	""	0	""	""	""	""	""	""	""	0	0	1403318665268	1	volfo	1	248	244			1	2	日本	2		0.47	0		""				"コアスパン チノパンツ ノータック Men's ( 品番 #2105159 )"
"コアスパン チノパンツ ツータック Men's ( 品番 #2105160 )"	0	""	1	"日本"	"日本"	1	547.0	""	1	0	0	3.45301e-37	9.87215e-24	7.97105e+18	0	0	1	0	""	"ポリエステルの芯糸をコットンで包みこんだ芯鞘（しんさや）構造糸コアスパンを使用したチノパンツです。トラベルから日常使いまでさまざまなシーンで便利にご着用いただけます。"	""	0	0	""	"200"	""	0	""	""	""	""	""	""	""	0	0	1403318665268	1	volfo	1	248	244			1	2	日本	2		0.44	0		""				"コアスパン チノパンツ ツータック Men's ( 品番 #2105160 )"
"シャミース パンツ Men's ( 品番 #1105443 )"	0	""	1	"日本"	"日本"	1	377.0	""	1	0	0	3.45301e-37	9.87215e-24	7.97105e+18	0	0	1	0	""	"大変軽量ながら高い保温性を持つ薄手のパンツです。すっきりとしたシルエットで、リラックスタイムでの着用はもちろんのこと、中間着としても活躍します。"	""	0	0	""	"200"	""	0	""	""	""	""	""	""	""	0	0	1403318665268	1	volfo	1	248	244			1	2	日本	2		0.283	0		""				"シャミース パンツ Men's ( 品番 #1105443 )"
"シャミース パンツ Women's ( 品番 #1105444 )"	0	""	1	"日本"	"日本"	1	368.0	""	1	0	0	3.45301e-37	9.87215e-24	7.97105e+18	0	0	1	0	""	"大変軽量ながら高い保温性を持つ薄手のパンツです。すっきりとしたシルエットで、リラックスタイムでの着用はもちろんのこと、中間着としても活躍します。"	""	0	0	""	"200"	""	0	""	""	""	""	""	""	""	0	0	1403318665268	1	volfo	1	248	244			1	2	日本	2		0.212	0		""				"シャミース パンツ Women's ( 品番 #1105444 )"
"コアスパン ライニングチノパンツ ( 品番 #2105161 )"	0	""	1	"日本"	"日本"	1	547.0	""	1	0	0	3.45301e-37	9.87215e-24	7.97105e+18	0	0	1	0	""	"コットンの風合いを生かした速乾素材コアスパンを使用し、裏地つきで真冬でも暖かな履き心地を得ることができる厚手のチノパンツです。"	""	0	0	""	"200"	""	0	""	""	""	""	""	""	""	0	0	1403318665268	1	volfo	1	248	244			1	2	日本	2		0.6	0		""				"コアスパン ライニングチノパンツ ( 品番 #2105161 )"
"コアスパン モレーンパンツ Men's ( 品番 #2105217 )"	0	""	1	"日本"	"日本"	1	582.0	""	1	0	0	3.45301e-37	9.87215e-24	7.97105e+18	0	0	1	0	""	"よこ糸にストレッチ糸を使用して高密度に織り上げることで、適度なストレッチ性と防風性、保温性を持たせたパンツです。股下にマチを、ひざ部分には立体裁断を施しているため足上げもスムーズ。速乾性が高く、トラベルからボルダリングまで幅広く活躍します。製品加工後に一度洗いをかけたしなやかな風合いです。"	""	0	0	""	"200"	""	0	""	""	""	""	""	""	""	0	0	1403318665268	1	volfo	1	248	244			1	2	日本	2		0.49	0		""				"コアスパン モレーンパンツ Men's ( 品番 #2105217 )"
"コアスパン モレーンパンツ Women's ( 品番 #2105218 )"	0	""	1	"日本"	"日本"	1	547.0	""	1	0	0	3.45301e-37	9.87215e-24	7.97105e+18	0	0	1	0	""	"よこ糸にストレッチ糸を使用して高密度に織り上げることで、適度なストレッチ性と防風性、保温性を持たせたパンツです。股下にマチを、ひざ部分には立体裁断を施しているため足上げもスムーズ。速乾性が高く、トラベルからボルダリングまで幅広く活躍します。製品加工後に一度洗いをかけたしなやかな風合いです。"	""	0	0	""	"200"	""	0	""	""	""	""	""	""	""	0	0	1403318665268	1	volfo	1	248	244			1	2	日本	2		0.44	0		""				"コアスパン モレーンパンツ Women's ( 品番 #2105218 )"
"WIC.パンツ Baby's ( 品番 #1105237 )"	0	""	1	"日本"	"日本"	1	180.0	""	1	0	0	3.45301e-37	9.87215e-24	7.97105e+18	0	0	1	0	""	"汗をたくさんかく赤ちゃんにぜひはかせてあげたい七分丈のパンツです。消臭機能やUVカット効果も備え、あらゆる夏の不快感から赤ちゃんを守ります。"	""	0	0	""	"200"	""	0	""	""	""	""	""	""	""	0	0	1403318665268	1	volfo	1	248	244			1	2	日本	2		0.05	0		""				"WIC.パンツ Baby's ( 品番 #1105237 )"
"WIC.パンツ Kid's ( 品番 #1105294 )"	0	""	1	"日本"	"日本"	1	206.0	""	1	0	0	3.45301e-37	9.87215e-24	7.97105e+18	0	0	1	0	""	"汗をたくさんかいてもサラサラとした快適なはき心地が続く七分丈のパンツです。消臭効果も備え、キャンプから普段使いまで幅広く活用できます。"	""	0	0	""	"200"	""	0	""	""	""	""	""	""	""	0	0	1403318665268	1	volfo	1	248	244			1	2	日本	2		0.065	0		""				"WIC.パンツ Kid's ( 品番 #1105294 )"
"ライトスウェットパンツ Kid's ( 品番 #1105411 )"	0	""	1	"日本"	"日本"	1	274.0	""	1	0	0	3.45301e-37	9.87215e-24	7.97105e+18	0	0	1	0	""	"適度な厚みでストレッチ性に優れるクリマプラス100を使用したシンプルなアイテムです。程よいフィット感で動きやすく、外遊びや普段使い、旅行など幅広く使用できます。"	""	0	0	""	"200"	""	0	""	""	""	""	""	""	""	0	0	1403318665268	1	volfo	1	248	244			1	2	日本	2		0.22	0		""				"ライトスウェットパンツ Kid's ( 品番 #1105411 )"
"ライトスウェットパンツ Kid's ( 品番 #1105412 )"	0	""	1	"日本"	"日本"	1	248.0	""	1	0	0	3.45301e-37	9.87215e-24	7.97105e+18	0	0	1	0	""	"適度な厚みでストレッチ性に優れるクリマプラス100を使用したシンプルなアイテムです。程よいフィット感で動きやすく、外遊びや普段使い、旅行など幅広く使用できます。"	""	0	0	""	"200"	""	0	""	""	""	""	""	""	""	0	0	1403318665268	1	volfo	1	248	244			1	2	日本	2		0.14	0		""				"ライトスウェットパンツ Kid's ( 品番 #1105412 )"
