﻿﻿version 1.00
title	cid	seller_cids	stuff_status	location_state	location_city	item_type	price	auction_increment	num	valid_thru	freight_payer	post_fee	ems_fee	express_fee	has_invoice	has_warranty	approve_status	has_showcase	list_time	description	cateProps	postage_id	has_discount	modified	upload_fail_msg	picture_status	auction_point	picture	video	skuProps	inputPids	inputValues	outer_id	propAlias	auto_fill	num_id	local_cid	navigation_type	user_name	syncStatus	is_lighting_consigment	is_xinpin	foodparame	features	buyareatype	global_stock_type	global_stock_country	sub_stock_type	item_size	item_weight	sell_promise	custom_design_flag	wireless_desc	barcode	sku_barcode	newprepay	subtitle
ｱｦｱｴﾃ﨤ﾆ	ｱｦｱｴﾀ狷ｿ	ｵﾌﾀ狷ｿ	ﾐﾂｾﾉｳﾌｶﾈ	ﾊ｡	ｳﾇﾊﾐ	ｳﾛｷｽﾊｽ	ｱｦｱｴｼﾛｸ	ｼﾓｼﾛｷﾈ	ｱｦｱｴﾊﾁｿ	ﾓﾐﾐｧﾆﾚ	ﾔﾋｷﾑｳﾐｵ｣	ﾆｽﾓﾊ	EMS	ｿﾝ	ｷ｢ﾆｱ	ｱ｣ﾐﾞ	ｷﾅﾈﾖｿ	ｳｰﾍﾆｼ	ｿｪﾊｼﾊｱｼ	ｱｦｱｴﾃ靆	ｱｦｱｴﾊﾔ	ﾓﾊｷﾑﾄ｣ｰ覈D	ｻ瞞ｱｴﾛ	ﾐﾞｸﾄﾊｱｼ	ﾉﾏｴｫﾗｴﾌｬ	ﾍｼﾆｬﾗｴﾌｬ	ｷｵｵ羈ﾈﾀ	ﾐﾂﾍｼﾆｬ	ﾊﾓﾆｵ	ﾏ摠ﾛﾊﾔﾗ鮗ﾏ	ﾓﾃｻｧﾊ菠Dｴｮ	ﾓﾃｻｧﾊ菠ﾖｵｶﾔ	ﾉﾌｼﾒｱ狡	ﾏ摠ﾛﾊﾔｱ	ｴ嵭菎獎ﾍ	ﾊﾗﾖID	ｱｾｵﾘID	ｱｦｱｴｷﾖﾀ	ﾓﾃｻｧﾃ﨤ﾆ	ｱｦｱｴﾗｴﾌｬ	ﾉﾁｵ邱｢ｻ	ﾐﾂﾆｷ	ﾊｳﾆｷﾗｨﾏ	ｳﾟﾂ	ｲﾉｹｺｵﾘ	ｿ箒貘獎ﾍ	ｹ恝ﾒｵﾘﾇ	ｿ箒貍ﾆﾊ	ﾎ蟒	ﾎﾘﾁｿ	ﾍﾋｻｻｻﾐﾅｵ	ｶｨﾖﾆｹ､ｾﾟ	ﾎﾞﾏﾟﾏ	ﾉﾌﾆｷﾌﾎﾂ	sku ﾌﾎﾂ	7ﾌﾋｻ	ｱｦｱｴﾂ
"WIC.スリムT ワンポイントロゴ Women's ( 品番 #1104934 )"	0	""	1	"日本"	"日本"	1	180.0	""	1	0	0	3.45301e-37	9.87215e-24	7.97105e+18	0	0	1	0	""	"高機能素材ウイックロンを採用した、女性らしいタイトなシルエットのTシャツです。伸縮性・速乾性に優れ、運動量の多いアクティビティでも軽快に着用していだだけます。"	""	0	0	""	"200"	""	0	""	""	""	""	""	""	""	0	0	1403318665268	1	volfo	1	248	244			1	2	日本	2		0.096	0		""				"WIC.スリムT ワンポイントロゴ Women's ( 品番 #1104934 )"
"WIC.スリム ロングスリーブT ワンポイントロゴ Women's ( 品番 #1104935 )"	0	""	1	"日本"	"日本"	1	198.0	""	1	0	0	3.45301e-37	9.87215e-24	7.97105e+18	0	0	1	0	""	"高機能素材ウイックロンを採用した、女性らしいタイトなシルエットのTシャツです。伸縮性・速乾性に優れ、運動量の多いアクティビティでも軽快に着用していだだけます。"	""	0	0	""	"200"	""	0	""	""	""	""	""	""	""	0	0	1403318665268	1	volfo	1	248	244			1	2	日本	2		0.128	0		""				"WIC.スリム ロングスリーブT ワンポイントロゴ Women's ( 品番 #1104935 )"
"WIC.カラーシャツ Men's ( 品番 #1104942 )"	0	""	1	"日本"	"日本"	1	413.0	""	1	0	0	3.45301e-37	9.87215e-24	7.97105e+18	0	0	1	0	""	"快適素材ウイックロンを伸縮性の高いフライス編みにすることで、抜群のストレッチ性を持たせたオープンカラータイプの半袖シャツです。"	""	0	0	""	"200"	""	0	""	""	""	""	""	""	""	0	0	1403318665268	1	volfo	1	248	244			1	2	日本	2		0.208	0		""				"WIC.カラーシャツ Men's ( 品番 #1104942 )"
"WIC.カラーシャツ Women's ( 品番 #1104943 )"	0	""	1	"日本"	"日本"	1	395.0	""	1	0	0	3.45301e-37	9.87215e-24	7.97105e+18	0	0	1	0	""	"快適素材ウイックロンを伸縮性の高いフライス編みにすることで、抜群のストレッチ性を持たせたオープンカラータイプの半袖シャツです。ウエストをシェイプさせた女性らしいシルエットに仕上げています。"	""	0	0	""	"200"	""	0	""	""	""	""	""	""	""	0	0	1403318665268	1	volfo	1	248	244			1	2	日本	2		0.151	0		""				"WIC.カラーシャツ Women's ( 品番 #1104943 )"
"WIC.ストレッチ トレールタンクトップ Women's ( 品番 #1104944 )"	0	""	1	"日本"	"日本"	1	413.0	""	1	0	0	3.45301e-37	9.87215e-24	7.97105e+18	0	0	1	0	""	"抜群のストレッチ性と優れた吸水速乾性を備え、ウエストをシェイプさせたタイトなシルエットのタンクトップです。単体でも着用でき、トレッキングやフィットネスシーンなど、体を動かすあらゆるシーンで幅広く活躍します。パッド付きで単体でも着用可能。"	""	0	0	""	"200"	""	0	""	""	""	""	""	""	""	0	0	1403318665268	1	volfo	1	248	244			1	2	日本	2		0.11	0		""				"WIC.ストレッチ トレールタンクトップ Women's ( 品番 #1104944 )"
"WIC.T 剣岳 ( 品番 #1104955 )"	0	""	1	"日本"	"日本"	1	216.0	""	1	0	0	3.45301e-37	9.87215e-24	7.97105e+18	0	0	1	0	""	"夏のアクティビティを快適に過ごすためのさまざまな機能を備えた素材ウイックロンを採用したTシャツです。畦地梅太郎さん（1999年没）による作品をプリントしています。"	""	0	0	""	"200"	""	0	""	""	""	""	""	""	""	0	0	1403318665268	1	volfo	1	248	244			1	2	日本	2		0.145	0		""				"WIC.T 剣岳 ( 品番 #1104955 )"
"WIC.T 浅間山 ( 品番 #1104956 )"	0	""	1	"日本"	"日本"	1	216.0	""	1	0	0	3.45301e-37	9.87215e-24	7.97105e+18	0	0	1	0	""	"夏のアクティビティを快適に過ごすためのさまざまな機能を備えた素材ウイックロンを採用したTシャツです。畦地梅太郎さん（1999年没）による作品をプリントしています。"	""	0	0	""	"200"	""	0	""	""	""	""	""	""	""	0	0	1403318665268	1	volfo	1	248	244			1	2	日本	2		0.145	0		""				"WIC.T 浅間山 ( 品番 #1104956 )"
"WIC.ロングスリーブT 火山の跡 ( 品番 #1104957 )"	0	""	1	"日本"	"日本"	1	270.0	""	1	0	0	3.45301e-37	9.87215e-24	7.97105e+18	0	0	1	0	""	"夏のアクティビティを快適に過ごすためのさまざまな機能を備えた素材ウイックロンを採用したTシャツです。畦地梅太郎さん（1999年没）による作品をプリントしています。"	""	0	0	""	"200"	""	0	""	""	""	""	""	""	""	0	0	1403318665268	1	volfo	1	248	244			1	2	日本	2		0.185	0		""				"WIC.ロングスリーブT 火山の跡 ( 品番 #1104957 )"
"WIC.T ケヤキ ( 品番 #1104958 )"	0	""	1	"日本"	"日本"	1	216.0	""	1	0	0	3.45301e-37	9.87215e-24	7.97105e+18	0	0	1	0	""	"夏のアクティビティを快適に過ごすためのさまざまな機能を備えた素材ウイックロンを採用したTシャツです。"	""	0	0	""	"200"	""	0	""	""	""	""	""	""	""	0	0	1403318665268	1	volfo	1	248	244			1	2	日本	2		0.145	0		""				"WIC.T ケヤキ ( 品番 #1104958 )"
"WIC.T スタンプ 山と道具 ( 品番 #1104959 )"	0	""	1	"日本"	"日本"	1	216.0	""	1	0	0	3.45301e-37	9.87215e-24	7.97105e+18	0	0	1	0	""	"夏のアクティビティを快適に過ごすためのさまざまな機能を備えた素材ウイックロンを採用したTシャツです。"	""	0	0	""	"200"	""	0	""	""	""	""	""	""	""	0	0	1403318665268	1	volfo	1	248	244			1	2	日本	2		0.145	0		""				"WIC.T スタンプ 山と道具 ( 品番 #1104959 )"
"WIC.T 北アルプス ( 品番 #1104960 )"	0	""	1	"日本"	"日本"	1	216.0	""	1	0	0	3.45301e-37	9.87215e-24	7.97105e+18	0	0	1	0	""	"夏のアクティビティを快適に過ごすためのさまざまな機能を備えた素材ウイックロンを採用したTシャツです。中村みつをさんによるイラストをプリントしています。"	""	0	0	""	"200"	""	0	""	""	""	""	""	""	""	0	0	1403318665268	1	volfo	1	248	244			1	2	日本	2		0.145	0		""				"WIC.T 北アルプス ( 品番 #1104960 )"
"WIC.T 山の道具 ( 品番 #1104961 )"	0	""	1	"日本"	"日本"	1	216.0	""	1	0	0	3.45301e-37	9.87215e-24	7.97105e+18	0	0	1	0	""	"夏のアクティビティを快適に過ごすためのさまざまな機能を備えた素材ウイックロンを採用したTシャツです。中村みつをさんによるイラストをプリントしています。"	""	0	0	""	"200"	""	0	""	""	""	""	""	""	""	0	0	1403318665268	1	volfo	1	248	244			1	2	日本	2		0.145	0		""				"WIC.T 山の道具 ( 品番 #1104961 )"
"WIC.T 雪山 ( 品番 #1104962 )"	0	""	1	"日本"	"日本"	1	216.0	""	1	0	0	3.45301e-37	9.87215e-24	7.97105e+18	0	0	1	0	""	"夏のアクティビティを快適に過ごすためのさまざまな機能を備えた素材ウイックロンを採用したTシャツです。"	""	0	0	""	"200"	""	0	""	""	""	""	""	""	""	0	0	1403318665268	1	volfo	1	248	244			1	2	日本	2		0.145	0		""				"WIC.T 雪山 ( 品番 #1104962 )"
"WIC.T Women's ブナ ( 品番 #1104963 )"	0	""	1	"日本"	"日本"	1	216.0	""	1	0	0	3.45301e-37	9.87215e-24	7.97105e+18	0	0	1	0	""	"夏のアクティビティを快適に過ごすためのさまざまな機能を備えた素材ウイックロンを採用したTシャツです。"	""	0	0	""	"200"	""	0	""	""	""	""	""	""	""	0	0	1403318665268	1	volfo	1	248	244			1	2	日本	2		0.105	0		""				"WIC.T Women's ブナ ( 品番 #1104963 )"
"WIC.T Women's 浅間山 ( 品番 #1104964 )"	0	""	1	"日本"	"日本"	1	216.0	""	1	0	0	3.45301e-37	9.87215e-24	7.97105e+18	0	0	1	0	""	"夏のアクティビティを快適に過ごすためのさまざまな機能を備えた素材ウイックロンを採用したTシャツです。"	""	0	0	""	"200"	""	0	""	""	""	""	""	""	""	0	0	1403318665268	1	volfo	1	248	244			1	2	日本	2		0.105	0		""				"WIC.T Women's 浅間山 ( 品番 #1104964 )"
"WIC.T Women's スタンプ 山と自然 ( 品番 #1104965 )"	0	""	1	"日本"	"日本"	1	216.0	""	1	0	0	3.45301e-37	9.87215e-24	7.97105e+18	0	0	1	0	""	"夏のアクティビティを快適に過ごすためのさまざまな機能を備えた素材ウイックロンを採用したTシャツです。"	""	0	0	""	"200"	""	0	""	""	""	""	""	""	""	0	0	1403318665268	1	volfo	1	248	244			1	2	日本	2		0.105	0		""				"WIC.T Women's スタンプ 山と自然 ( 品番 #1104965 )"
"WIC.T Women's 山の道具 ( 品番 #1104966 )"	0	""	1	"日本"	"日本"	1	216.0	""	1	0	0	3.45301e-37	9.87215e-24	7.97105e+18	0	0	1	0	""	"夏のアクティビティを快適に過ごすためのさまざまな機能を備えた素材ウイックロンを採用したTシャツです。自然や旅をテーマとした数々のイラストとエッセイ作品を手がける中村みつをさんによるイラストをプリントしています。"	""	0	0	""	"200"	""	0	""	""	""	""	""	""	""	0	0	1403318665268	1	volfo	1	248	244			1	2	日本	2		0.105	0		""				"WIC.T Women's 山の道具 ( 品番 #1104966 )"
"WIC.T Kid's 川遊び ( 品番 #1104967 )"	0	""	1	"日本"	"日本"	1	163.0	""	1	0	0	3.45301e-37	9.87215e-24	7.97105e+18	0	0	1	0	""	"夏のアクティビティを快適に過ごすためのさまざまな機能を備えた素材ウイックロンを採用したTシャツです。自然や旅をテーマとした数々のイラストとエッセイ作品を手がける中村みつをさんによるイラストをプリントしています。"	""	0	0	""	"200"	""	0	""	""	""	""	""	""	""	0	0	1403318665268	1	volfo	1	248	244			1	2	日本	2		0.105	0		""				"WIC.T Kid's 川遊び ( 品番 #1104967 )"
"WIC.T Kid's 川遊び ( 品番 #1104968 )"	0	""	1	"日本"	"日本"	1	163.0	""	1	0	0	3.45301e-37	9.87215e-24	7.97105e+18	0	0	1	0	""	"夏のアクティビティを快適に過ごすためのさまざまな機能を備えた素材ウイックロンを採用したTシャツです。自然や旅をテーマとした数々のイラストとエッセイ作品を手がける中村みつをさんによるイラストをプリントしています。"	""	0	0	""	"200"	""	0	""	""	""	""	""	""	""	0	0	1403318665268	1	volfo	1	248	244			1	2	日本	2		0.075	0		""				"WIC.T Kid's 川遊び ( 品番 #1104968 )"
"WIC.T Kid's クマ ( 品番 #1104969 )"	0	""	1	"日本"	"日本"	1	163.0	""	1	0	0	3.45301e-37	9.87215e-24	7.97105e+18	0	0	1	0	""	"夏のアクティビティを快適に過ごすためのさまざまな機能を備えた素材ウイックロンを採用したTシャツです。中村みつをさんによるイラストをプリントしています。"	""	0	0	""	"200"	""	0	""	""	""	""	""	""	""	0	0	1403318665268	1	volfo	1	248	244			1	2	日本	2		0.105	0		""				"WIC.T Kid's クマ ( 品番 #1104969 )"
"WIC.T Kid's クマ ( 品番 #1104970 )"	0	""	1	"日本"	"日本"	1	163.0	""	1	0	0	3.45301e-37	9.87215e-24	7.97105e+18	0	0	1	0	""	"夏のアクティビティを快適に過ごすためのさまざまな機能を備えた素材ウイックロンを採用したTシャツです。中村みつをさんによるイラストをプリントしています。"	""	0	0	""	"200"	""	0	""	""	""	""	""	""	""	0	0	1403318665268	1	volfo	1	248	244			1	2	日本	2		0.075	0		""				"WIC.T Kid's クマ ( 品番 #1104970 )"
"WIC.T Baby's クマ ( 品番 #1104971 )"	0	""	1	"日本"	"日本"	1	154.0	""	1	0	0	3.45301e-37	9.87215e-24	7.97105e+18	0	0	1	0	""	"速乾性と通気性に優れ、汗をかきやすい赤ちゃんにも快適なTシャツです。柔らかな肌触りで大変動きやすく、消臭機能も備えています。肩口のホックによって脱ぎ着させやすくなっています。中村みつをさんによるイラストをプリントしています。"	""	0	0	""	"200"	""	0	""	""	""	""	""	""	""	0	0	1403318665268	1	volfo	1	248	244			1	2	日本	2		0.05	0		""				"WIC.T Baby's クマ ( 品番 #1104971 )"
"WIC.T 手のひらに太陽 ( 品番 #1104989 )"	0	""	1	"日本"	"日本"	1	216.0	""	1	0	0	3.45301e-37	9.87215e-24	7.97105e+18	0	0	1	0	""	"快適素材ウイックロン を採用したTシャツです。このTシャツの売り上げの一部は、東日本大震災復興支援「手のひら太陽の家プロジェクト」に寄付されます。"	""	0	0	""	"200"	""	0	""	""	""	""	""	""	""	0	0	1403318665268	1	volfo	1	248	244			1	2	日本	2		0.145	0		""				"WIC.T 手のひらに太陽 ( 品番 #1104989 )"
"WIC.T Light & Fast ( 品番 #1104732 )"	0	""	1	"日本"	"日本"	1	216.0	""	1	0	0	3.45301e-37	9.87215e-24	7.97105e+18	0	0	1	0	""	"夏のアクティビティを快適に過ごすためのさまざまな機能を備えた素材ウイックロン を採用したTシャツです。"	""	0	0	""	"200"	""	0	""	""	""	""	""	""	""	0	0	1403318665268	1	volfo	1	248	244			1	2	日本	2		0.145	0		""				"WIC.T Light & Fast ( 品番 #1104732 )"
"WIC.クリックカラーT Women's ( 品番 #1104787 )"	0	""	1	"日本"	"日本"	1	351.0	""	1	0	0	3.45301e-37	9.87215e-24	7.97105e+18	0	0	1	0	""	"首元の日焼けを防ぐスタンドネック仕様のシャツです。通気性に優れ、消臭機能も備えているため真夏でも快適な着心地です。女性らしいスッキリとしたシルエットに仕上げています。"	""	0	0	""	"200"	""	0	""	""	""	""	""	""	""	0	0	1403318665268	1	volfo	1	248	244			1	2	日本	2		0.11	0		""				"WIC.クリックカラーT Women's ( 品番 #1104787 )"
"WIC.クリックカラーTロング Women's ( 品番 #1104788 )"	0	""	1	"日本"	"日本"	1	385.0	""	1	0	0	3.45301e-37	9.87215e-24	7.97105e+18	0	0	1	0	""	"首元の日焼けを防ぐスタンドネック仕様のシャツです。通気性に優れ、消臭機能も備えているため真夏でも快適な着心地です。女性らしいスッキリとしたシルエットに仕上げています。"	""	0	0	""	"200"	""	0	""	""	""	""	""	""	""	0	0	1403318665268	1	volfo	1	248	244			1	2	日本	2		0.15	0		""				"WIC.クリックカラーTロング Women's ( 品番 #1104788 )"
"WIC.T Women's 山の木の葉 ( 品番 #1104805 )"	0	""	1	"日本"	"日本"	1	216.0	""	1	0	0	3.45301e-37	9.87215e-24	7.97105e+18	0	0	1	0	""	"快適素材ウイックロンを使用したTシャツ。鮮やかな植物のイラストをあしらっています。"	""	0	0	""	"200"	""	0	""	""	""	""	""	""	""	0	0	1403318665268	1	volfo	1	248	244			1	2	日本	2		0.105	0		""				"WIC.T Women's 山の木の葉 ( 品番 #1104805 )"
"WIC.ボーダーT Men's ( 品番 #1104816 )"	0	""	1	"日本"	"日本"	1	297.0	""	1	0	0	3.45301e-37	9.87215e-24	7.97105e+18	0	0	1	0	""	"吸水速乾性・通気性・消臭機能を備えたウイックロンの性能はそのままに、リブ編みにすることで高い伸縮性を持たせたボーダーシリーズです。鮮やかなカラーリングで普段使いにもおすすめです。"	""	0	0	""	"200"	""	0	""	""	""	""	""	""	""	0	0	1403318665268	1	volfo	1	248	244			1	2	日本	2		0.148	0		""				"WIC.ボーダーT Men's ( 品番 #1104816 )"
"WIC.ボーダーT Women's ( 品番 #1104817 )"	0	""	1	"日本"	"日本"	1	279.0	""	1	0	0	3.45301e-37	9.87215e-24	7.97105e+18	0	0	1	0	""	"吸水速乾性・通気性・消臭機能を備えたウイックロンの性能はそのままに、リブ編みにすることで高い伸縮性を持たせたボーダーシリーズです。鮮やかなカラーリングで普段使いにもおすすめです。"	""	0	0	""	"200"	""	0	""	""	""	""	""	""	""	0	0	1403318665268	1	volfo	1	248	244			1	2	日本	2		0.114	0		""				"WIC.ボーダーT Women's ( 品番 #1104817 )"
"WIC.ボーダーロングスリーブT Men's ( 品番 #1104818 )"	0	""	1	"日本"	"日本"	1	368.0	""	1	0	0	3.45301e-37	9.87215e-24	7.97105e+18	0	0	1	0	""	"吸水速乾性・通気性・消臭機能を備えたウイックロンの性能はそのままに、リブ編みにすることで高い伸縮性を持たせたボーダーシリーズです。鮮やかなカラーリングで普段使いにもおすすめです。"	""	0	0	""	"200"	""	0	""	""	""	""	""	""	""	0	0	1403318665268	1	volfo	1	248	244			1	2	日本	2		0.195	0		""				"WIC.ボーダーロングスリーブT Men's ( 品番 #1104818 )"
"WIC.ボーダーロングスリーブT Women's ( 品番 #1104819 )"	0	""	1	"日本"	"日本"	1	341.0	""	1	0	0	3.45301e-37	9.87215e-24	7.97105e+18	0	0	1	0	""	"吸水速乾性・通気性・消臭機能を備えたウイックロンの性能はそのままに、リブ編みにすることで高い伸縮性を持たせたボーダーシリーズです。鮮やかなカラーリングで普段使いにもおすすめです。"	""	0	0	""	"200"	""	0	""	""	""	""	""	""	""	0	0	1403318665268	1	volfo	1	248	244			1	2	日本	2		0.149	0		""				"WIC.ボーダーロングスリーブT Women's ( 品番 #1104819 )"
"WIC.ボーダーロングスリーブジップシャツ Men's ( 品番 #1104820 )"	0	""	1	"日本"	"日本"	1	411.0	""	1	0	0	3.45301e-37	9.87215e-24	7.97105e+18	0	0	1	0	""	"吸水速乾性・通気性・消臭機能を備えたウイックロンの性能はそのままに、リブ編みにすることで高い伸縮性を持たせたボーダーシリーズです。鮮やかなカラーリングで普段使いにもおすすめです。"	""	0	0	""	"200"	""	0	""	""	""	""	""	""	""	0	0	1403318665268	1	volfo	1	248	244			1	2	日本	2		0.211	0		""				"WIC.ボーダーロングスリーブジップシャツ Men's ( 品番 #1104820 )"
"WIC.ボーダーロングスリーブジップシャツ Women's ( 品番 #1104821 )"	0	""	1	"日本"	"日本"	1	368.0	""	1	0	0	3.45301e-37	9.87215e-24	7.97105e+18	0	0	1	0	""	"吸水速乾性・通気性・消臭機能を備えたウイックロンの性能はそのままに、リブ編みにすることで高い伸縮性を持たせたボーダーシリーズです。鮮やかなカラーリングで普段使いにもおすすめです。"	""	0	0	""	"200"	""	0	""	""	""	""	""	""	""	0	0	1403318665268	1	volfo	1	248	244			1	2	日本	2		0.195	0		""				"WIC.ボーダーロングスリーブジップシャツ Women's ( 品番 #1104821 )"
"WIC.フィットT Women's ( 品番 #1104822 )"	0	""	1	"日本"	"日本"	1	231.0	""	1	0	0	3.45301e-37	9.87215e-24	7.97105e+18	0	0	1	0	""	"ウイックロンが持つ吸水速乾性・通気性・消臭機能はそのままに、繊維をリブニットに編み上げて高い伸縮性を持たせることで、快適なフィット感に仕上げたシリーズです。"	""	0	0	""	"200"	""	0	""	""	""	""	""	""	""	0	0	1403318665268	1	volfo	1	248	244			1	2	日本	2		0.133	0		""				"WIC.フィットT Women's ( 品番 #1104822 )"
"WIC.フィット ロングスリーブT Women's ( 品番 #1104823 )"	0	""	1	"日本"	"日本"	1	257.0	""	1	0	0	3.45301e-37	9.87215e-24	7.97105e+18	0	0	1	0	""	"ウイックロンが持つ吸水速乾性・通気性・消臭機能はそのままに、繊維をリブニットに編み上げて高い伸縮性を持たせることで、快適なフィット感に仕上げたシリーズです。"	""	0	0	""	"200"	""	0	""	""	""	""	""	""	""	0	0	1403318665268	1	volfo	1	248	244			1	2	日本	2		0.171	0		""				"WIC.フィット ロングスリーブT Women's ( 品番 #1104823 )"
"WIC.フィット セミロングスリーブT Women's ( 品番 #1104824 )"	0	""	1	"日本"	"日本"	1	248.0	""	1	0	0	3.45301e-37	9.87215e-24	7.97105e+18	0	0	1	0	""	"ウイックロンが持つ吸水速乾性・通気性・消臭機能はそのままに、繊維をリブニットに編み上げて高い伸縮性を持たせることで、快適なフィット感に仕上げたシリーズです。"	""	0	0	""	"200"	""	0	""	""	""	""	""	""	""	0	0	1403318665268	1	volfo	1	248	244			1	2	日本	2		0.164	0		""				"WIC.フィット セミロングスリーブT Women's ( 品番 #1104824 )"
"WIC.T 白い山男 ( 品番 #1104847 )"	0	""	1	"日本"	"日本"	1	216.0	""	1	0	0	3.45301e-37	9.87215e-24	7.97105e+18	0	0	1	0	""	"快適素材ウイックロン を採用したTシャツです。版画『山男』シリーズ生みの親で、国際的にも評価の高い「山の版画家」畦地梅太郎さんによる作品をプリントしています。"	""	0	0	""	"200"	""	0	""	""	""	""	""	""	""	0	0	1403318665268	1	volfo	1	248	244			1	2	日本	2		0.145	0		""				"WIC.T 白い山男 ( 品番 #1104847 )"
"WIC.T グラフィックロゴ ( 品番 #1104850 )"	0	""	1	"日本"	"日本"	1	216.0	""	1	0	0	3.45301e-37	9.87215e-24	7.97105e+18	0	0	1	0	""	"快適素材ウイックロン を採用したTシャツです。グラフィック調にデザインされたロゴをプリントしています。"	""	0	0	""	"200"	""	0	""	""	""	""	""	""	""	0	0	1403318665268	1	volfo	1	248	244			1	2	日本	2		0.145	0		""				"WIC.T グラフィックロゴ ( 品番 #1104850 )"
"WIC.T アルプス ( 品番 #1104852 )"	0	""	1	"日本"	"日本"	1	216.0	""	1	0	0	3.45301e-37	9.87215e-24	7.97105e+18	0	0	1	0	""	"快適素材ウイックロン を採用したTシャツです。自然や旅をテーマとした数々のイラストとエッセイ作品を手がけ、日本山岳会会員としても活動されている中村みつをさんによるイラストをプリントしています。"	""	0	0	""	"200"	""	0	""	""	""	""	""	""	""	0	0	1403318665268	1	volfo	1	248	244			1	2	日本	2		0.145	0		""				"WIC.T アルプス ( 品番 #1104852 )"
"WIC.T Women's 白い山男 ( 品番 #1104856 )"	0	""	1	"日本"	"日本"	1	216.0	""	1	0	0	3.45301e-37	9.87215e-24	7.97105e+18	0	0	1	0	""	"快適素材ウイックロン を採用したTシャツです。版画『山男』シリーズ生みの親で、国際的にも評価の高い「山の版画家」畦地梅太郎さんによる作品をプリントしています。"	""	0	0	""	"200"	""	0	""	""	""	""	""	""	""	0	0	1403318665268	1	volfo	1	248	244			1	2	日本	2		0.105	0		""				"WIC.T Women's 白い山男 ( 品番 #1104856 )"
"WIC.T Women's 太陽と月 ( 品番 #1104858 )"	0	""	1	"日本"	"日本"	1	216.0	""	1	0	0	3.45301e-37	9.87215e-24	7.97105e+18	0	0	1	0	""	"快適素材ウイックロン を採用したTシャツです。自然や旅をテーマとした数々のイラストとエッセイ作品を手がけ、日本山岳会会員としても活動されている中村みつをさんによるイラストをプリントしています。"	""	0	0	""	"200"	""	0	""	""	""	""	""	""	""	0	0	1403318665268	1	volfo	1	248	244			1	2	日本	2		0.105	0		""				"WIC.T Women's 太陽と月 ( 品番 #1104858 )"
"WIC.T Women's ブルーベリー ( 品番 #1104860 )"	0	""	1	"日本"	"日本"	1	216.0	""	1	0	0	3.45301e-37	9.87215e-24	7.97105e+18	0	0	1	0	""	"快適素材ウイックロン を採用したTシャツです。模様の入ったカラフルなロゴが特徴です。"	""	0	0	""	"200"	""	0	""	""	""	""	""	""	""	0	0	1403318665268	1	volfo	1	248	244			1	2	日本	2		0.105	0		""				"WIC.T Women's ブルーベリー ( 品番 #1104860 )"
"WIC.T 日本一心 ( 品番 #1104878 )"	0	""	1	"日本"	"日本"	1	216.0	""	1	0	0	3.45301e-37	9.87215e-24	7.97105e+18	0	0	1	0	""	"快適素材ウイックロン を採用したTシャツです。書道家・紫舟さんによる書をプリントしたTシャツです。このTシャツの売り上げの一部は、東日本大震災復興支援「日本一心プロジェクト」に寄付されます。"	""	0	0	""	"200"	""	0	""	""	""	""	""	""	""	0	0	1403318665268	1	volfo	1	248	244			1	2	日本	2		0.145	0		""				"WIC.T 日本一心 ( 品番 #1104878 )"
"WIC.T 結っ子 歌津 ( 品番 #1104879 )"	0	""	1	"日本"	"日本"	1	216.0	""	1	0	0	3.45301e-37	9.87215e-24	7.97105e+18	0	0	1	0	""	"夏のアクティビティを快適に過ごすためのさまざまな機能を備えた素材ウイックロンを採用したTシャツです。"	""	0	0	""	"200"	""	0	""	""	""	""	""	""	""	0	0	1403318665268	1	volfo	1	248	244			1	2	日本	2		0.145	0		""				"WIC.T 結っ子 歌津 ( 品番 #1104879 )"
"WIC.T 泥んこ遊び ( 品番 #1104882 )"	0	""	1	"日本"	"日本"	1	216.0	""	1	0	0	3.45301e-37	9.87215e-24	7.97105e+18	0	0	1	0	""	"“ニッポンの子どもに、もっと冒険を プロジェクト”の一環で作成されたTシャツです。"	""	0	0	""	"200"	""	0	""	""	""	""	""	""	""	0	0	1403318665268	1	volfo	1	248	244			1	2	日本	2		0.145	0		""				"WIC.T 泥んこ遊び ( 品番 #1104882 )"
"WIC.T mont-bell ( 品番 #1104883 )"	0	""	1	"日本"	"日本"	1	216.0	""	1	0	0	3.45301e-37	9.87215e-24	7.97105e+18	0	0	1	0	""	"夏のアクティビティを快適に過ごすためのさまざまな機能を備えた素材ウイックロン を採用したTシャツです。"	""	0	0	""	"200"	""	0	""	""	""	""	""	""	""	0	0	1403318665268	1	volfo	1	248	244			1	2	日本	2		0.145	0		""				"WIC.T mont-bell ( 品番 #1104883 )"
"WIC.T Ever Green ( 品番 #1104885 )"	0	""	1	"日本"	"日本"	1	216.0	""	1	0	0	3.45301e-37	9.87215e-24	7.97105e+18	0	0	1	0	""	"夏のアクティビティを快適に過ごすためのさまざまな機能を備えた素材ウイックロン を採用したTシャツです。"	""	0	0	""	"200"	""	0	""	""	""	""	""	""	""	0	0	1403318665268	1	volfo	1	248	244			1	2	日本	2		0.145	0		""				"WIC.T Ever Green ( 品番 #1104885 )"
"WIC.T キングペンギン ( 品番 #1104887 )"	0	""	1	"日本"	"日本"	1	216.0	""	1	0	0	3.45301e-37	9.87215e-24	7.97105e+18	0	0	1	0	""	"夏のアクティビティを快適に過ごすためのさまざまな機能を備えた素材ウイックロン を採用したTシャツです。"	""	0	0	""	"200"	""	0	""	""	""	""	""	""	""	0	0	1403318665268	1	volfo	1	248	244			1	2	日本	2		0.145	0		""				"WIC.T キングペンギン ( 品番 #1104887 )"
"WIC.T Women's 花 ( 品番 #1104889 )"	0	""	1	"日本"	"日本"	1	216.0	""	1	0	0	3.45301e-37	9.87215e-24	7.97105e+18	0	0	1	0	""	"夏のアクティビティを快適に過ごすためのさまざまな機能を備えた素材ウイックロン を採用したTシャツです。"	""	0	0	""	"200"	""	0	""	""	""	""	""	""	""	0	0	1403318665268	1	volfo	1	248	244			1	2	日本	2		0.105	0		""				"WIC.T Women's 花 ( 品番 #1104889 )"
"WIC.T Women's 山歩き ( 品番 #1104890 )"	0	""	1	"日本"	"日本"	1	216.0	""	1	0	0	3.45301e-37	9.87215e-24	7.97105e+18	0	0	1	0	""	"夏のアクティビティを快適に過ごすためのさまざまな機能を備えた素材ウイックロン を採用したTシャツです。"	""	0	0	""	"200"	""	0	""	""	""	""	""	""	""	0	0	1403318665268	1	volfo	1	248	244			1	2	日本	2		0.105	0		""				"WIC.T Women's 山歩き ( 品番 #1104890 )"
"WIC.T Women's mont-bell ( 品番 #1104891 )"	0	""	1	"日本"	"日本"	1	216.0	""	1	0	0	3.45301e-37	9.87215e-24	7.97105e+18	0	0	1	0	""	"夏のアクティビティを快適に過ごすためのさまざまな機能を備えた素材ウイックロン を採用したTシャツです。"	""	0	0	""	"200"	""	0	""	""	""	""	""	""	""	0	0	1403318665268	1	volfo	1	248	244			1	2	日本	2		0.105	0		""				"WIC.T Women's mont-bell ( 品番 #1104891 )"
"WIC.T Kid's ディッシュセット 130-150 ( 品番 #1104895 )"	0	""	1	"日本"	"日本"	1	163.0	""	1	0	0	3.45301e-37	9.87215e-24	7.97105e+18	0	0	1	0	""	"太陽の下を元気に走り回る子どもたちにぴったりのTシャツです。優れた通気性により大変涼しく、汗をたくさんかいてもすぐに乾くので、いつでもサラサラとした快適な着心地。中村みつをさんによるイラストをプリントしています。"	""	0	0	""	"200"	""	0	""	""	""	""	""	""	""	0	0	1403318665268	1	volfo	1	248	244			1	2	日本	2		0.105	0		""				"WIC.T Kid's ディッシュセット 130-150 ( 品番 #1104895 )"
"WIC.T Kid's ディッシュセット 100-120 ( 品番 #1104896 )"	0	""	1	"日本"	"日本"	1	163.0	""	1	0	0	3.45301e-37	9.87215e-24	7.97105e+18	0	0	1	0	""	"太陽の下を元気に走り回る子どもたちにぴったりのTシャツです。優れた通気性により大変涼しく、汗をたくさんかいてもすぐに乾くので、いつでもサラサラとした快適な着心地。中村みつをさんによるイラストをプリントしています。"	""	0	0	""	"200"	""	0	""	""	""	""	""	""	""	0	0	1403318665268	1	volfo	1	248	244			1	2	日本	2		0.075	0		""				"WIC.T Kid's ディッシュセット 100-120 ( 品番 #1104896 )"
"WIC.T Kid's 泥んこ遊び 130-150 ( 品番 #1104897 )"	0	""	1	"日本"	"日本"	1	163.0	""	1	0	0	3.45301e-37	9.87215e-24	7.97105e+18	0	0	1	0	""	"太陽の下を元気に走り回る子どもたちにぴったりのTシャツです。優れた通気性により大変涼しく、汗をたくさんかいてもすぐに乾くので、いつでもサラサラとした快適な着心地。このTシャツの売り上げの一部は「特定非営利活動法人 日本冒険遊び場づくり協会」の活動に役立てられます。"	""	0	0	""	"200"	""	0	""	""	""	""	""	""	""	0	0	1403318665268	1	volfo	1	248	244			1	2	日本	2		0.105	0		""				"WIC.T Kid's 泥んこ遊び 130-150 ( 品番 #1104897 )"
"WIC.T Kid's 泥んこ遊び 100-120 ( 品番 #1104898 )"	0	""	1	"日本"	"日本"	1	163.0	""	1	0	0	3.45301e-37	9.87215e-24	7.97105e+18	0	0	1	0	""	"太陽の下を元気に走り回る子どもたちにぴったりのTシャツです。優れた通気性により大変涼しく、汗をたくさんかいてもすぐに乾くので、いつでもサラサラとした快適な着心地。このTシャツの売り上げの一部は「特定非営利活動法人 日本冒険遊び場づくり協会」の活動に役立てられます。"	""	0	0	""	"200"	""	0	""	""	""	""	""	""	""	0	0	1403318665268	1	volfo	1	248	244			1	2	日本	2		0.075	0		""				"WIC.T Kid's 泥んこ遊び 100-120 ( 品番 #1104898 )"
"WIC.T Kid's 木の実 130-150 ( 品番 #1104899 )"	0	""	1	"日本"	"日本"	1	163.0	""	1	0	0	3.45301e-37	9.87215e-24	7.97105e+18	0	0	1	0	""	"太陽の下を元気に走り回る子どもたちにぴったりのTシャツです。優れた速乾性と消臭機能、UVカット効果を備え、キャンプや旅行、夏の水遊びで大活躍します。"	""	0	0	""	"200"	""	0	""	""	""	""	""	""	""	0	0	1403318665268	1	volfo	1	248	244			1	2	日本	2		0.105	0		""				"WIC.T Kid's 木の実 130-150 ( 品番 #1104899 )"
"WIC.T Kid's 木の実 100-120 ( 品番 #1104900 )"	0	""	1	"日本"	"日本"	1	163.0	""	1	0	0	3.45301e-37	9.87215e-24	7.97105e+18	0	0	1	0	""	"太陽の下を元気に走り回る子どもたちにぴったりのTシャツです。優れた速乾性と消臭機能、UVカット効果を備え、キャンプや旅行、夏の水遊びで大活躍します。"	""	0	0	""	"200"	""	0	""	""	""	""	""	""	""	0	0	1403318665268	1	volfo	1	248	244			1	2	日本	2		0.075	0		""				"WIC.T Kid's 木の実 100-120 ( 品番 #1104900 )"
"WIC.ロングスリーブT Kid's ブルーベリー 130-150 ( 品番 #1104901 )"	0	""	1	"日本"	"日本"	1	171.0	""	1	0	0	3.45301e-37	9.87215e-24	7.97105e+18	0	0	1	0	""	"いつでもさらさらとした快適な着心地が続くロングスリーブTシャツです。肩幅を気にせず着せてあげられるラグランスリーブ。"	""	0	0	""	"200"	""	0	""	""	""	""	""	""	""	0	0	1403318665268	1	volfo	1	248	244			1	2	日本	2		0.105	0		""				"WIC.ロングスリーブT Kid's ブルーベリー 130-150 ( 品番 #1104901 )"
"WIC.ロングスリーブT Kid's ブルーベリー 100-120 ( 品番 #1104902 )"	0	""	1	"日本"	"日本"	1	171.0	""	1	0	0	3.45301e-37	9.87215e-24	7.97105e+18	0	0	1	0	""	"いつでもさらさらとした快適な着心地が続くロングスリーブTシャツです。肩幅を気にせず着せてあげられるラグランスリーブ。"	""	0	0	""	"200"	""	0	""	""	""	""	""	""	""	0	0	1403318665268	1	volfo	1	248	244			1	2	日本	2		0.075	0		""				"WIC.ロングスリーブT Kid's ブルーベリー 100-120 ( 品番 #1104902 )"
"WIC.T Kid's チョウ 130-150 ( 品番 #1104903 )"	0	""	1	"日本"	"日本"	1	163.0	""	1	0	0	3.45301e-37	9.87215e-24	7.97105e+18	0	0	1	0	""	"太陽の下を元気に走り回る子どもたちにぴったりのTシャツです。優れた速乾性と消臭機能、UVカット効果を備え、キャンプや旅行、夏の水遊びで大活躍します。"	""	0	0	""	"200"	""	0	""	""	""	""	""	""	""	0	0	1403318665268	1	volfo	1	248	244			1	2	日本	2		0.105	0		""				"WIC.T Kid's チョウ 130-150 ( 品番 #1104903 )"
"WIC.T Kid's チョウ 100-120 ( 品番 #1104904 )"	0	""	1	"日本"	"日本"	1	163.0	""	1	0	0	3.45301e-37	9.87215e-24	7.97105e+18	0	0	1	0	""	"太陽の下を元気に走り回る子どもたちにぴったりのTシャツです。優れた速乾性と消臭機能、UVカット効果を備え、キャンプや旅行、夏の水遊びで大活躍します。"	""	0	0	""	"200"	""	0	""	""	""	""	""	""	""	0	0	1403318665268	1	volfo	1	248	244			1	2	日本	2		0.075	0		""				"WIC.T Kid's チョウ 100-120 ( 品番 #1104904 )"
"WIC.T Baby's カエル ( 品番 #1104906 )"	0	""	1	"日本"	"日本"	1	154.0	""	1	0	0	3.45301e-37	9.87215e-24	7.97105e+18	0	0	1	0	""	"速乾性と通気性に優れ、汗をかきやすい赤ちゃんにも快適なTシャツです。柔らかな肌触りで大変動きやすく、消臭機能も備えています。肩口のホックによって脱ぎ着させやすくなっています。"	""	0	0	""	"200"	""	0	""	""	""	""	""	""	""	0	0	1403318665268	1	volfo	1	248	244			1	2	日本	2		0.05	0		""				"WIC.T Baby's カエル ( 品番 #1104906 )"
"WIC.T Baby's チョウ ( 品番 #1104907 )"	0	""	1	"日本"	"日本"	1	154.0	""	1	0	0	3.45301e-37	9.87215e-24	7.97105e+18	0	0	1	0	""	"速乾性と通気性に優れ、汗をかきやすい赤ちゃんにも快適なTシャツです。柔らかな肌触りで大変動きやすく、消臭機能も備えています。肩口のホックによって脱ぎ着させやすくなっています。"	""	0	0	""	"200"	""	0	""	""	""	""	""	""	""	0	0	1403318665268	1	volfo	1	248	244			1	2	日本	2		0.05	0		""				"WIC.T Baby's チョウ ( 品番 #1104907 )"
"WIC.ラグランT Men's ( 品番 #1104562 )"	0	""	1	"日本"	"日本"	1	225.0	""	1	0	0	3.45301e-37	9.87215e-24	7.97105e+18	0	0	1	0	""	"夏のアクティビティを快適に過ごすためのさまざまな機能を備えた素材ウイックロン を採用したラグランTシャツです。"	""	0	0	""	"200"	""	0	""	""	""	""	""	""	""	0	0	1403318665268	1	volfo	1	248	244			1	2	日本	2		0.145	0		""				"WIC.ラグランT Men's ( 品番 #1104562 )"
"WIC.ラグランT Women's ( 品番 #1104563 )"	0	""	1	"日本"	"日本"	1	207.0	""	1	0	0	3.45301e-37	9.87215e-24	7.97105e+18	0	0	1	0	""	"夏のアクティビティを快適に過ごすためのさまざまな機能を備えた素材ウイックロン を採用したラグランTシャツです。"	""	0	0	""	"200"	""	0	""	""	""	""	""	""	""	0	0	1403318665268	1	volfo	1	248	244			1	2	日本	2		0.1	0		""				"WIC.ラグランT Women's ( 品番 #1104563 )"
"WIC.T ワンポイントロゴ Men's ( 品番 #1104713 )"	0	""	1	"日本"	"日本"	1	198.0	""	1	0	0	3.45301e-37	9.87215e-24	7.97105e+18	0	0	1	0	""	"夏のアクティビティを快適に過ごすためのさまざまな機能を備えた素材ウイックロン を採用したTシャツです。"	""	0	0	""	"200"	""	0	""	""	""	""	""	""	""	0	0	1403318665268	1	volfo	1	248	244			1	2	日本	2		0.145	0		""				"WIC.T ワンポイントロゴ Men's ( 品番 #1104713 )"
"WIC.T ワンポイントロゴ Women's ( 品番 #1104714 )"	0	""	1	"日本"	"日本"	1	189.0	""	1	0	0	3.45301e-37	9.87215e-24	7.97105e+18	0	0	1	0	""	"夏のアクティビティを快適に過ごすためのさまざまな機能を備えた素材ウイックロン を採用したTシャツです。"	""	0	0	""	"200"	""	0	""	""	""	""	""	""	""	0	0	1403318665268	1	volfo	1	248	244			1	2	日本	2		0.105	0		""				"WIC.T ワンポイントロゴ Women's ( 品番 #1104714 )"
"WIC.T エンボスロゴ ( 品番 #1104734 )"	0	""	1	"日本"	"日本"	1	216.0	""	1	0	0	3.45301e-37	9.87215e-24	7.97105e+18	0	0	1	0	""	"夏のアクティビティを快適に過ごすためのさまざまな機能を備えた素材ウイックロン を採用したTシャツです。"	""	0	0	""	"200"	""	0	""	""	""	""	""	""	""	0	0	1403318665268	1	volfo	1	248	244			1	2	日本	2		0.145	0		""				"WIC.T エンボスロゴ ( 品番 #1104734 )"
"WIC.T アルフェックロゴ ( 品番 #1104735 )"	0	""	1	"日本"	"日本"	1	216.0	""	1	0	0	3.45301e-37	9.87215e-24	7.97105e+18	0	0	1	0	""	"夏のアクティビティを快適に過ごすためのさまざまな機能を備えた素材ウイックロン を採用したTシャツです。"	""	0	0	""	"200"	""	0	""	""	""	""	""	""	""	0	0	1403318665268	1	volfo	1	248	244			1	2	日本	2		0.145	0		""				"WIC.T アルフェックロゴ ( 品番 #1104735 )"
"WIC.T ワンポイントロゴ ゼロポイント ( 品番 #1104736 )"	0	""	1	"日本"	"日本"	1	216.0	""	1	0	0	3.45301e-37	9.87215e-24	7.97105e+18	0	0	1	0	""	"夏のアクティビティを快適に過ごすためのさまざまな機能を備えた素材ウイックロン を採用したTシャツです。"	""	0	0	""	"200"	""	0	""	""	""	""	""	""	""	0	0	1403318665268	1	volfo	1	248	244			1	2	日本	2		0.145	0		""				"WIC.T ワンポイントロゴ ゼロポイント ( 品番 #1104736 )"
"WIC.T 山 ( 品番 #1104738 )"	0	""	1	"日本"	"日本"	1	216.0	""	1	0	0	3.45301e-37	9.87215e-24	7.97105e+18	0	0	1	0	""	"夏のアクティビティを快適に過ごすためのさまざまな機能を備えた素材ウイックロン を採用したTシャツです。"	""	0	0	""	"200"	""	0	""	""	""	""	""	""	""	0	0	1403318665268	1	volfo	1	248	244			1	2	日本	2		0.145	0		""				"WIC.T 山 ( 品番 #1104738 )"
"WIC.T 命の祭り ( 品番 #1104768 )"	0	""	1	"日本"	"日本"	1	216.0	""	1	0	0	3.45301e-37	9.87215e-24	7.97105e+18	0	0	1	0	""	"夏のアクティビティを快適に過ごすためのさまざまな機能を備えた素材ウイックロン を採用したTシャツです。「河島英五記念基金」対象商品。"	""	0	0	""	"200"	""	0	""	""	""	""	""	""	""	0	0	1403318665268	1	volfo	1	248	244			1	2	日本	2		0.145	0		""				"WIC.T 命の祭り ( 品番 #1104768 )"
"WIC.T 旅的途上 ( 品番 #1104769 )"	0	""	1	"日本"	"日本"	1	216.0	""	1	0	0	3.45301e-37	9.87215e-24	7.97105e+18	0	0	1	0	""	"夏のアクティビティを快適に過ごすためのさまざまな機能を備えた素材ウイックロン を採用したTシャツです。「河島英五記念基金」対象商品。"	""	0	0	""	"200"	""	0	""	""	""	""	""	""	""	0	0	1403318665268	1	volfo	1	248	244			1	2	日本	2		0.145	0		""				"WIC.T 旅的途上 ( 品番 #1104769 )"
"WIC.T Women's 花畑1 ( 品番 #1104772 )"	0	""	1	"日本"	"日本"	1	216.0	""	1	0	0	3.45301e-37	9.87215e-24	7.97105e+18	0	0	1	0	""	"夏のアクティビティを快適に過ごすためのさまざまな機能を備えた素材ウイックロン を採用したTシャツです。"	""	0	0	""	"200"	""	0	""	""	""	""	""	""	""	0	0	1403318665268	1	volfo	1	248	244			1	2	日本	2		0.105	0		""				"WIC.T Women's 花畑1 ( 品番 #1104772 )"
"WIC.T カリグラフィー 岳 ( 品番 #1104778 )"	0	""	1	"日本"	"日本"	1	216.0	""	1	0	0	3.45301e-37	9.87215e-24	7.97105e+18	0	0	1	0	""	"夏のアクティビティを快適に過ごすためのさまざまな機能を備えた素材ウイックロン を採用したTシャツです。"	""	0	0	""	"200"	""	0	""	""	""	""	""	""	""	0	0	1403318665268	1	volfo	1	248	244			1	2	日本	2		0.145	0		""				"WIC.T カリグラフィー 岳 ( 品番 #1104778 )"
"WIC.T カリグラフィー 零 ( 品番 #1104779 )"	0	""	1	"日本"	"日本"	1	216.0	""	1	0	0	3.45301e-37	9.87215e-24	7.97105e+18	0	0	1	0	""	"夏のアクティビティを快適に過ごすためのさまざまな機能を備えた素材ウイックロン を採用したTシャツです。"	""	0	0	""	"200"	""	0	""	""	""	""	""	""	""	0	0	1403318665268	1	volfo	1	248	244			1	2	日本	2		0.145	0		""				"WIC.T カリグラフィー 零 ( 品番 #1104779 )"
"WIC.ロングスリーブT Men's ( 品番 #1104715 )"	0	""	1	"日本"	"日本"	1	243.0	""	1	0	0	3.45301e-37	9.87215e-24	7.97105e+18	0	0	1	0	""	"夏のアクティビティを快適に過ごすためのさまざまな機能を備えた素材ウイックロン を採用した長袖Tシャツです。"	""	0	0	""	"200"	""	0	""	""	""	""	""	""	""	0	0	1403318665268	1	volfo	1	248	244			1	2	日本	2		0.185	0		""				"WIC.ロングスリーブT Men's ( 品番 #1104715 )"
"WIC.ロングスリーブT Women's ( 品番 #1104717 )"	0	""	1	"日本"	"日本"	1	216.0	""	1	0	0	3.45301e-37	9.87215e-24	7.97105e+18	0	0	1	0	""	"夏のアクティビティを快適に過ごすためのさまざまな機能を備えた素材ウイックロン を採用した長袖Tシャツです。"	""	0	0	""	"200"	""	0	""	""	""	""	""	""	""	0	0	1403318665268	1	volfo	1	248	244			1	2	日本	2		0.13	0		""				"WIC.ロングスリーブT Women's ( 品番 #1104717 )"
"WIC.ラグランロングスリーブT Men's ( 品番 #1104718 )"	0	""	1	"日本"	"日本"	1	270.0	""	1	0	0	3.45301e-37	9.87215e-24	7.97105e+18	0	0	1	0	""	"夏のアクティビティを快適に過ごすためのさまざまな機能を備えた素材ウイックロン を採用したラグラン使用の長袖Tシャツです。"	""	0	0	""	"200"	""	0	""	""	""	""	""	""	""	0	0	1403318665268	1	volfo	1	248	244			1	2	日本	2		0.17	0		""				"WIC.ラグランロングスリーブT Men's ( 品番 #1104718 )"
"WIC.ラグランロングスリーブT Women's ( 品番 #1104719 )"	0	""	1	"日本"	"日本"	1	252.0	""	1	0	0	3.45301e-37	9.87215e-24	7.97105e+18	0	0	1	0	""	"夏のアクティビティを快適に過ごすためのさまざまな機能を備えた素材ウイックロン を採用したラグラン使用の長袖Tシャツです。"	""	0	0	""	"200"	""	0	""	""	""	""	""	""	""	0	0	1403318665268	1	volfo	1	248	244			1	2	日本	2		0.13	0		""				"WIC.ラグランロングスリーブT Women's ( 品番 #1104719 )"
"WIC.ジップシャツ Men's ( 品番 #1104721 )"	0	""	1	"日本"	"日本"	1	368.0	""	1	0	0	3.45301e-37	9.87215e-24	7.97105e+18	0	0	1	0	""	"夏のアクティビティを快適に過ごすためのさまざまな機能を備えた素材ウイックロン を採用したジップシャツです。"	""	0	0	""	"200"	""	0	""	""	""	""	""	""	""	0	0	1403318665268	1	volfo	1	248	244			1	2	日本	2		0.185	0		""				"WIC.ジップシャツ Men's ( 品番 #1104721 )"
"WIC.ジップシャツ Women's ( 品番 #1104722 )"	0	""	1	"日本"	"日本"	1	325.0	""	1	0	0	3.45301e-37	9.87215e-24	7.97105e+18	0	0	1	0	""	"夏のアクティビティを快適に過ごすためのさまざまな機能を備えた素材ウイックロン を採用したジップシャツです。"	""	0	0	""	"200"	""	0	""	""	""	""	""	""	""	0	0	1403318665268	1	volfo	1	248	244			1	2	日本	2		0.16	0		""				"WIC.ジップシャツ Women's ( 品番 #1104722 )"
"WIC.ロングスリーブT Light & Fast ( 品番 #1104733 )"	0	""	1	"日本"	"日本"	1	270.0	""	1	0	0	3.45301e-37	9.87215e-24	7.97105e+18	0	0	1	0	""	"夏のアクティビティを快適に過ごすためのさまざまな機能を備えた素材ウイックロン を採用した長袖Tシャツです。"	""	0	0	""	"200"	""	0	""	""	""	""	""	""	""	0	0	1403318665268	1	volfo	1	248	244			1	2	日本	2		0.185	0		""				"WIC.ロングスリーブT Light & Fast ( 品番 #1104733 )"
"WIC.ラグランT Kid's 130-150 ( 品番 #1104727 )"	0	""	1	"日本"	"日本"	1	163.0	""	1	0	0	3.45301e-37	9.87215e-24	7.97105e+18	0	0	1	0	""	"ラグランスリーブなので、成長の早い子どもにも肩幅を気にせず着せてあげられるTシャツです。肩部分に縫い目がないので、デイパックなどを背負ってもショルダーハーネスでごろつくことがありません。"	""	0	0	""	"200"	""	0	""	""	""	""	""	""	""	0	0	1403318665268	1	volfo	1	248	244			1	2	日本	2		0.08	0		""				"WIC.ラグランT Kid's 130-150 ( 品番 #1104727 )"
"WIC.ラグランT Kid's 100-120 ( 品番 #1104728 )"	0	""	1	"日本"	"日本"	1	163.0	""	1	0	0	3.45301e-37	9.87215e-24	7.97105e+18	0	0	1	0	""	"ラグランスリーブなので、成長の早い子どもにも肩幅を気にせず着せてあげられるTシャツです。肩部分に縫い目がないので、デイパックなどを背負ってもショルダーハーネスでごろつくことがありません。"	""	0	0	""	"200"	""	0	""	""	""	""	""	""	""	0	0	1403318665268	1	volfo	1	248	244			1	2	日本	2		0.06	0		""				"WIC.ラグランT Kid's 100-120 ( 品番 #1104728 )"
"WIC.ラグランロングスリーブT Kid's 130-150 ( 品番 #1104729 )"	0	""	1	"日本"	"日本"	1	171.0	""	1	0	0	3.45301e-37	9.87215e-24	7.97105e+18	0	0	1	0	""	"ラグランスリーブなので、成長の早い子どもにも肩幅を気にせず着せてあげられるTシャツです。肩部分に縫い目がないので、デイパックなどを背負ってもショルダーハーネスでごろつくことがありません。"	""	0	0	""	"200"	""	0	""	""	""	""	""	""	""	0	0	1403318665268	1	volfo	1	248	244			1	2	日本	2		0.1	0		""				"WIC.ラグランロングスリーブT Kid's 130-150 ( 品番 #1104729 )"
"WIC.ラグランロングスリーブT Kid's 100-120 ( 品番 #1104730 )"	0	""	1	"日本"	"日本"	1	171.0	""	1	0	0	3.45301e-37	9.87215e-24	7.97105e+18	0	0	1	0	""	"ラグランスリーブなので、成長の早い子どもにも肩幅を気にせず着せてあげられるTシャツです。肩部分に縫い目がないので、デイパックなどを背負ってもショルダーハーネスでごろつくことがありません。"	""	0	0	""	"200"	""	0	""	""	""	""	""	""	""	0	0	1403318665268	1	volfo	1	248	244			1	2	日本	2		0.075	0		""				"WIC.ラグランロングスリーブT Kid's 100-120 ( 品番 #1104730 )"
"WIC.ラグランロングスリーブT Baby's ( 品番 #1104731 )"	0	""	1	"日本"	"日本"	1	163.0	""	1	0	0	3.45301e-37	9.87215e-24	7.97105e+18	0	0	1	0	""	"消臭機能を備えた高機能素材を使用したラグランスリーブのTシャツです。肩口にホックを付けているため脱ぎ着させやすくなっています。"	""	0	0	""	"200"	""	0	""	""	""	""	""	""	""	0	0	1403318665268	1	volfo	1	248	244			1	2	日本	2		0.06	0		""				"WIC.ラグランロングスリーブT Baby's ( 品番 #1104731 )"
"WIC.T Kid's Light & Fast 130-150 ( 品番 #1104745 )"	0	""	1	"日本"	"日本"	1	163.0	""	1	0	0	3.45301e-37	9.87215e-24	7.97105e+18	0	0	1	0	""	"太陽の下を元気に走り回る子どもたちにぴったりのTシャツです。優れた速乾性と消臭機能、UVカット効果を備え、キャンプや旅行、夏の水遊びで大活躍します。"	""	0	0	""	"200"	""	0	""	""	""	""	""	""	""	0	0	1403318665268	1	volfo	1	248	244			1	2	日本	2		0.105	0		""				"WIC.T Kid's Light & Fast 130-150 ( 品番 #1104745 )"
"WIC.T Kid's Light & Fast 100-120 ( 品番 #1104746 )"	0	""	1	"日本"	"日本"	1	163.0	""	1	0	0	3.45301e-37	9.87215e-24	7.97105e+18	0	0	1	0	""	"太陽の下を元気に走り回る子どもたちにぴったりのTシャツです。優れた速乾性と消臭機能、UVカット効果を備え、キャンプや旅行、夏の水遊びで大活躍します。"	""	0	0	""	"200"	""	0	""	""	""	""	""	""	""	0	0	1403318665268	1	volfo	1	248	244			1	2	日本	2		0.075	0		""				"WIC.T Kid's Light & Fast 100-120 ( 品番 #1104746 )"
"WIC.T Kid's 川の学校 130-150 ( 品番 #1104747 )"	0	""	1	"日本"	"日本"	1	163.0	""	1	0	0	3.45301e-37	9.87215e-24	7.97105e+18	0	0	1	0	""	"売り上げの一部が「川の学校」の活動に役立てられるTシャツです。"	""	0	0	""	"200"	""	0	""	""	""	""	""	""	""	0	0	1403318665268	1	volfo	1	248	244			1	2	日本	2		0.105	0		""				"WIC.T Kid's 川の学校 130-150 ( 品番 #1104747 )"
"WIC.T Kid's 川の学校 100-120 ( 品番 #1104748 )"	0	""	1	"日本"	"日本"	1	163.0	""	1	0	0	3.45301e-37	9.87215e-24	7.97105e+18	0	0	1	0	""	"売り上げの一部が「川の学校」の活動に役立てられるTシャツです。"	""	0	0	""	"200"	""	0	""	""	""	""	""	""	""	0	0	1403318665268	1	volfo	1	248	244			1	2	日本	2		0.075	0		""				"WIC.T Kid's 川の学校 100-120 ( 品番 #1104748 )"
"WIC.T Kid's どんぐり 130-150 ( 品番 #1104749 )"	0	""	1	"日本"	"日本"	1	163.0	""	1	0	0	3.45301e-37	9.87215e-24	7.97105e+18	0	0	1	0	""	"太陽の下を元気に走り回る子どもたちにぴったりのTシャツです。優れた速乾性と消臭機能、UVカット効果を備え、キャンプや旅行、夏の水遊びで大活躍します。"	""	0	0	""	"200"	""	0	""	""	""	""	""	""	""	0	0	1403318665268	1	volfo	1	248	244			1	2	日本	2		0.105	0		""				"WIC.T Kid's どんぐり 130-150 ( 品番 #1104749 )"
"WIC.T Kid's どんぐり 100-120 ( 品番 #1104750 )"	0	""	1	"日本"	"日本"	1	163.0	""	1	0	0	3.45301e-37	9.87215e-24	7.97105e+18	0	0	1	0	""	"太陽の下を元気に走り回る子どもたちにぴったりのTシャツです。優れた速乾性と消臭機能、UVカット効果を備え、キャンプや旅行、夏の水遊びで大活躍します。"	""	0	0	""	"200"	""	0	""	""	""	""	""	""	""	0	0	1403318665268	1	volfo	1	248	244			1	2	日本	2		0.075	0		""				"WIC.T Kid's どんぐり 100-120 ( 品番 #1104750 )"
"WIC.T Kid's 甲虫 130-150 ( 品番 #1104751 )"	0	""	1	"日本"	"日本"	1	163.0	""	1	0	0	3.45301e-37	9.87215e-24	7.97105e+18	0	0	1	0	""	"太陽の下を元気に走り回る子どもたちにぴったりのTシャツです。優れた速乾性と消臭機能、UVカット効果を備え、キャンプや旅行、夏の水遊びで大活躍します。"	""	0	0	""	"200"	""	0	""	""	""	""	""	""	""	0	0	1403318665268	1	volfo	1	248	244			1	2	日本	2		0.105	0		""				"WIC.T Kid's 甲虫 130-150 ( 品番 #1104751 )"
"WIC.T Kid's 甲虫 100-120 ( 品番 #1104752 )"	0	""	1	"日本"	"日本"	1	163.0	""	1	0	0	3.45301e-37	9.87215e-24	7.97105e+18	0	0	1	0	""	"太陽の下を元気に走り回る子どもたちにぴったりのTシャツです。優れた速乾性と消臭機能、UVカット効果を備え、キャンプや旅行、夏の水遊びで大活躍します。"	""	0	0	""	"200"	""	0	""	""	""	""	""	""	""	0	0	1403318665268	1	volfo	1	248	244			1	2	日本	2		0.075	0		""				"WIC.T Kid's 甲虫 100-120 ( 品番 #1104752 )"
"WIC.ロングスリーブ ロンパース Baby's ( 品番 #1104797 )"	0	""	1	"日本"	"日本"	1	274.0	""	1	0	0	3.45301e-37	9.87215e-24	7.97105e+18	0	0	1	0	""	"野外での遊び着や部屋着として、また寝相がよくない赤ちゃんのパジャマにも適したロンパースです。肩口にホックを設けているため脱ぎ着させやすく、内股もホックで全開するので、おむつ替えも簡単です。"	""	0	0	""	"200"	""	0	""	""	""	""	""	""	""	0	0	1403318665268	1	volfo	1	248	244			1	2	日本	2		0.08	0		""				"WIC.ロングスリーブ ロンパース Baby's ( 品番 #1104797 )"
"WIC.ハーフスリーブ ロンパース Baby's ( 品番 #1104798 )"	0	""	1	"日本"	"日本"	1	248.0	""	1	0	0	3.45301e-37	9.87215e-24	7.97105e+18	0	0	1	0	""	"野外での遊び着や部屋着として、また寝相がよくない赤ちゃんのパジャマにも適したロンパースです。肩口にホックを設けているため脱ぎ着させやすく、内股もホックで全開するので、おむつ替えも簡単です。"	""	0	0	""	"200"	""	0	""	""	""	""	""	""	""	0	0	1403318665268	1	volfo	1	248	244			1	2	日本	2		0.065	0		""				"WIC.ハーフスリーブ ロンパース Baby's ( 品番 #1104798 )"
"WIC.ロングスリーブT Kid's Light & Fast 130-150 ( 品番 #1104806 )"	0	""	1	"日本"	"日本"	1	171.0	""	1	0	0	3.45301e-37	9.87215e-24	7.97105e+18	0	0	1	0	""	"ラグランスリーブなので、成長の早い子どもにも肩幅を気にせず着せてあげられるシリーズです。肩部分に縫い目がないので、デイパックなどを背負ってもショルダーハーネスでごろつくことがありません。"	""	0	0	""	"200"	""	0	""	""	""	""	""	""	""	0	0	1403318665268	1	volfo	1	248	244			1	2	日本	2		0.105	0		""				"WIC.ロングスリーブT Kid's Light & Fast 130-150 ( 品番 #1104806 )"
"WIC.ロングスリーブT Kid's Light & Fast 100-120 ( 品番 #1104807 )"	0	""	1	"日本"	"日本"	1	171.0	""	1	0	0	3.45301e-37	9.87215e-24	7.97105e+18	0	0	1	0	""	"ラグランスリーブなので、成長の早い子どもにも肩幅を気にせず着せてあげられるシリーズです。肩部分に縫い目がないので、デイパックなどを背負ってもショルダーハーネスでごろつくことがありません。"	""	0	0	""	"200"	""	0	""	""	""	""	""	""	""	0	0	1403318665268	1	volfo	1	248	244			1	2	日本	2		0.075	0		""				"WIC.ロングスリーブT Kid's Light & Fast 100-120 ( 品番 #1104807 )"
"WIC.ロングスリーブT Kid's 足跡 130-150 ( 品番 #1104808 )"	0	""	1	"日本"	"日本"	1	171.0	""	1	0	0	3.45301e-37	9.87215e-24	7.97105e+18	0	0	1	0	""	"ラグランスリーブなので、成長の早い子どもにも肩幅を気にせず着せてあげられるシリーズです。肩部分に縫い目がないので、デイパックなどを背負ってもショルダーハーネスでごろつくことがありません。"	""	0	0	""	"200"	""	0	""	""	""	""	""	""	""	0	0	1403318665268	1	volfo	1	248	244			1	2	日本	2		0.105	0		""				"WIC.ロングスリーブT Kid's 足跡 130-150 ( 品番 #1104808 )"
"WIC.ロングスリーブT Kid's 足跡 100-120 ( 品番 #1104809 )"	0	""	1	"日本"	"日本"	1	171.0	""	1	0	0	3.45301e-37	9.87215e-24	7.97105e+18	0	0	1	0	""	"ラグランスリーブなので、成長の早い子どもにも肩幅を気にせず着せてあげられるシリーズです。肩部分に縫い目がないので、デイパックなどを背負ってもショルダーハーネスでごろつくことがありません。"	""	0	0	""	"200"	""	0	""	""	""	""	""	""	""	0	0	1403318665268	1	volfo	1	248	244			1	2	日本	2		0.075	0		""				"WIC.ロングスリーブT Kid's 足跡 100-120 ( 品番 #1104809 )"
"WIC.ロングスリーブT Kid's ウミノナカマ 130-150 ( 品番 #1104810 )"	0	""	1	"日本"	"日本"	1	171.0	""	1	0	0	3.45301e-37	9.87215e-24	7.97105e+18	0	0	1	0	""	"ラグランスリーブなので、成長の早い子どもにも肩幅を気にせず着せてあげられるシリーズです。肩部分に縫い目がないので、デイパックなどを背負ってもショルダーハーネスでごろつくことがありません。"	""	0	0	""	"200"	""	0	""	""	""	""	""	""	""	0	0	1403318665268	1	volfo	1	248	244			1	2	日本	2		0.105	0		""				"WIC.ロングスリーブT Kid's ウミノナカマ 130-150 ( 品番 #1104810 )"
"WIC.ロングスリーブT Kid's ウミノナカマ 100-120 ( 品番 #1104811 )"	0	""	1	"日本"	"日本"	1	171.0	""	1	0	0	3.45301e-37	9.87215e-24	7.97105e+18	0	0	1	0	""	"ラグランスリーブなので、成長の早い子どもにも肩幅を気にせず着せてあげられるシリーズです。肩部分に縫い目がないので、デイパックなどを背負ってもショルダーハーネスでごろつくことがありません。"	""	0	0	""	"200"	""	0	""	""	""	""	""	""	""	0	0	1403318665268	1	volfo	1	248	244			1	2	日本	2		0.075	0		""				"WIC.ロングスリーブT Kid's ウミノナカマ 100-120 ( 品番 #1104811 )"
"WIC.ボーダー ロングスリーブT Kid's 130-150 ( 品番 #1104812 )"	0	""	1	"日本"	"日本"	1	214.0	""	1	0	0	3.45301e-37	9.87215e-24	7.97105e+18	0	0	1	0	""	"快適素材ウイックロンを、リブニットに編み上げることで高いストレッチ性を持たせた長袖Tシャツです。汗をかいてもすぐに乾き、UVカット効果にも優れるため、太陽の光をたくさん浴びる夏のスポーツやキャンプでも快適。消臭効果も備えています。"	""	0	0	""	"200"	""	0	""	""	""	""	""	""	""	0	0	1403318665268	1	volfo	1	248	244			1	2	日本	2		0.132	0		""				"WIC.ボーダー ロングスリーブT Kid's 130-150 ( 品番 #1104812 )"
"WIC.ボーダー ロングスリーブT Kid's 100-120 ( 品番 #1104813 )"	0	""	1	"日本"	"日本"	1	214.0	""	1	0	0	3.45301e-37	9.87215e-24	7.97105e+18	0	0	1	0	""	"快適素材ウイックロンを、リブニットに編み上げることで高いストレッチ性を持たせた長袖Tシャツです。汗をかいてもすぐに乾き、UVカット効果にも優れるため、太陽の光をたくさん浴びる夏のスポーツやキャンプでも快適。消臭効果も備えています。"	""	0	0	""	"200"	""	0	""	""	""	""	""	""	""	0	0	1403318665268	1	volfo	1	248	244			1	2	日本	2		0.076	0		""				"WIC.ボーダー ロングスリーブT Kid's 100-120 ( 品番 #1104813 )"
"WIC.ボーダーT Kid's 130-150 ( 品番 #1104814 )"	0	""	1	"日本"	"日本"	1	197.0	""	1	0	0	3.45301e-37	9.87215e-24	7.97105e+18	0	0	1	0	""	"快適素材ウイックロンを、リブニットに編み上げることで高いストレッチ性を持たせたTシャツです。汗をかいてもすぐに乾き、UVカット効果にも優れるため、太陽の光をたくさん浴びる夏のスポーツやキャンプでも快適。消臭効果も備えています。"	""	0	0	""	"200"	""	0	""	""	""	""	""	""	""	0	0	1403318665268	1	volfo	1	248	244			1	2	日本	2		0.104	0		""				"WIC.ボーダーT Kid's 130-150 ( 品番 #1104814 )"
"WIC.ボーダーT Kid's 100-120 ( 品番 #1104815 )"	0	""	1	"日本"	"日本"	1	197.0	""	1	0	0	3.45301e-37	9.87215e-24	7.97105e+18	0	0	1	0	""	"快適素材ウイックロンを、リブニットに編み上げることで高いストレッチ性を持たせたTシャツです。汗をかいてもすぐに乾き、UVカット効果にも優れるため、太陽の光をたくさん浴びる夏のスポーツやキャンプでも快適。消臭効果も備えています。"	""	0	0	""	"200"	""	0	""	""	""	""	""	""	""	0	0	1403318665268	1	volfo	1	248	244			1	2	日本	2		0.076	0		""				"WIC.ボーダーT Kid's 100-120 ( 品番 #1104815 )"
"WIC.T Kid's 太陽と月 130-150 ( 品番 #1104835 )"	0	""	1	"日本"	"日本"	1	163.0	""	1	0	0	3.45301e-37	9.87215e-24	7.97105e+18	0	0	1	0	""	"太陽の下を元気に走り回る子どもたちにぴったりのTシャツです。汗をたくさんかいてもすぐに乾くので、サラサラとした着心地が続きます。中村みつをさんによるイラストをプリントしています。"	""	0	0	""	"200"	""	0	""	""	""	""	""	""	""	0	0	1403318665268	1	volfo	1	248	244			1	2	日本	2		0.105	0		""				"WIC.T Kid's 太陽と月 130-150 ( 品番 #1104835 )"
"WIC.T Kid's 太陽と月 100-120 ( 品番 #1104836 )"	0	""	1	"日本"	"日本"	1	163.0	""	1	0	0	3.45301e-37	9.87215e-24	7.97105e+18	0	0	1	0	""	"太陽の下を元気に走り回る子どもたちにぴったりのTシャツです。汗をたくさんかいてもすぐに乾くので、サラサラとした着心地が続きます。中村みつをさんによるイラストをプリントしています。"	""	0	0	""	"200"	""	0	""	""	""	""	""	""	""	0	0	1403318665268	1	volfo	1	248	244			1	2	日本	2		0.075	0		""				"WIC.T Kid's 太陽と月 100-120 ( 品番 #1104836 )"
"WIC.T Kid's M.B. 130-150 ( 品番 #1104839 )"	0	""	1	"日本"	"日本"	1	163.0	""	1	0	0	3.45301e-37	9.87215e-24	7.97105e+18	0	0	1	0	""	"太陽の下を元気に走り回る子どもたちにぴったりのTシャツです。優れた速乾性と消臭機能、UVカット効果を備え、キャンプや旅行、夏の水遊びで大活躍します。"	""	0	0	""	"200"	""	0	""	""	""	""	""	""	""	0	0	1403318665268	1	volfo	1	248	244			1	2	日本	2		0.105	0		""				"WIC.T Kid's M.B. 130-150 ( 品番 #1104839 )"
"WIC.T Kid's M.B. 100-120 ( 品番 #1104840 )"	0	""	1	"日本"	"日本"	1	163.0	""	1	0	0	3.45301e-37	9.87215e-24	7.97105e+18	0	0	1	0	""	"太陽の下を元気に走り回る子どもたちにぴったりのTシャツです。優れた速乾性と消臭機能、UVカット効果を備え、キャンプや旅行、夏の水遊びで大活躍します。"	""	0	0	""	"200"	""	0	""	""	""	""	""	""	""	0	0	1403318665268	1	volfo	1	248	244			1	2	日本	2		0.075	0		""				"WIC.T Kid's M.B. 100-120 ( 品番 #1104840 )"
"WIC.T Kid's 山やま 130-150 ( 品番 #1104841 )"	0	""	1	"日本"	"日本"	1	163.0	""	1	0	0	3.45301e-37	9.87215e-24	7.97105e+18	0	0	1	0	""	"太陽の下を元気に走り回る子どもたちにぴったりのTシャツです。汗をたくさんかいてもすぐに乾くので、サラサラとした着心地が続きます。鈴木ともこさんによるイラストをプリントしています。"	""	0	0	""	"200"	""	0	""	""	""	""	""	""	""	0	0	1403318665268	1	volfo	1	248	244			1	2	日本	2		0.105	0		""				"WIC.T Kid's 山やま 130-150 ( 品番 #1104841 )"
"WIC.T Kid's 山やま 100-120 ( 品番 #1104842 )"	0	""	1	"日本"	"日本"	1	163.0	""	1	0	0	3.45301e-37	9.87215e-24	7.97105e+18	0	0	1	0	""	"太陽の下を元気に走り回る子どもたちにぴったりのTシャツです。汗をたくさんかいてもすぐに乾くので、サラサラとした着心地が続きます。鈴木ともこさんによるイラストをプリントしています。"	""	0	0	""	"200"	""	0	""	""	""	""	""	""	""	0	0	1403318665268	1	volfo	1	248	244			1	2	日本	2		0.075	0		""				"WIC.T Kid's 山やま 100-120 ( 品番 #1104842 )"
"WIC.T Baby's M.B. ( 品番 #1104843 )"	0	""	1	"日本"	"日本"	1	154.0	""	1	0	0	3.45301e-37	9.87215e-24	7.97105e+18	0	0	1	0	""	"速乾性と通気性に優れ、汗をかきやすい赤ちゃんにも快適なTシャツです。柔らかな肌触りで大変動きやすく、消臭機能も備えています。肩口のホックによってお着替えの際も脱ぎ着させやすくなっています。"	""	0	0	""	"200"	""	0	""	""	""	""	""	""	""	0	0	1403318665268	1	volfo	1	248	244			1	2	日本	2		0.05	0		""				"WIC.T Baby's M.B. ( 品番 #1104843 )"
"WIC.T Baby's 富士山 ( 品番 #1104844 )"	0	""	1	"日本"	"日本"	1	154.0	""	1	0	0	3.45301e-37	9.87215e-24	7.97105e+18	0	0	1	0	""	"速乾性と通気性に優れ、汗をかきやすい赤ちゃんにも快適なTシャツです。柔らかな肌触りで大変動きやすく、消臭機能も備えています。肩口のホックによってお着替えの際も脱ぎ着させやすくなっています。鈴木ともこさんによるイラストをプリントしています。"	""	0	0	""	"200"	""	0	""	""	""	""	""	""	""	0	0	1403318665268	1	volfo	1	248	244			1	2	日本	2		0.05	0		""				"WIC.T Baby's 富士山 ( 品番 #1104844 )"
