﻿﻿version 1.00
title	cid	seller_cids	stuff_status	location_state	location_city	item_type	price	auction_increment	num	valid_thru	freight_payer	post_fee	ems_fee	express_fee	has_invoice	has_warranty	approve_status	has_showcase	list_time	description	cateProps	postage_id	has_discount	modified	upload_fail_msg	picture_status	auction_point	picture	video	skuProps	inputPids	inputValues	outer_id	propAlias	auto_fill	num_id	local_cid	navigation_type	user_name	syncStatus	is_lighting_consigment	is_xinpin	foodparame	features	buyareatype	global_stock_type	global_stock_country	sub_stock_type	item_size	item_weight	sell_promise	custom_design_flag	wireless_desc	barcode	sku_barcode	newprepay	subtitle
ｱｦｱｴﾃ﨤ﾆ	ｱｦｱｴﾀ狷ｿ	ｵﾌﾀ狷ｿ	ﾐﾂｾﾉｳﾌｶﾈ	ﾊ｡	ｳﾇﾊﾐ	ｳﾛｷｽﾊｽ	ｱｦｱｴｼﾛｸ	ｼﾓｼﾛｷﾈ	ｱｦｱｴﾊﾁｿ	ﾓﾐﾐｧﾆﾚ	ﾔﾋｷﾑｳﾐｵ｣	ﾆｽﾓﾊ	EMS	ｿﾝ	ｷ｢ﾆｱ	ｱ｣ﾐﾞ	ｷﾅﾈﾖｿ	ｳｰﾍﾆｼ	ｿｪﾊｼﾊｱｼ	ｱｦｱｴﾃ靆	ｱｦｱｴﾊﾔ	ﾓﾊｷﾑﾄ｣ｰ覈D	ｻ瞞ｱｴﾛ	ﾐﾞｸﾄﾊｱｼ	ﾉﾏｴｫﾗｴﾌｬ	ﾍｼﾆｬﾗｴﾌｬ	ｷｵｵ羈ﾈﾀ	ﾐﾂﾍｼﾆｬ	ﾊﾓﾆｵ	ﾏ摠ﾛﾊﾔﾗ鮗ﾏ	ﾓﾃｻｧﾊ菠Dｴｮ	ﾓﾃｻｧﾊ菠ﾖｵｶﾔ	ﾉﾌｼﾒｱ狡	ﾏ摠ﾛﾊﾔｱ	ｴ嵭菎獎ﾍ	ﾊﾗﾖID	ｱｾｵﾘID	ｱｦｱｴｷﾖﾀ	ﾓﾃｻｧﾃ﨤ﾆ	ｱｦｱｴﾗｴﾌｬ	ﾉﾁｵ邱｢ｻ	ﾐﾂﾆｷ	ﾊｳﾆｷﾗｨﾏ	ｳﾟﾂ	ｲﾉｹｺｵﾘ	ｿ箒貘獎ﾍ	ｹ恝ﾒｵﾘﾇ	ｿ箒貍ﾆﾊ	ﾎ蟒	ﾎﾘﾁｿ	ﾍﾋｻｻｻﾐﾅｵ	ｶｨﾖﾆｹ､ｾﾟ	ﾎﾞﾏﾟﾏ	ﾉﾌﾆｷﾌﾎﾂ	sku ﾌﾎﾂ	7ﾌﾋｻ	ｱｦｱｴﾂ
"コットンワッチキャップ ( 品番 #2108151 )"	0	""	1	"日本"	"日本"	1	144.0	""	1	0	0	3.45301e-37	9.87215e-24	7.97105e+18	0	0	1	0	""	"優しい肌触りのコットン糸を丁寧に編み込んだニットキャップです。通気性・吸汗性に優れるため、夏場でも涼しく、快適なかぶり心地です。"	""	0	0	""	"200"	""	0	""	""	""	""	""	""	""	0	0	1403318665268	1	volfo	1	248	244			1	2	日本	2		0.0	0		""				"コットンワッチキャップ ( 品番 #2108151 )"
"コットンワッチキャップダイヤ ( 品番 #2108152 )"	0	""	1	"日本"	"日本"	1	144.0	""	1	0	0	3.45301e-37	9.87215e-24	7.97105e+18	0	0	1	0	""	"優しい肌触りのコットン糸を丁寧に編み込んだニットキャップです。通気性・吸汗性に優れるため、夏場でも涼しく、快適なかぶり心地です。"	""	0	0	""	"200"	""	0	""	""	""	""	""	""	""	0	0	1403318665268	1	volfo	1	248	244			1	2	日本	2		0.0	0		""				"コットンワッチキャップダイヤ ( 品番 #2108152 )"
"KAMICO ワッチキャップ ( 品番 #2108153 )"	0	""	1	"日本"	"日本"	1	162.0	""	1	0	0	3.45301e-37	9.87215e-24	7.97105e+18	0	0	1	0	""	"紙糸にコットンをプラスした清涼素材を用いたキャップです。抜群の通気性と高い速乾性を備え、汗をかきやすい季節でも快適なかぶり心地です。"	""	0	0	""	"200"	""	0	""	""	""	""	""	""	""	0	0	1403318665268	1	volfo	1	248	244			1	2	日本	2		0.0	0		""				"KAMICO ワッチキャップ ( 品番 #2108153 )"
"KAMICO ニットビルキャップ ( 品番 #2108154 )"	0	""	1	"日本"	"日本"	1	180.0	""	1	0	0	3.45301e-37	9.87215e-24	7.97105e+18	0	0	1	0	""	"紙糸にコットンをプラスした清涼素材を用いたキャップです。抜群の通気性と高い速乾性を備え、汗をかきやすい季節でも快適なかぶり心地です。"	""	0	0	""	"200"	""	0	""	""	""	""	""	""	""	0	0	1403318665268	1	volfo	1	248	244			1	2	日本	2		0.0	0		""				"KAMICO ニットビルキャップ ( 品番 #2108154 )"
"ウールニット イヤーウォームキャップ ( 品番 #1108380 )"	0	""	1	"日本"	"日本"	1	171.0	""	1	0	0	3.45301e-37	9.87215e-24	7.97105e+18	0	0	1	0	""	"高い保温性を持つ良質なウールを使用し、縫製が少なく優しいかぶり心地です。耳まですっぽりと覆うようにデザインされた保温性の高いキャップです。"	""	0	0	""	"200"	""	0	""	""	""	""	""	""	""	0	0	1403318665268	1	volfo	1	248	244			1	2	日本	2		0.0	0		""				"ウールニット イヤーウォームキャップ ( 品番 #1108380 )"
"ウールニット ワッチキャップ ( 品番 #1108381 )"	0	""	1	"日本"	"日本"	1	154.0	""	1	0	0	3.45301e-37	9.87215e-24	7.97105e+18	0	0	1	0	""	"高い保温性を持つ良質なウールを使用し、縫製が少なく優しいかぶり心地です。シンプルでフィット感に優れるベーシックなキャップです。"	""	0	0	""	"200"	""	0	""	""	""	""	""	""	""	0	0	1403318665268	1	volfo	1	248	244			1	2	日本	2		0.0	0		""				"ウールニット ワッチキャップ ( 品番 #1108381 )"
"イヤーウォームキャップ クリマパイル ( 品番 #1108673 )"	0	""	1	"日本"	"日本"	1	159.0	""	1	0	0	3.45301e-37	9.87215e-24	7.97105e+18	0	0	1	0	""	"良質のウールを混紡した暖かいフリース素材「クリマウール」を使用。全体にもこもことした風合いのパイル編み地を使用し、かわいらしい雰囲気に仕上げています。"	""	0	0	""	"200"	""	0	""	""	""	""	""	""	""	0	0	1403318665268	1	volfo	1	248	244			1	2	日本	2		0.0	0		""				"イヤーウォームキャップ クリマパイル ( 品番 #1108673 )"
"チベタンキャップ クリマパイル ( 品番 #1108674 )"	0	""	1	"日本"	"日本"	1	189.0	""	1	0	0	3.45301e-37	9.87215e-24	7.97105e+18	0	0	1	0	""	"良質のウールを混紡した暖かいフリース素材「クリマウール」を使用。全体にもこもことした風合いのパイル編み地を使用し、かわいらしい雰囲気に仕上げています。"	""	0	0	""	"200"	""	0	""	""	""	""	""	""	""	0	0	1403318665268	1	volfo	1	248	244			1	2	日本	2		0.0	0		""				"チベタンキャップ クリマパイル ( 品番 #1108674 )"
"ネージュキャップ クリマパイル ( 品番 #1108675 )"	0	""	1	"日本"	"日本"	1	142.0	""	1	0	0	3.45301e-37	9.87215e-24	7.97105e+18	0	0	1	0	""	"良質のウールを混紡した暖かいフリース素材「クリマウール」を使用。全体にもこもことした風合いのパイル編み地を使用し、かわいらしい雰囲気に仕上げています。"	""	0	0	""	"200"	""	0	""	""	""	""	""	""	""	0	0	1403318665268	1	volfo	1	248	244			1	2	日本	2		0.0	0		""				"ネージュキャップ クリマパイル ( 品番 #1108675 )"
"ネージュキャップ クリマリブ ( 品番 #1108676 )"	0	""	1	"日本"	"日本"	1	167.0	""	1	0	0	3.45301e-37	9.87215e-24	7.97105e+18	0	0	1	0	""	"良質のウールを混紡した暖かいフリース素材「クリマウール」をリブ編みすることで、高い伸縮性を持たせています。"	""	0	0	""	"200"	""	0	""	""	""	""	""	""	""	0	0	1403318665268	1	volfo	1	248	244			1	2	日本	2		0.0	0		""				"ネージュキャップ クリマリブ ( 品番 #1108676 )"
"イヤーウォームキャップ クリマリブ ( 品番 #1108677 )"	0	""	1	"日本"	"日本"	1	184.0	""	1	0	0	3.45301e-37	9.87215e-24	7.97105e+18	0	0	1	0	""	"良質のウールを混紡した暖かいフリース素材「クリマウール」をリブ編みすることで、高い伸縮性を持たせています。"	""	0	0	""	"200"	""	0	""	""	""	""	""	""	""	0	0	1403318665268	1	volfo	1	248	244			1	2	日本	2		0.0	0		""				"イヤーウォームキャップ クリマリブ ( 品番 #1108677 )"
"チベタンキャップ クリマリブ ( 品番 #1108678 )"	0	""	1	"日本"	"日本"	1	210.0	""	1	0	0	3.45301e-37	9.87215e-24	7.97105e+18	0	0	1	0	""	"良質のウールを混紡した暖かいフリース素材「クリマウール」をリブ編みすることで、高い伸縮性を持たせています。"	""	0	0	""	"200"	""	0	""	""	""	""	""	""	""	0	0	1403318665268	1	volfo	1	248	244			1	2	日本	2		0.0	0		""				"チベタンキャップ クリマリブ ( 品番 #1108678 )"
"クリマウール ワッチキャップ ( 品番 #1108679 )"	0	""	1	"日本"	"日本"	1	159.0	""	1	0	0	3.45301e-37	9.87215e-24	7.97105e+18	0	0	1	0	""	"良質のウールを38%混紡したフリース素材「クリマウール」を使用。中厚手で、適度な保温性と伸縮性を備えています。"	""	0	0	""	"200"	""	0	""	""	""	""	""	""	""	0	0	1403318665268	1	volfo	1	248	244			1	2	日本	2		0.0	0		""				"クリマウール ワッチキャップ ( 品番 #1108679 )"
"ネージュキャップ クリマプラス200 ( 品番 #1108680 )"	0	""	1	"日本"	"日本"	1	129.0	""	1	0	0	3.45301e-37	9.87215e-24	7.97105e+18	0	0	1	0	""	"中厚手で、適度な保温性と伸縮性を備えた「クリマプラス200」を使用。さまざまなシーンで活躍するシンプルなデザインのキャップです。"	""	0	0	""	"200"	""	0	""	""	""	""	""	""	""	0	0	1403318665268	1	volfo	1	248	244			1	2	日本	2		0.0	0		""				"ネージュキャップ クリマプラス200 ( 品番 #1108680 )"
"イヤーウォームキャップ クリマプラス200 ( 品番 #1108681 )"	0	""	1	"日本"	"日本"	1	146.0	""	1	0	0	3.45301e-37	9.87215e-24	7.97105e+18	0	0	1	0	""	"中厚手で、適度な保温性と伸縮性を備えた「クリマプラス200」を使用。耳あてに肌ざわりのよいシャミースを設けています。"	""	0	0	""	"200"	""	0	""	""	""	""	""	""	""	0	0	1403318665268	1	volfo	1	248	244			1	2	日本	2		0.0	0		""				"イヤーウォームキャップ クリマプラス200 ( 品番 #1108681 )"
"チベタンキャップ クリマプラス200 ( 品番 #1108682 )"	0	""	1	"日本"	"日本"	1	171.0	""	1	0	0	3.45301e-37	9.87215e-24	7.97105e+18	0	0	1	0	""	"中厚手で、適度な保温性と伸縮性を備えた「クリマプラス200」を使用。 適度な伸縮性を持つあごヒモがアクセントの、暖かいキャップです。"	""	0	0	""	"200"	""	0	""	""	""	""	""	""	""	0	0	1403318665268	1	volfo	1	248	244			1	2	日本	2		0.0	0		""				"チベタンキャップ クリマプラス200 ( 品番 #1108682 )"
"ボルカノキャップ クリマプラス200 ( 品番 #1108683 )"	0	""	1	"日本"	"日本"	1	163.0	""	1	0	0	3.45301e-37	9.87215e-24	7.97105e+18	0	0	1	0	""	"中厚手で、適度な保温性と伸縮性を備えた「クリマプラス200」を使用。ボンボンキャップのデザインに巾着の発想を加えたキャップです。ドローコードを開放してネックゲーターとしても使える2WAY仕様。"	""	0	0	""	"200"	""	0	""	""	""	""	""	""	""	0	0	1403318665268	1	volfo	1	248	244			1	2	日本	2		0.0	0		""				"ボルカノキャップ クリマプラス200 ( 品番 #1108683 )"
"パッドキャップ クリマプラス200 ( 品番 #1108684 )"	0	""	1	"日本"	"日本"	1	197.0	""	1	0	0	3.45301e-37	9.87215e-24	7.97105e+18	0	0	1	0	""	"中厚手で、適度な保温性と伸縮性を備えた「クリマプラス200」を使用。 後頭部を打つことが多いスノーボーダーのための、パッドを内蔵したキャップです。パッドは取り外し可能。"	""	0	0	""	"200"	""	0	""	""	""	""	""	""	""	0	0	1403318665268	1	volfo	1	248	244			1	2	日本	2		0.0	0		""				"パッドキャップ クリマプラス200 ( 品番 #1108684 )"
"シャミース キャップ ( 品番 #1108688 )"	0	""	1	"日本"	"日本"	1	154.0	""	1	0	0	3.45301e-37	9.87215e-24	7.97105e+18	0	0	1	0	""	"人間の毛髪の10分の1という極細ポリエステル繊維を密に編んだフリース素材「シャミース」を使用。ヘッドバンド部分は生地を二重にしています。"	""	0	0	""	"200"	""	0	""	""	""	""	""	""	""	0	0	1403318665268	1	volfo	1	248	244			1	2	日本	2		0.0	0		""				"シャミース キャップ ( 品番 #1108688 )"
"シャミース キャップ ウィズイヤーウォーマー ( 品番 #1108689 )"	0	""	1	"日本"	"日本"	1	163.0	""	1	0	0	3.45301e-37	9.87215e-24	7.97105e+18	0	0	1	0	""	"人間の毛髪の10分の1という極細ポリエステル繊維を密に編んだフリース素材「シャミース」を使用。薄手の耳あてつきキャップです。ヘッドバンドと耳あて部分は生地を二重にしています。"	""	0	0	""	"200"	""	0	""	""	""	""	""	""	""	0	0	1403318665268	1	volfo	1	248	244			1	2	日本	2		0.0	0		""				"シャミース キャップ ウィズイヤーウォーマー ( 品番 #1108689 )"
"ボルカノキャップ シャミース ( 品番 #1108690 )"	0	""	1	"日本"	"日本"	1	171.0	""	1	0	0	3.45301e-37	9.87215e-24	7.97105e+18	0	0	1	0	""	"人間の毛髪の10分の1という極細ポリエステル繊維を密に編んだフリース素材「シャミース」を使用。肌ざわりがよく、上部のドローコードでキャップにもネックゲーターにもなる汎用性の高いキャップです。"	""	0	0	""	"200"	""	0	""	""	""	""	""	""	""	0	0	1403318665268	1	volfo	1	248	244			1	2	日本	2		0.0	0		""				"ボルカノキャップ シャミース ( 品番 #1108690 )"
"コードシャミース キャップ ( 品番 #1108691 )"	0	""	1	"日本"	"日本"	1	154.0	""	1	0	0	3.45301e-37	9.87215e-24	7.97105e+18	0	0	1	0	""	"細かいストライプ柄のコード シャミース地を使用したキャップです。"	""	0	0	""	"200"	""	0	""	""	""	""	""	""	""	0	0	1403318665268	1	volfo	1	248	244			1	2	日本	2		0.0	0		""				"コードシャミース キャップ ( 品番 #1108691 )"
"ウールビーニー ( 品番 #1108784 )"	0	""	1	"日本"	"日本"	1	197.0	""	1	0	0	3.45301e-37	9.87215e-24	7.97105e+18	0	0	1	0	""	"鮮やかなボーダー柄のシンプルなシルエットのキャップです。裏地には肌触りが優しく、暖かなシャミースを採用。手洗いによる洗濯が可能です。"	""	0	0	""	"200"	""	0	""	""	""	""	""	""	""	0	0	1403318665268	1	volfo	1	248	244			1	2	日本	2		0.0	0		""				"ウールビーニー ( 品番 #1108784 )"
"ウール イヤーウォームキャップ ( 品番 #1108785 )"	0	""	1	"日本"	"日本"	1	214.0	""	1	0	0	3.45301e-37	9.87215e-24	7.97105e+18	0	0	1	0	""	"幅広の鮮やかなボーダー柄のキャップです。耳まですっぽりと覆えるデザインです。裏地には肌触りが優しく、暖かなシャミースを採用。手洗いによる洗濯が可能です。"	""	0	0	""	"200"	""	0	""	""	""	""	""	""	""	0	0	1403318665268	1	volfo	1	248	244			1	2	日本	2		0.0	0		""				"ウール イヤーウォームキャップ ( 品番 #1108785 )"
"クリマプラス 100 プリント ワッチキャップ ( 品番 #1108786 )"	0	""	1	"日本"	"日本"	1	86.0	""	1	0	0	3.45301e-37	9.87215e-24	7.97105e+18	0	0	1	0	""	"ぴったりと頭にフィットするシンプルなシルエットのキャップです。抜群の伸縮性を備えた薄手のフリース素材に華やかな柄をあしらっています。"	""	0	0	""	"200"	""	0	""	""	""	""	""	""	""	0	0	1403318665268	1	volfo	1	248	244			1	2	日本	2		0.0	0		""				"クリマプラス 100 プリント ワッチキャップ ( 品番 #1108786 )"
"クリマプラス 100 プリント イヤーウォームキャップ ( 品番 #1108787 )"	0	""	1	"日本"	"日本"	1	86.0	""	1	0	0	3.45301e-37	9.87215e-24	7.97105e+18	0	0	1	0	""	"耳まですっぽりと覆えるデザインのキャップです。抜群の伸縮性を備えた薄手のフリース素材に華やかな柄をあしらっています。"	""	0	0	""	"200"	""	0	""	""	""	""	""	""	""	0	0	1403318665268	1	volfo	1	248	244			1	2	日本	2		0.0	0		""				"クリマプラス 100 プリント イヤーウォームキャップ ( 品番 #1108787 )"
"クリマプラス 100 プリント チベタンキャップ ( 品番 #1108788 )"	0	""	1	"日本"	"日本"	1	116.0	""	1	0	0	3.45301e-37	9.87215e-24	7.97105e+18	0	0	1	0	""	"耳当ての先に付けたあごひもがアクセントになったキャップです。抜群の伸縮性を備えた薄手のフリース素材に華やかな柄をあしらっています。"	""	0	0	""	"200"	""	0	""	""	""	""	""	""	""	0	0	1403318665268	1	volfo	1	248	244			1	2	日本	2		0.0	0		""				"クリマプラス 100 プリント チベタンキャップ ( 品番 #1108788 )"
"クリマプラス 100 プリント イヤーウォームキャップ Kid's ( 品番 #1108792 )"	0	""	1	"日本"	"日本"	1	82.0	""	1	0	0	3.45301e-37	9.87215e-24	7.97105e+18	0	0	1	0	""	"かわいらしい柄をあしらったフリース素材で作ったキャップです。暖かな耳当て付きです。"	""	0	0	""	"200"	""	0	""	""	""	""	""	""	""	0	0	1403318665268	1	volfo	1	248	244			1	2	日本	2		0.0	0		""				"クリマプラス 100 プリント イヤーウォームキャップ Kid's ( 品番 #1108792 )"
"シャミース ボルカノキャップ Kid's ( 品番 #1108814 )"	0	""	1	"日本"	"日本"	1	154.0	""	1	0	0	3.45301e-37	9.87215e-24	7.97105e+18	0	0	1	0	""	"ポンポン付きキャップとしてはもちろん、上部のゴムを外すとネックゲーターとしても使える2WAY仕様のキャップです。"	""	0	0	""	"200"	""	0	""	""	""	""	""	""	""	0	0	1403318665268	1	volfo	1	248	244			1	2	日本	2		0.0	0		""				"シャミース ボルカノキャップ Kid's ( 品番 #1108814 )"
"ウール ワッチキャップ マウンテン ( 品番 #1108831 )"	0	""	1	"日本"	"日本"	1	240.0	""	1	0	0	3.45301e-37	9.87215e-24	7.97105e+18	0	0	1	0	""	"高い保温性を持つ良質なウールを丁寧に編み立てたベーシックなキャップです。表地と裏地を継ぎ目なく編み立てることで、優れたストレッチ性とフィット感を確保しています。"	""	0	0	""	"200"	""	0	""	""	""	""	""	""	""	0	0	1403318665268	1	volfo	1	248	244			1	2	日本	2		0.0	0		""				"ウール ワッチキャップ マウンテン ( 品番 #1108831 )"
"ウール ワッチキャップ スノー ( 品番 #1108832 )"	0	""	1	"日本"	"日本"	1	240.0	""	1	0	0	3.45301e-37	9.87215e-24	7.97105e+18	0	0	1	0	""	"高い保温性を持つ良質なウールを丁寧に編み立てたベーシックなキャップです。表地と裏地を継ぎ目なく編み立てることで、優れたストレッチ性とフィット感を確保しています。"	""	0	0	""	"200"	""	0	""	""	""	""	""	""	""	0	0	1403318665268	1	volfo	1	248	244			1	2	日本	2		0.0	0		""				"ウール ワッチキャップ スノー ( 品番 #1108832 )"
"ウール ニットビルキャップ ピークス ( 品番 #1108833 )"	0	""	1	"日本"	"日本"	1	291.0	""	1	0	0	3.45301e-37	9.87215e-24	7.97105e+18	0	0	1	0	""	"高い保温性を持つ良質なウールを丁寧に編み立てたキャップです。すっぽりと頭を覆える深めのデザインで、頭囲のリブ部分は下ろすと耳当てになります。"	""	0	0	""	"200"	""	0	""	""	""	""	""	""	""	0	0	1403318665268	1	volfo	1	248	244			1	2	日本	2		0.0	0		""				"ウール ニットビルキャップ ピークス ( 品番 #1108833 )"
"ウール オーロラキャップ スノー ( 品番 #1108834 )"	0	""	1	"日本"	"日本"	1	291.0	""	1	0	0	3.45301e-37	9.87215e-24	7.97105e+18	0	0	1	0	""	"高い保温性を持つ良質なウールを丁寧に編み立てたキャップです。暖かな耳当て付きで、天頂部のポンポンがアクセントになっています。"	""	0	0	""	"200"	""	0	""	""	""	""	""	""	""	0	0	1403318665268	1	volfo	1	248	244			1	2	日本	2		0.0	0		""				"ウール オーロラキャップ スノー ( 品番 #1108834 )"
"ワッチキャップ フォレスト ( 品番 #1108835 )"	0	""	1	"日本"	"日本"	1	154.0	""	1	0	0	3.45301e-37	9.87215e-24	7.97105e+18	0	0	1	0	""	"優れた保温性を持つ良質なウールの混紡糸を採用したキャップです。シンプルなシルエットに森をイメージした柄を配したデザイン。一枚地なのでかさばらず、携行にも便利です。"	""	0	0	""	"200"	""	0	""	""	""	""	""	""	""	0	0	1403318665268	1	volfo	1	248	244			1	2	日本	2		0.0	0		""				"ワッチキャップ フォレスト ( 品番 #1108835 )"
"チベタンキャップ フォレスト ( 品番 #1108836 )"	0	""	1	"日本"	"日本"	1	240.0	""	1	0	0	3.45301e-37	9.87215e-24	7.97105e+18	0	0	1	0	""	"優れた保温性を持つ良質なウールの混紡糸を採用したキャップです。天頂部のポンポンやあごひもが特徴的で鮮やかなカラーリング。スノースポーツからタウンユースまで幅広く活躍します。"	""	0	0	""	"200"	""	0	""	""	""	""	""	""	""	0	0	1403318665268	1	volfo	1	248	244			1	2	日本	2		0.0	0		""				"チベタンキャップ フォレスト ( 品番 #1108836 )"
"ワッチキャップ ボーダー ( 品番 #1108837 )"	0	""	1	"日本"	"日本"	1	206.0	""	1	0	0	3.45301e-37	9.87215e-24	7.97105e+18	0	0	1	0	""	"優れた保温性を持つ良質なウールの混紡糸を採用したボーダー柄のキャップです。天頂部にはポンポンをあしらっています。スノースポーツからタウンユースまで幅広く活躍します。"	""	0	0	""	"200"	""	0	""	""	""	""	""	""	""	0	0	1403318665268	1	volfo	1	248	244			1	2	日本	2		0.0	0		""				"ワッチキャップ ボーダー ( 品番 #1108837 )"
"チベタンキャップ ボーダー ( 品番 #1108838 )"	0	""	1	"日本"	"日本"	1	257.0	""	1	0	0	3.45301e-37	9.87215e-24	7.97105e+18	0	0	1	0	""	"優れた保温性を持つ良質なウールの混紡糸を採用たボーダー柄のキャップです。天頂部のポンポンやあごひもが特徴的。スノースポーツからタウンユースまで幅広く活躍します。"	""	0	0	""	"200"	""	0	""	""	""	""	""	""	""	0	0	1403318665268	1	volfo	1	248	244			1	2	日本	2		0.0	0		""				"チベタンキャップ ボーダー ( 品番 #1108838 )"
"リブニット ワッチキャップ ( 品番 #1108839 )"	0	""	1	"日本"	"日本"	1	206.0	""	1	0	0	3.45301e-37	9.87215e-24	7.97105e+18	0	0	1	0	""	"リブ編みを採用することで抜群のストレッチ性を持たせたシンプルなキャップです。優れた保温性を持つ良質なウールの混紡糸を使用しています。"	""	0	0	""	"200"	""	0	""	""	""	""	""	""	""	0	0	1403318665268	1	volfo	1	248	244			1	2	日本	2		0.0	0		""				"リブニット ワッチキャップ ( 品番 #1108839 )"
"リブニット ビルキャップ ( 品番 #1108840 )"	0	""	1	"日本"	"日本"	1	214.0	""	1	0	0	3.45301e-37	9.87215e-24	7.97105e+18	0	0	1	0	""	"リブ編みを採用することで抜群のストレッチ性を持たせたキャップです。すっぽりと頭を覆える深めのデザインで、頭囲のリブ部分は下ろすと耳当てになります。優れた保温性を持つ良質なウールの混紡糸を使用しています。"	""	0	0	""	"200"	""	0	""	""	""	""	""	""	""	0	0	1403318665268	1	volfo	1	248	244			1	2	日本	2		0.0	0		""				"リブニット ビルキャップ ( 品番 #1108840 )"
"ケーブルニット ワッチキャップ ( 品番 #1108841 )"	0	""	1	"日本"	"日本"	1	240.0	""	1	0	0	3.45301e-37	9.87215e-24	7.97105e+18	0	0	1	0	""	"ケーブル編みを採用したキャップです。天頂部にはポンポンをあしらっています。優れた保温性を持つ良質なウールの混紡糸を使用しています。"	""	0	0	""	"200"	""	0	""	""	""	""	""	""	""	0	0	1403318665268	1	volfo	1	248	244			1	2	日本	2		0.0	0		""				"ケーブルニット ワッチキャップ ( 品番 #1108841 )"
"ケーブルニット ワークキャップ ( 品番 #1108842 )"	0	""	1	"日本"	"日本"	1	248.0	""	1	0	0	3.45301e-37	9.87215e-24	7.97105e+18	0	0	1	0	""	"ケーブル編みを採用したワークキャップです。優れた保温性を持つ良質なウールの混紡糸を使用しています。"	""	0	0	""	"200"	""	0	""	""	""	""	""	""	""	0	0	1403318665268	1	volfo	1	248	244			1	2	日本	2		0.0	0		""				"ケーブルニット ワークキャップ ( 品番 #1108842 )"
"クリマプロ ワッチキャップ ( 品番 #1108843 )"	0	""	1	"日本"	"日本"	1	146.0	""	1	0	0	3.45301e-37	9.87215e-24	7.97105e+18	0	0	1	0	""	"ストレッチ性と防風性に優れた表地と、高い保温性を備えたフリースの裏地を二重に織り上げた素材を採用したベーシックなキャップです。フィット感、撥水性にも優れ、冬季登山やスノースポーツなどに最適です。"	""	0	0	""	"200"	""	0	""	""	""	""	""	""	""	0	0	1403318665268	1	volfo	1	248	244			1	2	日本	2		0.0	0		""				"クリマプロ ワッチキャップ ( 品番 #1108843 )"
"サイクルキャップ ウイズイヤーウォーマー ( 品番 #1130239 )"	0	""	1	"日本"	"日本"	1	206.0	""	1	0	0	3.45301e-37	9.87215e-24	7.97105e+18	0	0	1	0	""	"防風性と伸縮性に優れた耳あてつきキャップです。薄手なのでヘルメットの下に被ってもゴロつかず、快適な着用感です。"	""	0	0	""	"200"	""	0	""	""	""	""	""	""	""	0	0	1403318665268	1	volfo	1	248	244			1	2	日本	2		0.028	0		""				"サイクルキャップ ウイズイヤーウォーマー ( 品番 #1130239 )"
"ファブレス ( 品番 #1870585 )"	0	""	1	"日本"	"日本"	1	323.0	""	1	0	0	3.45301e-37	9.87215e-24	7.97105e+18	0	0	1	0	""	"普段使いもできるスポーティーなデザインのニットキャップ"	""	0	0	""	"200"	""	0	""	""	""	""	""	""	""	0	0	1403318665268	1	volfo	1	248	244			1	2	日本	2		0.0	0		""				"ファブレス ( 品番 #1870585 )"
"セイ ( 品番 #1870587 )"	0	""	1	"日本"	"日本"	1	255.0	""	1	0	0	3.45301e-37	9.87215e-24	7.97105e+18	0	0	1	0	""	"普段使いもできるスポーティーなデザインのニットキャップ"	""	0	0	""	"200"	""	0	""	""	""	""	""	""	""	0	0	1403318665268	1	volfo	1	248	244			1	2	日本	2		0.0	0		""				"セイ ( 品番 #1870587 )"
"マリレーン ( 品番 #1870588 )"	0	""	1	"日本"	"日本"	1	255.0	""	1	0	0	3.45301e-37	9.87215e-24	7.97105e+18	0	0	1	0	""	"普段使いもできるスポーティーなデザインのニットキャップ"	""	0	0	""	"200"	""	0	""	""	""	""	""	""	""	0	0	1403318665268	1	volfo	1	248	244			1	2	日本	2		0.0	0		""				"マリレーン ( 品番 #1870588 )"
"ミッシー ( 品番 #1870592 )"	0	""	1	"日本"	"日本"	1	255.0	""	1	0	0	3.45301e-37	9.87215e-24	7.97105e+18	0	0	1	0	""	"普段使いもできるスポーティーなデザインのニットキャップ"	""	0	0	""	"200"	""	0	""	""	""	""	""	""	""	0	0	1403318665268	1	volfo	1	248	244			1	2	日本	2		0.0	0		""				"ミッシー ( 品番 #1870592 )"
"ホーン ( 品番 #1870594 )"	0	""	1	"日本"	"日本"	1	323.0	""	1	0	0	3.45301e-37	9.87215e-24	7.97105e+18	0	0	1	0	""	"普段使いもできるスポーティーなデザインのニットキャップ"	""	0	0	""	"200"	""	0	""	""	""	""	""	""	""	0	0	1403318665268	1	volfo	1	248	244			1	2	日本	2		0.0	0		""				"ホーン ( 品番 #1870594 )"
"ピジョット ( 品番 #1870596 )"	0	""	1	"日本"	"日本"	1	377.0	""	1	0	0	3.45301e-37	9.87215e-24	7.97105e+18	0	0	1	0	""	"普段使いもできるスポーティーなデザインのニットキャップ"	""	0	0	""	"200"	""	0	""	""	""	""	""	""	""	0	0	1403318665268	1	volfo	1	248	244			1	2	日本	2		0.0	0		""				"ピジョット ( 品番 #1870596 )"
"マンキー ( 品番 #1870598 )"	0	""	1	"日本"	"日本"	1	214.0	""	1	0	0	3.45301e-37	9.87215e-24	7.97105e+18	0	0	1	0	""	"寒風から耳をかわいく守る、イヤーウォーマー"	""	0	0	""	"200"	""	0	""	""	""	""	""	""	""	0	0	1403318665268	1	volfo	1	248	244			1	2	日本	2		0.0	0		""				"マンキー ( 品番 #1870598 )"
"ディットー ( 品番 #1870601 )"	0	""	1	"日本"	"日本"	1	255.0	""	1	0	0	3.45301e-37	9.87215e-24	7.97105e+18	0	0	1	0	""	"普段使いもできるスポーティーなデザインのニットキャップ"	""	0	0	""	"200"	""	0	""	""	""	""	""	""	""	0	0	1403318665268	1	volfo	1	248	244			1	2	日本	2		0.0	0		""				"ディットー ( 品番 #1870601 )"
"ピンシャー ( 品番 #1870602 )"	0	""	1	"日本"	"日本"	1	282.0	""	1	0	0	3.45301e-37	9.87215e-24	7.97105e+18	0	0	1	0	""	"普段使いもできるスポーティーなデザインのニットキャップ"	""	0	0	""	"200"	""	0	""	""	""	""	""	""	""	0	0	1403318665268	1	volfo	1	248	244			1	2	日本	2		0.0	0		""				"ピンシャー ( 品番 #1870602 )"
"ハリー ( 品番 #1870609 )"	0	""	1	"日本"	"日本"	1	282.0	""	1	0	0	3.45301e-37	9.87215e-24	7.97105e+18	0	0	1	0	""	"普段使いもできるデザインのニットキャップ。ウール入りで暖かく頭にフィットします。"	""	0	0	""	"200"	""	0	""	""	""	""	""	""	""	0	0	1403318665268	1	volfo	1	248	244			1	2	日本	2		0.0	0		""				"ハリー ( 品番 #1870609 )"
"エブス ( 品番 #1870612 )"	0	""	1	"日本"	"日本"	1	274.0	""	1	0	0	3.45301e-37	9.87215e-24	7.97105e+18	0	0	1	0	""	"普段使いもできるスポーティーなデザインのニットキャップ"	""	0	0	""	"200"	""	0	""	""	""	""	""	""	""	0	0	1403318665268	1	volfo	1	248	244			1	2	日本	2		0.0	0		""				"エブス ( 品番 #1870612 )"
"アーキタス ( 品番 #1870618 )"	0	""	1	"日本"	"日本"	1	274.0	""	1	0	0	3.45301e-37	9.87215e-24	7.97105e+18	0	0	1	0	""	"普段使いもできるスポーティーなデザインのニットキャップ"	""	0	0	""	"200"	""	0	""	""	""	""	""	""	""	0	0	1403318665268	1	volfo	1	248	244			1	2	日本	2		0.0	0		""				"アーキタス ( 品番 #1870618 )"
"ジョーツ ( 品番 #1870619 )"	0	""	1	"日本"	"日本"	1	323.0	""	1	0	0	3.45301e-37	9.87215e-24	7.97105e+18	0	0	1	0	""	"普段使いもできるスポーティーなデザインのニットキャップ"	""	0	0	""	"200"	""	0	""	""	""	""	""	""	""	0	0	1403318665268	1	volfo	1	248	244			1	2	日本	2		0.0	0		""				"ジョーツ ( 品番 #1870619 )"
"コスビー ( 品番 #1870621 )"	0	""	1	"日本"	"日本"	1	214.0	""	1	0	0	3.45301e-37	9.87215e-24	7.97105e+18	0	0	1	0	""	"普段使いもできるデザインのニットキャップ。ウール入りで暖かく頭にフィットします。"	""	0	0	""	"200"	""	0	""	""	""	""	""	""	""	0	0	1403318665268	1	volfo	1	248	244			1	2	日本	2		0.0	0		""				"コスビー ( 品番 #1870621 )"
"モンデーズ ( 品番 #1870623 )"	0	""	1	"日本"	"日本"	1	214.0	""	1	0	0	3.45301e-37	9.87215e-24	7.97105e+18	0	0	1	0	""	"普段使いもできるスポーティーなデザインのニットキャップ。ウール100%で保温性に優れます。"	""	0	0	""	"200"	""	0	""	""	""	""	""	""	""	0	0	1403318665268	1	volfo	1	248	244			1	2	日本	2		0.0	0		""				"モンデーズ ( 品番 #1870623 )"
"ブルーム ( 品番 #1870624 )"	0	""	1	"日本"	"日本"	1	238.0	""	1	0	0	3.45301e-37	9.87215e-24	7.97105e+18	0	0	1	0	""	"普段使いもできるスポーティーなデザインのニットキャップ。メリノウール50%で保温性と快適性に優れます。"	""	0	0	""	"200"	""	0	""	""	""	""	""	""	""	0	0	1403318665268	1	volfo	1	248	244			1	2	日本	2		0.0	0		""				"ブルーム ( 品番 #1870624 )"
"メイシーJR ( 品番 #1870627 )"	0	""	1	"日本"	"日本"	1	238.0	""	1	0	0	3.45301e-37	9.87215e-24	7.97105e+18	0	0	1	0	""	"かわいいハートのニットキャップ。裏地にはフリースが付いているので保温力も肌触りも抜群です。（子ども用）"	""	0	0	""	"200"	""	0	""	""	""	""	""	""	""	0	0	1403318665268	1	volfo	1	248	244			1	2	日本	2		0.0	0		""				"メイシーJR ( 品番 #1870627 )"
"ルシールJR ( 品番 #1870630 )"	0	""	1	"日本"	"日本"	1	238.0	""	1	0	0	3.45301e-37	9.87215e-24	7.97105e+18	0	0	1	0	""	"かわいいデザインのニットキャップ。裏地にはフリースが付いているので保温力も肌触りも抜群です。（子ども用）"	""	0	0	""	"200"	""	0	""	""	""	""	""	""	""	0	0	1403318665268	1	volfo	1	248	244			1	2	日本	2		0.0	0		""				"ルシールJR ( 品番 #1870630 )"
"オプショナル ( 品番 #1870635 )"	0	""	1	"日本"	"日本"	1	298.0	""	1	0	0	3.45301e-37	9.87215e-24	7.97105e+18	0	0	1	0	""	"顔の側面もしっかり覆えるデザイン。裏地にはアクリルのファーがついており、肌触りもあたたかなキャップです。"	""	0	0	""	"200"	""	0	""	""	""	""	""	""	""	0	0	1403318665268	1	volfo	1	248	244			1	2	日本	2		0.0	0		""				"オプショナル ( 品番 #1870635 )"
"グルルーシュJR ( 品番 #1870639 )"	0	""	1	"日本"	"日本"	1	334.0	""	1	0	0	3.45301e-37	9.87215e-24	7.97105e+18	0	0	1	0	""	"かわいい動物をモチーフしたニットキャップ（子ども用）"	""	0	0	""	"200"	""	0	""	""	""	""	""	""	""	0	0	1403318665268	1	volfo	1	248	244			1	2	日本	2		0.0	0		""				"グルルーシュJR ( 品番 #1870639 )"
"アルパカ インカドームキャップ ( 品番 #2108121 )"	0	""	1	"日本"	"日本"	1	214.0	""	1	0	0	3.45301e-37	9.87215e-24	7.97105e+18	0	0	1	0	""	"丈夫で暖かく、チクチク感の少ないアルパカ製キャップ。頭部にぴったりとフィットして暖かさを逃しません。"	""	0	0	""	"200"	""	0	""	""	""	""	""	""	""	0	0	1403318665268	1	volfo	1	248	244			1	2	日本	2		0.0	0		""				"アルパカ インカドームキャップ ( 品番 #2108121 )"
"イヤーウォームキャップ クリマプラス200 Kid's ( 品番 #1108005 )"	0	""	1	"日本"	"日本"	1	137.0	""	1	0	0	3.45301e-37	9.87215e-24	7.97105e+18	0	0	1	0	""	"耳あてつきのたいへん暖かなキャップです。裏地には心地よい肌ざわりのシャミースを縫いつけています。"	""	0	0	""	"200"	""	0	""	""	""	""	""	""	""	0	0	1403318665268	1	volfo	1	248	244			1	2	日本	2		0.0	0		""				"イヤーウォームキャップ クリマプラス200 Kid's ( 品番 #1108005 )"
"ベーシックリッド Jr. ( 品番 #1108262 )"	0	""	1	"日本"	"日本"	1	129.0	""	1	0	0	3.45301e-37	9.87215e-24	7.97105e+18	0	0	1	0	""	"ヘッドバンド部は二重にしています。ロゴは前でも横でも、かぶり方は自由自在。"	""	0	0	""	"200"	""	0	""	""	""	""	""	""	""	0	0	1403318665268	1	volfo	1	248	244			1	2	日本	2		0.0	0		""				"ベーシックリッド Jr. ( 品番 #1108262 )"
"クリマプラス200 O.D.キャップ Jr. ( 品番 #1108425 )"	0	""	1	"日本"	"日本"	1	180.0	""	1	0	0	3.45301e-37	9.87215e-24	7.97105e+18	0	0	1	0	""	"頭にぴったりとフィットします。内側には汗止めつき。耳あてを折り返して被ることもできます。"	""	0	0	""	"200"	""	0	""	""	""	""	""	""	""	0	0	1403318665268	1	volfo	1	248	244			1	2	日本	2		0.0	0		""				"クリマプラス200 O.D.キャップ Jr. ( 品番 #1108425 )"
"シャミース キャップ Jr. ( 品番 #1108482 )"	0	""	1	"日本"	"日本"	1	129.0	""	1	0	0	3.45301e-37	9.87215e-24	7.97105e+18	0	0	1	0	""	"薄手で頭にフィットし、ヘルメットの下に被ることもできます。小さくたたんでポケットに収納できます。"	""	0	0	""	"200"	""	0	""	""	""	""	""	""	""	0	0	1403318665268	1	volfo	1	248	244			1	2	日本	2		0.0	0		""				"シャミース キャップ Jr. ( 品番 #1108482 )"
"シャミース キャップウィズイヤーウォーマー Jr. ( 品番 #1108483 )"	0	""	1	"日本"	"日本"	1	137.0	""	1	0	0	3.45301e-37	9.87215e-24	7.97105e+18	0	0	1	0	""	"薄手で頭にフィットし、ヘルメットの下に被ることもできます。小さくたたんでポケットに収納できます。"	""	0	0	""	"200"	""	0	""	""	""	""	""	""	""	0	0	1403318665268	1	volfo	1	248	244			1	2	日本	2		0.0	0		""				"シャミース キャップウィズイヤーウォーマー Jr. ( 品番 #1108483 )"
"シャミースキャップ ウイズイヤーウォーマー Baby's ( 品番 #1108484 )"	0	""	1	"日本"	"日本"	1	154.0	""	1	0	0	3.45301e-37	9.87215e-24	7.97105e+18	0	0	1	0	""	"薄手で心地よい肌ざわりのキャップ。出産祝いなどにも喜ばれる可愛らしいアイテムです。"	""	0	0	""	"200"	""	0	""	""	""	""	""	""	""	0	0	1403318665268	1	volfo	1	248	244			1	2	日本	2		0.0	0		""				"シャミースキャップ ウイズイヤーウォーマー Baby's ( 品番 #1108484 )"
"シャミース フェアリーキャップ Baby's ( 品番 #1108485 )"	0	""	1	"日本"	"日本"	1	154.0	""	1	0	0	3.45301e-37	9.87215e-24	7.97105e+18	0	0	1	0	""	"薄手で心地よい肌ざわりのキャップ。出産祝いなどにも喜ばれる可愛らしいアイテムです。"	""	0	0	""	"200"	""	0	""	""	""	""	""	""	""	0	0	1403318665268	1	volfo	1	248	244			1	2	日本	2		0.0	0		""				"シャミース フェアリーキャップ Baby's ( 品番 #1108485 )"
