﻿﻿version 1.00
title	cid	seller_cids	stuff_status	location_state	location_city	item_type	price	auction_increment	num	valid_thru	freight_payer	post_fee	ems_fee	express_fee	has_invoice	has_warranty	approve_status	has_showcase	list_time	description	cateProps	postage_id	has_discount	modified	upload_fail_msg	picture_status	auction_point	picture	video	skuProps	inputPids	inputValues	outer_id	propAlias	auto_fill	num_id	local_cid	navigation_type	user_name	syncStatus	is_lighting_consigment	is_xinpin	foodparame	features	buyareatype	global_stock_type	global_stock_country	sub_stock_type	item_size	item_weight	sell_promise	custom_design_flag	wireless_desc	barcode	sku_barcode	newprepay	subtitle
ｱｦｱｴﾃ﨤ﾆ	ｱｦｱｴﾀ狷ｿ	ｵﾌﾀ狷ｿ	ﾐﾂｾﾉｳﾌｶﾈ	ﾊ｡	ｳﾇﾊﾐ	ｳﾛｷｽﾊｽ	ｱｦｱｴｼﾛｸ	ｼﾓｼﾛｷﾈ	ｱｦｱｴﾊﾁｿ	ﾓﾐﾐｧﾆﾚ	ﾔﾋｷﾑｳﾐｵ｣	ﾆｽﾓﾊ	EMS	ｿﾝ	ｷ｢ﾆｱ	ｱ｣ﾐﾞ	ｷﾅﾈﾖｿ	ｳｰﾍﾆｼ	ｿｪﾊｼﾊｱｼ	ｱｦｱｴﾃ靆	ｱｦｱｴﾊﾔ	ﾓﾊｷﾑﾄ｣ｰ覈D	ｻ瞞ｱｴﾛ	ﾐﾞｸﾄﾊｱｼ	ﾉﾏｴｫﾗｴﾌｬ	ﾍｼﾆｬﾗｴﾌｬ	ｷｵｵ羈ﾈﾀ	ﾐﾂﾍｼﾆｬ	ﾊﾓﾆｵ	ﾏ摠ﾛﾊﾔﾗ鮗ﾏ	ﾓﾃｻｧﾊ菠Dｴｮ	ﾓﾃｻｧﾊ菠ﾖｵｶﾔ	ﾉﾌｼﾒｱ狡	ﾏ摠ﾛﾊﾔｱ	ｴ嵭菎獎ﾍ	ﾊﾗﾖID	ｱｾｵﾘID	ｱｦｱｴｷﾖﾀ	ﾓﾃｻｧﾃ﨤ﾆ	ｱｦｱｴﾗｴﾌｬ	ﾉﾁｵ邱｢ｻ	ﾐﾂﾆｷ	ﾊｳﾆｷﾗｨﾏ	ｳﾟﾂ	ｲﾉｹｺｵﾘ	ｿ箒貘獎ﾍ	ｹ恝ﾒｵﾘﾇ	ｿ箒貍ﾆﾊ	ﾎ蟒	ﾎﾘﾁｿ	ﾍﾋｻｻｻﾐﾅｵ	ｶｨﾖﾆｹ､ｾﾟ	ﾎﾞﾏﾟﾏ	ﾉﾌﾆｷﾌﾎﾂ	sku ﾌﾎﾂ	7ﾌﾋｻ	ｱｦｱｴﾂ
"シャミース ハイネックセーター Men's ( 品番 #1104865 )"	0	""	1	"日本"	"日本"	1	300.0	""	1	0	0	3.45301e-37	9.87215e-24	7.97105e+18	0	0	1	0	""	"高めの襟が首元を暖かく包む、優しい肌触りのセーターです。ゆとりのあるシルエットで、締め付け感がなくリラックスできる着心地です。"	""	0	0	""	"200"	""	0	""	""	""	""	""	""	""	0	0	1403318665268	1	volfo	1	248	244			1	2	日本	2		0.217	0		""				"シャミース ハイネックセーター Men's ( 品番 #1104865 )"
"シャミース ハイネックセーター Women's ( 品番 #1104866 )"	0	""	1	"日本"	"日本"	1	291.0	""	1	0	0	3.45301e-37	9.87215e-24	7.97105e+18	0	0	1	0	""	"高めの襟が首元を暖かく包む、優しい肌触りのセーターです。スッキリとしたシルエットながら締め付け感がなく、リラックスできる着心地です。"	""	0	0	""	"200"	""	0	""	""	""	""	""	""	""	0	0	1403318665268	1	volfo	1	248	244			1	2	日本	2		0.182	0		""				"シャミース ハイネックセーター Women's ( 品番 #1104866 )"
"シャミース プルオーバー Men's ( 品番 #1104869 )"	0	""	1	"日本"	"日本"	1	377.0	""	1	0	0	3.45301e-37	9.87215e-24	7.97105e+18	0	0	1	0	""	"大変軽量ながら高い保温性を持つ薄手のプルオーバーです。適度なゆとりを持たせたシルエットで、中間着としてもアウターとしても活躍します。"	""	0	0	""	"200"	""	0	""	""	""	""	""	""	""	0	0	1403318665268	1	volfo	1	248	244			1	2	日本	2		0.233	0		""				"シャミース プルオーバー Men's ( 品番 #1104869 )"
"シャミース プルオーバー Women's ( 品番 #1104872 )"	0	""	1	"日本"	"日本"	1	368.0	""	1	0	0	3.45301e-37	9.87215e-24	7.97105e+18	0	0	1	0	""	"大変軽量ながら高い保温性を持つ薄手のプルオーバーです。適度なゆとりを持たせたシルエットで、中間着としてもアウターとしても活躍します。"	""	0	0	""	"200"	""	0	""	""	""	""	""	""	""	0	0	1403318665268	1	volfo	1	248	244			1	2	日本	2		0.206	0		""				"シャミース プルオーバー Women's ( 品番 #1104872 )"
"ライトスウェット Men's ( 品番 #1106446 )"	0	""	1	"日本"	"日本"	1	325.0	""	1	0	0	3.45301e-37	9.87215e-24	7.97105e+18	0	0	1	0	""	"適度なボリュームで柔らかく、軽やかな着心地のスウェットシリーズです。程よいフィット感で動きやすく、ミドルレイヤー用途としてだけでなく、デイリーユースとしても使いやすいシンプルなデザインです。"	""	0	0	""	"200"	""	0	""	""	""	""	""	""	""	0	0	1403318665268	1	volfo	1	248	244			1	2	日本	2		0.28	0		""				"ライトスウェット Men's ( 品番 #1106446 )"
"ライトスウェット Women's ( 品番 #1106447 )"	0	""	1	"日本"	"日本"	1	308.0	""	1	0	0	3.45301e-37	9.87215e-24	7.97105e+18	0	0	1	0	""	"適度なボリュームで柔らかく、軽やかな着心地のスウェットシリーズです。程よいフィット感で動きやすく、ミドルレイヤー用途としてだけでなく、デイリーユースとしても使いやすいシンプルなデザインです。"	""	0	0	""	"200"	""	0	""	""	""	""	""	""	""	0	0	1403318665268	1	volfo	1	248	244			1	2	日本	2		0.235	0		""				"ライトスウェット Women's ( 品番 #1106447 )"
"プリント ライトスウェット Men's ( 品番 #1106473 )"	0	""	1	"日本"	"日本"	1	394.0	""	1	0	0	3.45301e-37	9.87215e-24	7.97105e+18	0	0	1	0	""	"適度なボリュームで柔らかく、軽やかな着心地のスウェットにプリント柄を施したモデルです。"	""	0	0	""	"200"	""	0	""	""	""	""	""	""	""	0	0	1403318665268	1	volfo	1	248	244			1	2	日本	2		0.28	0		""				"プリント ライトスウェット Men's ( 品番 #1106473 )"
"プリント ライトスウェット Women's ( 品番 #1106474 )"	0	""	1	"日本"	"日本"	1	377.0	""	1	0	0	3.45301e-37	9.87215e-24	7.97105e+18	0	0	1	0	""	"適度なボリュームで柔らかく、軽やかな着心地のスウェットにプリント柄を施したモデルです。"	""	0	0	""	"200"	""	0	""	""	""	""	""	""	""	0	0	1403318665268	1	volfo	1	248	244			1	2	日本	2		0.235	0		""				"プリント ライトスウェット Women's ( 品番 #1106474 )"
"ミッテルレギ フルジップ セーター Men's ( 品番 #1106505 )"	0	""	1	"日本"	"日本"	1	1179.0	""	1	0	0	3.45301e-37	9.87215e-24	7.97105e+18	0	0	1	0	""	"ざっくりとした羊毛を丁寧に編み上げることで、高い保温性とストレッチ性を備えた厚手のセーターです。フィールドへの行き帰りからタウンユースまで、さまざまな場面で活躍します。"	""	0	0	""	"200"	""	0	""	""	""	""	""	""	""	0	0	1403318665268	1	volfo	1	248	244			1	2	日本	2		0.578	0		""				"ミッテルレギ フルジップ セーター Men's ( 品番 #1106505 )"
"ミッテルレギ フルジップ セーター Women's ( 品番 #1106506 )"	0	""	1	"日本"	"日本"	1	1128.0	""	1	0	0	3.45301e-37	9.87215e-24	7.97105e+18	0	0	1	0	""	"ざっくりとした羊毛を丁寧に編み上げることで、高い保温性とストレッチ性を備えた厚手のセーターです。フィールドへの行き帰りからタウンユースまで、さまざまな場面で活躍します。"	""	0	0	""	"200"	""	0	""	""	""	""	""	""	""	0	0	1403318665268	1	volfo	1	248	244			1	2	日本	2		0.473	0		""				"ミッテルレギ フルジップ セーター Women's ( 品番 #1106506 )"
"ミッテルレギ ハーフジップ セーター Men's ( 品番 #1106507 )"	0	""	1	"日本"	"日本"	1	1145.0	""	1	0	0	3.45301e-37	9.87215e-24	7.97105e+18	0	0	1	0	""	"ざっくりとした羊毛を丁寧に編み上げることで、高い保温性とストレッチ性を備えた厚手のセーターです。フィールドへの行き帰りからタウンユースまで、さまざまな場面で活躍します。"	""	0	0	""	"200"	""	0	""	""	""	""	""	""	""	0	0	1403318665268	1	volfo	1	248	244			1	2	日本	2		0.496	0		""				"ミッテルレギ ハーフジップ セーター Men's ( 品番 #1106507 )"
"ミッテルレギ ハーフジップ セーター Women's ( 品番 #1106508 )"	0	""	1	"日本"	"日本"	1	1094.0	""	1	0	0	3.45301e-37	9.87215e-24	7.97105e+18	0	0	1	0	""	"ざっくりとした羊毛を丁寧に編み上げることで、高い保温性とストレッチ性を備えた厚手のセーターです。フィールドへの行き帰りからタウンユースまで、さまざまな場面で活躍します。"	""	0	0	""	"200"	""	0	""	""	""	""	""	""	""	0	0	1403318665268	1	volfo	1	248	244			1	2	日本	2		0.429	0		""				"ミッテルレギ ハーフジップ セーター Women's ( 品番 #1106508 )"
"クリマプラス100 プルオーバー Men's ( 品番 #1106440 )"	0	""	1	"日本"	"日本"	1	402.0	""	1	0	0	3.45301e-37	9.87215e-24	7.97105e+18	0	0	1	0	""	"適度な厚みで柔らかく、優れた伸縮性を併せ持つため秋冬を通して多目的に活躍するプルオーバーです。秋・冬・春にかけて多目的に活用できます。"	""	0	0	""	"200"	""	0	""	""	""	""	""	""	""	0	0	1403318665268	1	volfo	1	248	244			1	2	日本	2		0.3	0		""				"クリマプラス100 プルオーバー Men's ( 品番 #1106440 )"
"クリマプラス100 プルオーバー Women's ( 品番 #1106441 )"	0	""	1	"日本"	"日本"	1	385.0	""	1	0	0	3.45301e-37	9.87215e-24	7.97105e+18	0	0	1	0	""	"適度な厚みで柔らかく、優れた伸縮性を併せ持つため秋冬を通して多目的に活躍するプルオーバーです。秋・冬・春にかけて多目的に活用できます。"	""	0	0	""	"200"	""	0	""	""	""	""	""	""	""	0	0	1403318665268	1	volfo	1	248	244			1	2	日本	2		0.255	0		""				"クリマプラス100 プルオーバー Women's ( 品番 #1106441 )"
