﻿﻿version 1.00
title	cid	seller_cids	stuff_status	location_state	location_city	item_type	price	auction_increment	num	valid_thru	freight_payer	post_fee	ems_fee	express_fee	has_invoice	has_warranty	approve_status	has_showcase	list_time	description	cateProps	postage_id	has_discount	modified	upload_fail_msg	picture_status	auction_point	picture	video	skuProps	inputPids	inputValues	outer_id	propAlias	auto_fill	num_id	local_cid	navigation_type	user_name	syncStatus	is_lighting_consigment	is_xinpin	foodparame	features	buyareatype	global_stock_type	global_stock_country	sub_stock_type	item_size	item_weight	sell_promise	custom_design_flag	wireless_desc	barcode	sku_barcode	newprepay	subtitle
ｱｦｱｴﾃ﨤ﾆ	ｱｦｱｴﾀ狷ｿ	ｵﾌﾀ狷ｿ	ﾐﾂｾﾉｳﾌｶﾈ	ﾊ｡	ｳﾇﾊﾐ	ｳﾛｷｽﾊｽ	ｱｦｱｴｼﾛｸ	ｼﾓｼﾛｷﾈ	ｱｦｱｴﾊﾁｿ	ﾓﾐﾐｧﾆﾚ	ﾔﾋｷﾑｳﾐｵ｣	ﾆｽﾓﾊ	EMS	ｿﾝ	ｷ｢ﾆｱ	ｱ｣ﾐﾞ	ｷﾅﾈﾖｿ	ｳｰﾍﾆｼ	ｿｪﾊｼﾊｱｼ	ｱｦｱｴﾃ靆	ｱｦｱｴﾊﾔ	ﾓﾊｷﾑﾄ｣ｰ覈D	ｻ瞞ｱｴﾛ	ﾐﾞｸﾄﾊｱｼ	ﾉﾏｴｫﾗｴﾌｬ	ﾍｼﾆｬﾗｴﾌｬ	ｷｵｵ羈ﾈﾀ	ﾐﾂﾍｼﾆｬ	ﾊﾓﾆｵ	ﾏ摠ﾛﾊﾔﾗ鮗ﾏ	ﾓﾃｻｧﾊ菠Dｴｮ	ﾓﾃｻｧﾊ菠ﾖｵｶﾔ	ﾉﾌｼﾒｱ狡	ﾏ摠ﾛﾊﾔｱ	ｴ嵭菎獎ﾍ	ﾊﾗﾖID	ｱｾｵﾘID	ｱｦｱｴｷﾖﾀ	ﾓﾃｻｧﾃ﨤ﾆ	ｱｦｱｴﾗｴﾌｬ	ﾉﾁｵ邱｢ｻ	ﾐﾂﾆｷ	ﾊｳﾆｷﾗｨﾏ	ｳﾟﾂ	ｲﾉｹｺｵﾘ	ｿ箒貘獎ﾍ	ｹ恝ﾒｵﾘﾇ	ｿ箒貍ﾆﾊ	ﾎ蟒	ﾎﾘﾁｿ	ﾍﾋｻｻｻﾐﾅｵ	ｶｨﾖﾆｹ､ｾﾟ	ﾎﾞﾏﾟﾏ	ﾉﾌﾆｷﾌﾎﾂ	sku ﾌﾎﾂ	7ﾌﾋｻ	ｱｦｱｴﾂ
"サイクール ハーフスリーブジップシャツ Men's ( 品番 #1130362 )"	0	""	1	"日本"	"日本"	1	548.0	""	1	0	0	3.45301e-37	9.87215e-24	7.97105e+18	0	0	1	0	""	"抜群の通気性と吸水速乾性を発揮し、UVカット効果や光触媒効果による消臭機能も備えたハーフスリーブジップシャツです。体に程よくフィットするシルエットでばたつきを軽減。汗をかきやすい季節でもストレスのない快適なツーリングをサポートします。"	""	0	0	""	"200"	""	0	""	""	""	""	""	""	""	0	0	1403318665268	1	volfo	1	248	244			1	2	日本	2		0.123	0		""				"サイクール ハーフスリーブジップシャツ Men's ( 品番 #1130362 )"
"サイクール ロングスリーブジップシャツ Men's ( 品番 #1130363 )"	0	""	1	"日本"	"日本"	1	593.0	""	1	0	0	3.45301e-37	9.87215e-24	7.97105e+18	0	0	1	0	""	"抜群の通気性と吸水速乾性を発揮し、UVカット効果や光触媒効果による消臭機能も備えたロングスリーブジップシャツです。体に程よくフィットするシルエットでばたつきを軽減。汗をかきやすい季節でもストレスのない快適なツーリングをサポートします。"	""	0	0	""	"200"	""	0	""	""	""	""	""	""	""	0	0	1403318665268	1	volfo	1	248	244			1	2	日本	2		0.148	0		""				"サイクール ロングスリーブジップシャツ Men's ( 品番 #1130363 )"
"WIC.サイクルジャージ #1 ( 品番 #1130371 )"	0	""	1	"日本"	"日本"	1	772.0	""	1	0	0	3.45301e-37	9.87215e-24	7.97105e+18	0	0	1	0	""	"吸水速乾性に優れ、光触媒効果による消臭機能も備えた素材を使用したサイクルジャージです。適度なフィット感を持たせることでばたつきを軽減。ストレッチ性に優れるのでライディング時の動きも妨げません。アクティブなサイクリングを意識したオリジナルプリントを施しています。"	""	0	0	""	"200"	""	0	""	""	""	""	""	""	""	0	0	1403318665268	1	volfo	1	248	244			1	2	日本	2		0.137	0		""				"WIC.サイクルジャージ #1 ( 品番 #1130371 )"
"WIC.サイクルジャージ #2 ( 品番 #1130372 )"	0	""	1	"日本"	"日本"	1	772.0	""	1	0	0	3.45301e-37	9.87215e-24	7.97105e+18	0	0	1	0	""	"吸水速乾性に優れ、光触媒効果による消臭機能も備えた素材を使用したサイクルジャージです。適度なフィット感を持たせることでばたつきを軽減。ストレッチ性に優れるのでライディング時の動きも妨げません。アクティブなサイクリングを意識したオリジナルプリントを施しています。"	""	0	0	""	"200"	""	0	""	""	""	""	""	""	""	0	0	1403318665268	1	volfo	1	248	244			1	2	日本	2		0.137	0		""				"WIC.サイクルジャージ #2 ( 品番 #1130372 )"
"サイクライムジャケット Men's ( 品番 #1106499 )"	0	""	1	"日本"	"日本"	1	923.0	""	1	0	0	3.45301e-37	9.87215e-24	7.97105e+18	0	0	1	0	""	"トレッキングからクライミング、サイクリングまで、多用途に活躍する高機能ジャケットです。前方からの冷たい風をしっかりとブロックするとともに、バックパックを背負った際などにウエア内にこもりがちとなる熱気や蒸れを効果的に放出します。"	""	0	0	""	"200"	""	0	""	""	""	""	""	""	""	0	0	1403318665268	1	volfo	1	248	244			1	2	日本	2		0.37	0		""				"サイクライムジャケット Men's ( 品番 #1106499 )"
"サイクライムジャケット Women's ( 品番 #1106500 )"	0	""	1	"日本"	"日本"	1	889.0	""	1	0	0	3.45301e-37	9.87215e-24	7.97105e+18	0	0	1	0	""	"トレッキングからクライミング、サイクリングまで、多用途に活躍する高機能ジャケットです。前方からの冷たい風をしっかりとブロックするとともに、バックパックを背負った際などにウエア内にこもりがちとなる熱気や蒸れを効果的に放出します。"	""	0	0	""	"200"	""	0	""	""	""	""	""	""	""	0	0	1403318665268	1	volfo	1	248	244			1	2	日本	2		0.325	0		""				"サイクライムジャケット Women's ( 品番 #1106500 )"
"ウインドバイカー Men's ( 品番 #1130276 )"	0	""	1	"日本"	"日本"	1	564.0	""	1	0	0	3.45301e-37	9.87215e-24	7.97105e+18	0	0	1	0	""	"コストパフォーマンスに優れた自転車専用ウインドブレーカー。表面には優れた撥水性を誇るポルカテックス加工を施し、小雨程度なら難なくはじきます。ポケッタブル仕様。"	""	0	0	""	"200"	""	0	""	""	""	""	""	""	""	0	0	1403318665268	1	volfo	1	248	244			1	2	日本	2		0.15	0		""				"ウインドバイカー Men's ( 品番 #1130276 )"
"ウインドバイカー Women's ( 品番 #1130277 )"	0	""	1	"日本"	"日本"	1	547.0	""	1	0	0	3.45301e-37	9.87215e-24	7.97105e+18	0	0	1	0	""	"コストパフォーマンスに優れた自転車専用ウインドブレーカー。表面には優れた撥水性を誇るポルカテックス加工を施し、小雨程度なら難なくはじきます。ポケッタブル仕様。"	""	0	0	""	"200"	""	0	""	""	""	""	""	""	""	0	0	1403318665268	1	volfo	1	248	244			1	2	日本	2		0.14	0		""				"ウインドバイカー Women's ( 品番 #1130277 )"
"ライトシェル サイクルジャケット ( 品番 #1130280 )"	0	""	1	"日本"	"日本"	1	838.0	""	1	0	0	3.45301e-37	9.87215e-24	7.97105e+18	0	0	1	0	""	"優れたストレッチ性を持ち、ツーリングから通勤通学まで一年を通して幅広く活躍する軽量なジャケットです。"	""	0	0	""	"200"	""	0	""	""	""	""	""	""	""	0	0	1403318665268	1	volfo	1	248	244			1	2	日本	2		0.26	0		""				"ライトシェル サイクルジャケット ( 品番 #1130280 )"
"リフレック ウインドバイカー ( 品番 #1130311 )"	0	""	1	"日本"	"日本"	1	804.0	""	1	0	0	3.45301e-37	9.87215e-24	7.97105e+18	0	0	1	0	""	"全面に極めて視認性に優れるリフレックプリントを施し、高いコストパフォーマンスを実現した自転車専用ウインドブレーカーです。背面のポケットに収納可能なポケッタブル仕様です。"	""	0	0	""	"200"	""	0	""	""	""	""	""	""	""	0	0	1403318665268	1	volfo	1	248	244			1	2	日本	2		0.14	0		""				"リフレック ウインドバイカー ( 品番 #1130311 )"
"ジオライン3D サーマル サイクルジップシャツ Men's ( 品番 #1130323 )"	0	""	1	"日本"	"日本"	1	667.0	""	1	0	0	3.45301e-37	9.87215e-24	7.97105e+18	0	0	1	0	""	"肌寒い季節のサイクリングに最適なフルオープンタイプのジップシャツです。制菌防臭効果に優れ、汗を素早く吸水拡散するため長時間の走行でも快適な着心地が持続します。"	""	0	0	""	"200"	""	0	""	""	""	""	""	""	""	0	0	1403318665268	1	volfo	1	248	244			1	2	日本	2		0.26	0		""				"ジオライン3D サーマル サイクルジップシャツ Men's ( 品番 #1130323 )"
"ジオライン3D サーマル サイクルジップシャツ Women's ( 品番 #1130324 )"	0	""	1	"日本"	"日本"	1	650.0	""	1	0	0	3.45301e-37	9.87215e-24	7.97105e+18	0	0	1	0	""	"肌寒い季節のサイクリングに最適なフルオープンタイプのジップシャツです。裏面を起毛加工し、適度な保温性を持たせたジオライン3Dサーマルを使用しています。"	""	0	0	""	"200"	""	0	""	""	""	""	""	""	""	0	0	1403318665268	1	volfo	1	248	244			1	2	日本	2		0.205	0		""				"ジオライン3D サーマル サイクルジップシャツ Women's ( 品番 #1130324 )"
"EXライト ウインドバイカー Men's ( 品番 #1130340 )"	0	""	1	"日本"	"日本"	1	650.0	""	1	0	0	3.45301e-37	9.87215e-24	7.97105e+18	0	0	1	0	""	"驚きの軽さと手のひらにすっぽりと納まる超コンパクト収納を実現したジャケットです。皮膜のような薄さながら十分な強度を備えた素材を採用。表面にはポルカテックス加工を施すことで世界最高レベルの撥水性を備え、汚れも付きにくくなっています。"	""	0	0	""	"200"	""	0	""	""	""	""	""	""	""	0	0	1403318665268	1	volfo	1	248	244			1	2	日本	2		0.062	0		""				"EXライト ウインドバイカー Men's ( 品番 #1130340 )"
"EXライト ウインドバイカー Women's ( 品番 #1130341 )"	0	""	1	"日本"	"日本"	1	633.0	""	1	0	0	3.45301e-37	9.87215e-24	7.97105e+18	0	0	1	0	""	"驚きの軽さと手のひらにすっぽりと納まる超コンパクト収納を実現したジャケットです。皮膜のような薄さながら十分な強度を備えた素材を採用。表面にはポルカテックス加工を施すことで世界最高レベルの撥水性を備え、汚れも付きにくくなっています。"	""	0	0	""	"200"	""	0	""	""	""	""	""	""	""	0	0	1403318665268	1	volfo	1	248	244			1	2	日本	2		0.057	0		""				"EXライト ウインドバイカー Women's ( 品番 #1130341 )"
"サイクール ロングスリーブジップシャツ Women's ( 品番 #1130347 )"	0	""	1	"日本"	"日本"	1	573.0	""	1	0	0	3.45301e-37	9.87215e-24	7.97105e+18	0	0	1	0	""	"優れた通気性と吸水速乾性を発揮し、真夏でも涼しく着られるジップシャツです。ロングスリーブなので腕の日焼け対策にも有効です。"	""	0	0	""	"200"	""	0	""	""	""	""	""	""	""	0	0	1403318665268	1	volfo	1	248	244			1	2	日本	2		0.194	0		""				"サイクール ロングスリーブジップシャツ Women's ( 品番 #1130347 )"
"サイクール ハーフスリーブジップシャツ Women's ( 品番 #1130348 )"	0	""	1	"日本"	"日本"	1	530.0	""	1	0	0	3.45301e-37	9.87215e-24	7.97105e+18	0	0	1	0	""	"優れた通気性と吸水速乾性を発揮し、真夏でも涼しく着られるジップシャツです。"	""	0	0	""	"200"	""	0	""	""	""	""	""	""	""	0	0	1403318665268	1	volfo	1	248	244			1	2	日本	2		0.156	0		""				"サイクール ハーフスリーブジップシャツ Women's ( 品番 #1130348 )"
"WIC.サイクル ロングスリーブ ジャージ Light & Fast ( 品番 #1130350 )"	0	""	1	"日本"	"日本"	1	923.0	""	1	0	0	3.45301e-37	9.87215e-24	7.97105e+18	0	0	1	0	""	"抜群のフィット感とストレッチ性により、ストレスのないライディングをサポートするサイクルジャージです。日々のサイクリングやロードレースにマッチする、アクティブなオリジナルプリントを施しています。"	""	0	0	""	"200"	""	0	""	""	""	""	""	""	""	0	0	1403318665268	1	volfo	1	248	244			1	2	日本	2		0.354	0		""				"WIC.サイクル ロングスリーブ ジャージ Light & Fast ( 品番 #1130350 )"
"サイクル トレーナージャケット ( 品番 #1130359 )"	0	""	1	"日本"	"日本"	1	1017.0	""	1	0	0	3.45301e-37	9.87215e-24	7.97105e+18	0	0	1	0	""	"秋冬シーズンの冷たい風を完全にシャットアウトする防風フィルムと、裏面の起毛加工により、高い保温性を備えたソフトシェルジャケットです。"	""	0	0	""	"200"	""	0	""	""	""	""	""	""	""	0	0	1403318665268	1	volfo	1	248	244			1	2	日本	2		0.355	0		""				"サイクル トレーナージャケット ( 品番 #1130359 )"
"サーマライド ジャケット ( 品番 #1130366 )"	0	""	1	"日本"	"日本"	1	1444.0	""	1	0	0	3.45301e-37	9.87215e-24	7.97105e+18	0	0	1	0	""	"保温性と運動性を両立した、自転車専用・多機能ジャケットです。ライディング時に最も風の影響を受けやすい前身頃と袖部分に中綿を封入。後ろ身頃には抜群のストレッチ性と吸水拡散性を実現する素材を使用しています。"	""	0	0	""	"200"	""	0	""	""	""	""	""	""	""	0	0	1403318665268	1	volfo	1	248	244			1	2	日本	2		0.392	0		""				"サーマライド ジャケット ( 品番 #1130366 )"
"ジオライン3Dメッシュ サイクルロングスリーブジップシャツ Women's ( 品番 #1130255 )"	0	""	1	"日本"	"日本"	1	530.0	""	1	0	0	3.45301e-37	9.87215e-24	7.97105e+18	0	0	1	0	""	"風を受ける前身頃と袖に保温性があるジオライン3Dメッシュを、背面と脇には風通しの良いメッシュ地のウイックロンクールを使用。UVカット効果に優れ、肌寒い春先や秋に最適。"	""	0	0	""	"200"	""	0	""	""	""	""	""	""	""	0	0	1403318665268	1	volfo	1	248	244			1	2	日本	2		0.14	0		""				"ジオライン3Dメッシュ サイクルロングスリーブジップシャツ Women's ( 品番 #1130255 )"
"WIC.ブリーズスパン サイクルT ( 品番 #1130229 )"	0	""	1	"日本"	"日本"	1	402.0	""	1	0	0	3.45301e-37	9.87215e-24	7.97105e+18	0	0	1	0	""	"通気性が良く、サラッとした肌ざわりで炎天下でも爽快なＴシャツです。ジップシャツは温度調節がしやすい長めのコンシールジッパーつき。"	""	0	0	""	"200"	""	0	""	""	""	""	""	""	""	0	0	1403318665268	1	volfo	1	248	244			1	2	日本	2		0.15	0		""				"WIC.ブリーズスパン サイクルT ( 品番 #1130229 )"
