﻿﻿version 1.00
title	cid	seller_cids	stuff_status	location_state	location_city	item_type	price	auction_increment	num	valid_thru	freight_payer	post_fee	ems_fee	express_fee	has_invoice	has_warranty	approve_status	has_showcase	list_time	description	cateProps	postage_id	has_discount	modified	upload_fail_msg	picture_status	auction_point	picture	video	skuProps	inputPids	inputValues	outer_id	propAlias	auto_fill	num_id	local_cid	navigation_type	user_name	syncStatus	is_lighting_consigment	is_xinpin	foodparame	features	buyareatype	global_stock_type	global_stock_country	sub_stock_type	item_size	item_weight	sell_promise	custom_design_flag	wireless_desc	barcode	sku_barcode	newprepay	subtitle
ｱｦｱｴﾃ﨤ﾆ	ｱｦｱｴﾀ狷ｿ	ｵﾌﾀ狷ｿ	ﾐﾂｾﾉｳﾌｶﾈ	ﾊ｡	ｳﾇﾊﾐ	ｳﾛｷｽﾊｽ	ｱｦｱｴｼﾛｸ	ｼﾓｼﾛｷﾈ	ｱｦｱｴﾊﾁｿ	ﾓﾐﾐｧﾆﾚ	ﾔﾋｷﾑｳﾐｵ｣	ﾆｽﾓﾊ	EMS	ｿﾝ	ｷ｢ﾆｱ	ｱ｣ﾐﾞ	ｷﾅﾈﾖｿ	ｳｰﾍﾆｼ	ｿｪﾊｼﾊｱｼ	ｱｦｱｴﾃ靆	ｱｦｱｴﾊﾔ	ﾓﾊｷﾑﾄ｣ｰ覈D	ｻ瞞ｱｴﾛ	ﾐﾞｸﾄﾊｱｼ	ﾉﾏｴｫﾗｴﾌｬ	ﾍｼﾆｬﾗｴﾌｬ	ｷｵｵ羈ﾈﾀ	ﾐﾂﾍｼﾆｬ	ﾊﾓﾆｵ	ﾏ摠ﾛﾊﾔﾗ鮗ﾏ	ﾓﾃｻｧﾊ菠Dｴｮ	ﾓﾃｻｧﾊ菠ﾖｵｶﾔ	ﾉﾌｼﾒｱ狡	ﾏ摠ﾛﾊﾔｱ	ｴ嵭菎獎ﾍ	ﾊﾗﾖID	ｱｾｵﾘID	ｱｦｱｴｷﾖﾀ	ﾓﾃｻｧﾃ﨤ﾆ	ｱｦｱｴﾗｴﾌｬ	ﾉﾁｵ邱｢ｻ	ﾐﾂﾆｷ	ﾊｳﾆｷﾗｨﾏ	ｳﾟﾂ	ｲﾉｹｺｵﾘ	ｿ箒貘獎ﾍ	ｹ恝ﾒｵﾘﾇ	ｿ箒貍ﾆﾊ	ﾎ蟒	ﾎﾘﾁｿ	ﾍﾋｻｻｻﾐﾅｵ	ｶｨﾖﾆｹ､ｾﾟ	ﾎﾞﾏﾟﾏ	ﾉﾌﾆｷﾌﾎﾂ	sku ﾌﾎﾂ	7ﾌﾋｻ	ｱｦｱｴﾂ
"サーマテックショルダーウォーマー Men's ( 品番 #1107121 )"	0	""	1	"日本"	"日本"	1	334.0	""	1	0	0	3.45301e-37	9.87215e-24	7.97105e+18	0	0	1	0	""	"高い保温効果を持ち、運動前や運動中に肩から上腕にかかかる部分をを効果的に温めることができるウォーマーです。左右兼用。"	""	0	0	""	"200"	""	0	""	""	""	""	""	""	""	0	0	1403318665268	1	volfo	1	248	244			1	2	日本	2		0.0	0		""				"サーマテックショルダーウォーマー Men's ( 品番 #1107121 )"
"サーマテックショルダーウォーマー Women's ( 品番 #1107122 )"	0	""	1	"日本"	"日本"	1	325.0	""	1	0	0	3.45301e-37	9.87215e-24	7.97105e+18	0	0	1	0	""	"女性専用のショルダーウォーマーです。左右兼用。"	""	0	0	""	"200"	""	0	""	""	""	""	""	""	""	0	0	1403318665268	1	volfo	1	248	244			1	2	日本	2		0.0	0		""				"サーマテックショルダーウォーマー Women's ( 品番 #1107122 )"
"サーマテックウエストウォーマー ( 品番 #1107123 )"	0	""	1	"日本"	"日本"	1	223.0	""	1	0	0	3.45301e-37	9.87215e-24	7.97105e+18	0	0	1	0	""	"ウエスト回りに優しくフィットして胴回りを保温します。"	""	0	0	""	"200"	""	0	""	""	""	""	""	""	""	0	0	1403318665268	1	volfo	1	248	244			1	2	日本	2		0.0	0		""				"サーマテックウエストウォーマー ( 品番 #1107123 )"
"サーマテックフィンガーウォーマー ( 品番 #1107124 )"	0	""	1	"日本"	"日本"	1	112.0	""	1	0	0	3.45301e-37	9.87215e-24	7.97105e+18	0	0	1	0	""	"高い保温効果を持ち、運動前や運動中に親指の付け根部分を効果的に温められるウォーマーです。左右兼用。（1枚入り）"	""	0	0	""	"200"	""	0	""	""	""	""	""	""	""	0	0	1403318665268	1	volfo	1	248	244			1	2	日本	2		0.0	0		""				"サーマテックフィンガーウォーマー ( 品番 #1107124 )"
"サーマテックパームウォーマー ( 品番 #1107125 )"	0	""	1	"日本"	"日本"	1	197.0	""	1	0	0	3.45301e-37	9.87215e-24	7.97105e+18	0	0	1	0	""	"高い保温効果を持ち、運動前や運動中に手首から手の甲にかけて効果的に温められるウォーマーです。（2枚組）"	""	0	0	""	"200"	""	0	""	""	""	""	""	""	""	0	0	1403318665268	1	volfo	1	248	244			1	2	日本	2		0.0	0		""				"サーマテックパームウォーマー ( 品番 #1107125 )"
"サーマテックリストウォーマー ( 品番 #1107126 )"	0	""	1	"日本"	"日本"	1	146.0	""	1	0	0	3.45301e-37	9.87215e-24	7.97105e+18	0	0	1	0	""	"高い保温効果を持ち、運動前や運動中に手首を効果的に温められるウォーマーです。（2枚組）"	""	0	0	""	"200"	""	0	""	""	""	""	""	""	""	0	0	1403318665268	1	volfo	1	248	244			1	2	日本	2		0.0	0		""				"サーマテックリストウォーマー ( 品番 #1107126 )"
"サーマテックエルボーウォーマー ( 品番 #1107127 )"	0	""	1	"日本"	"日本"	1	129.0	""	1	0	0	3.45301e-37	9.87215e-24	7.97105e+18	0	0	1	0	""	"高い保温効果を持ち、運動前や運動中にひじを効果的に温めることができるウォーマーです。左右兼用。（1枚入り）"	""	0	0	""	"200"	""	0	""	""	""	""	""	""	""	0	0	1403318665268	1	volfo	1	248	244			1	2	日本	2		0.0	0		""				"サーマテックエルボーウォーマー ( 品番 #1107127 )"
"サーマテックアームウォーマー ( 品番 #1107128 )"	0	""	1	"日本"	"日本"	1	146.0	""	1	0	0	3.45301e-37	9.87215e-24	7.97105e+18	0	0	1	0	""	"高い保温効果を持ち、運動前や運動中に腕を効果的に温めることができるウォーマーです。半袖Tシャツ着用時の保温調節にも適しています。左右兼用。（1枚入り）"	""	0	0	""	"200"	""	0	""	""	""	""	""	""	""	0	0	1403318665268	1	volfo	1	248	244			1	2	日本	2		0.0	0		""				"サーマテックアームウォーマー ( 品番 #1107128 )"
"サーマテックサイウォーマー ( 品番 #1107129 )"	0	""	1	"日本"	"日本"	1	171.0	""	1	0	0	3.45301e-37	9.87215e-24	7.97105e+18	0	0	1	0	""	"高い保温効果を持ち、運動前や運動中に太ももを効果的に温めることができるウォーマーです。左右兼用。（1枚入り）"	""	0	0	""	"200"	""	0	""	""	""	""	""	""	""	0	0	1403318665268	1	volfo	1	248	244			1	2	日本	2		0.0	0		""				"サーマテックサイウォーマー ( 品番 #1107129 )"
"サーマテックニーウォーマー ( 品番 #1107130 )"	0	""	1	"日本"	"日本"	1	154.0	""	1	0	0	3.45301e-37	9.87215e-24	7.97105e+18	0	0	1	0	""	"高い保温効果を持ち、運動前や運動中にひざを効果的に温めることができるウォーマーです。左右兼用。（1枚入り）"	""	0	0	""	"200"	""	0	""	""	""	""	""	""	""	0	0	1403318665268	1	volfo	1	248	244			1	2	日本	2		0.0	0		""				"サーマテックニーウォーマー ( 品番 #1107130 )"
"サーマテックアンクルウォーマー ( 品番 #1107133 )"	0	""	1	"日本"	"日本"	1	146.0	""	1	0	0	3.45301e-37	9.87215e-24	7.97105e+18	0	0	1	0	""	"高い保温効果を持ち、運動前や運動中に足首を効果的に温めることができるウォーマーです。左右兼用。（1枚入り）"	""	0	0	""	"200"	""	0	""	""	""	""	""	""	""	0	0	1403318665268	1	volfo	1	248	244			1	2	日本	2		0.0	0		""				"サーマテックアンクルウォーマー ( 品番 #1107133 )"
