﻿﻿version 1.00
title	cid	seller_cids	stuff_status	location_state	location_city	item_type	price	auction_increment	num	valid_thru	freight_payer	post_fee	ems_fee	express_fee	has_invoice	has_warranty	approve_status	has_showcase	list_time	description	cateProps	postage_id	has_discount	modified	upload_fail_msg	picture_status	auction_point	picture	video	skuProps	inputPids	inputValues	outer_id	propAlias	auto_fill	num_id	local_cid	navigation_type	user_name	syncStatus	is_lighting_consigment	is_xinpin	foodparame	features	buyareatype	global_stock_type	global_stock_country	sub_stock_type	item_size	item_weight	sell_promise	custom_design_flag	wireless_desc	barcode	sku_barcode	newprepay	subtitle
ｱｦｱｴﾃ﨤ﾆ	ｱｦｱｴﾀ狷ｿ	ｵﾌﾀ狷ｿ	ﾐﾂｾﾉｳﾌｶﾈ	ﾊ｡	ｳﾇﾊﾐ	ｳﾛｷｽﾊｽ	ｱｦｱｴｼﾛｸ	ｼﾓｼﾛｷﾈ	ｱｦｱｴﾊﾁｿ	ﾓﾐﾐｧﾆﾚ	ﾔﾋｷﾑｳﾐｵ｣	ﾆｽﾓﾊ	EMS	ｿﾝ	ｷ｢ﾆｱ	ｱ｣ﾐﾞ	ｷﾅﾈﾖｿ	ｳｰﾍﾆｼ	ｿｪﾊｼﾊｱｼ	ｱｦｱｴﾃ靆	ｱｦｱｴﾊﾔ	ﾓﾊｷﾑﾄ｣ｰ覈D	ｻ瞞ｱｴﾛ	ﾐﾞｸﾄﾊｱｼ	ﾉﾏｴｫﾗｴﾌｬ	ﾍｼﾆｬﾗｴﾌｬ	ｷｵｵ羈ﾈﾀ	ﾐﾂﾍｼﾆｬ	ﾊﾓﾆｵ	ﾏ摠ﾛﾊﾔﾗ鮗ﾏ	ﾓﾃｻｧﾊ菠Dｴｮ	ﾓﾃｻｧﾊ菠ﾖｵｶﾔ	ﾉﾌｼﾒｱ狡	ﾏ摠ﾛﾊﾔｱ	ｴ嵭菎獎ﾍ	ﾊﾗﾖID	ｱｾｵﾘID	ｱｦｱｴｷﾖﾀ	ﾓﾃｻｧﾃ﨤ﾆ	ｱｦｱｴﾗｴﾌｬ	ﾉﾁｵ邱｢ｻ	ﾐﾂﾆｷ	ﾊｳﾆｷﾗｨﾏ	ｳﾟﾂ	ｲﾉｹｺｵﾘ	ｿ箒貘獎ﾍ	ｹ恝ﾒｵﾘﾇ	ｿ箒貍ﾆﾊ	ﾎ蟒	ﾎﾘﾁｿ	ﾍﾋｻｻｻﾐﾅｵ	ｶｨﾖﾆｹ､ｾﾟ	ﾎﾞﾏﾟﾏ	ﾉﾌﾆｷﾌﾎﾂ	sku ﾌﾎﾂ	7ﾌﾋｻ	ｱｦｱｴﾂ
"クリマツイード グローブ Men's ( 品番 #1108731 )"	0	""	1	"日本"	"日本"	1	274.0	""	1	0	0	3.45301e-37	9.87215e-24	7.97105e+18	0	0	1	0	""	"ツイード調の落ち着いた風合いで、旅行や普段使いに最適なグローブです。牛革のふち巻きをあしらった上品なデザインに仕上げています。"	""	0	0	""	"200"	""	0	""	""	""	""	""	""	""	0	0	1403318665268	1	volfo	1	248	244			1	2	日本	2		0.043	0		""				"クリマツイード グローブ Men's ( 品番 #1108731 )"
"クリマツイード グローブ Women's ( 品番 #1108732 )"	0	""	1	"日本"	"日本"	1	274.0	""	1	0	0	3.45301e-37	9.87215e-24	7.97105e+18	0	0	1	0	""	"ツイード調の落ち着いた風合いで、旅行や普段使いに最適なグローブです。牛革のふち巻きをあしらった上品なデザインに仕上げています。"	""	0	0	""	"200"	""	0	""	""	""	""	""	""	""	0	0	1403318665268	1	volfo	1	248	244			1	2	日本	2		0.035	0		""				"クリマツイード グローブ Women's ( 品番 #1108732 )"
"レイヤードグローブ ( 品番 #1108734 )"	0	""	1	"日本"	"日本"	1	146.0	""	1	0	0	3.45301e-37	9.87215e-24	7.97105e+18	0	0	1	0	""	"伸縮性を備え薄手でも高い保温力を発揮するシンサレートストレッチをニット（表地）とフリース素材（裏地）で挟み込んだグローブです。手のひらから指先まで保温材を封入した大変暖かな仕様ながら、適度な厚みと優れた伸縮性により、手のひら感覚に優れるので、さまざまな場面でお使いいただけます。"	""	0	0	""	"200"	""	0	""	""	""	""	""	""	""	0	0	1403318665268	1	volfo	1	248	244			1	2	日本	2		0.105	0		""				"レイヤードグローブ ( 品番 #1108734 )"
"シャミース フィッシンググローブ ( 品番 #1108178 )"	0	""	1	"日本"	"日本"	1	207.0	""	1	0	0	3.45301e-37	9.87215e-24	7.97105e+18	0	0	1	0	""	"速乾性・保温性に優れ、肌ざわりもよい薄手のフリース製フィッシンググローブ。掌には牛皮革を当て、耐久性とグリップ力を高めています。"	""	0	0	""	"200"	""	0	""	""	""	""	""	""	""	0	0	1403318665268	1	volfo	1	248	244			1	2	日本	2		0.025	0		""				"シャミース フィッシンググローブ ( 品番 #1108178 )"
"シャミース パームウォーマー ( 品番 #1108366 )"	0	""	1	"日本"	"日本"	1	86.0	""	1	0	0	3.45301e-37	9.87215e-24	7.97105e+18	0	0	1	0	""	"手首から掌をすっぽりと覆う、暖かくて肌ざわりのよいウォーマー。指先が開いているので操作性が高く、着脱もスムーズ。軽量コンパクトなので気軽に常備・携行できます。"	""	0	0	""	"200"	""	0	""	""	""	""	""	""	""	0	0	1403318665268	1	volfo	1	248	244			1	2	日本	2		0.02	0		""				"シャミース パームウォーマー ( 品番 #1108366 )"
"シャミース フィンガーレスグローブ Men's ( 品番 #1108526 )"	0	""	1	"日本"	"日本"	1	154.0	""	1	0	0	3.45301e-37	9.87215e-24	7.97105e+18	0	0	1	0	""	"軽量・伸縮・保温性に優れ、指が出るので素手に近い感覚が得られます。ハイキングやサイクリングなど活用範囲の広いグローブです。"	""	0	0	""	"200"	""	0	""	""	""	""	""	""	""	0	0	1403318665268	1	volfo	1	248	244			1	2	日本	2		0.016	0		""				"シャミース フィンガーレスグローブ Men's ( 品番 #1108526 )"
"シャミース フィンガーレスグローブ Women's ( 品番 #1108592 )"	0	""	1	"日本"	"日本"	1	154.0	""	1	0	0	3.45301e-37	9.87215e-24	7.97105e+18	0	0	1	0	""	"軽量・伸縮・保温性に優れ、指が出るので素手に近い感覚が得られます。ハイキングやサイクリングなど活用範囲の広いグローブです。"	""	0	0	""	"200"	""	0	""	""	""	""	""	""	""	0	0	1403318665268	1	volfo	1	248	244			1	2	日本	2		0.013	0		""				"シャミース フィンガーレスグローブ Women's ( 品番 #1108592 )"
"シャミース ミトン Kid's & Baby's ( 品番 #1108007 )"	0	""	1	"日本"	"日本"	1	129.0	""	1	0	0	3.45301e-37	9.87215e-24	7.97105e+18	0	0	1	0	""	"やさしい肌ざわりの暖かなグローブとミトンです。柔らかな質感で優しく手を包み込むので、幼い子どもでも違和感なく使用できます。"	""	0	0	""	"200"	""	0	""	""	""	""	""	""	""	0	0	1403318665268	1	volfo	1	248	244			1	2	日本	2		0.019	0		""				"シャミース ミトン Kid's & Baby's ( 品番 #1108007 )"
"ポーラーミトン Kid's ( 品番 #1108513 )"	0	""	1	"日本"	"日本"	1	120.0	""	1	0	0	3.45301e-37	9.87215e-24	7.97105e+18	0	0	1	0	""	"優しい肌ざわりのミトンです。暖かく、お子様の手を寒さから守ります。手首に落下予防のループつき。"	""	0	0	""	"200"	""	0	""	""	""	""	""	""	""	0	0	1403318665268	1	volfo	1	248	244			1	2	日本	2		0.04	0		""				"ポーラーミトン Kid's ( 品番 #1108513 )"
"キッズ ウインターセット ( 品番 #1108514 )"	0	""	1	"日本"	"日本"	1	300.0	""	1	0	0	3.45301e-37	9.87215e-24	7.97105e+18	0	0	1	0	""	"冬の必需品、マフラーとミトンタイプの手袋をセットしたフリースアイテム。手袋は落下防止のループつき、マフラーのポケットに収納可。"	""	0	0	""	"200"	""	0	""	""	""	""	""	""	""	0	0	1403318665268	1	volfo	1	248	244			1	2	日本	2		0.1	0		""				"キッズ ウインターセット ( 品番 #1108514 )"
