﻿﻿version 1.00
title	cid	seller_cids	stuff_status	location_state	location_city	item_type	price	auction_increment	num	valid_thru	freight_payer	post_fee	ems_fee	express_fee	has_invoice	has_warranty	approve_status	has_showcase	list_time	description	cateProps	postage_id	has_discount	modified	upload_fail_msg	picture_status	auction_point	picture	video	skuProps	inputPids	inputValues	outer_id	propAlias	auto_fill	num_id	local_cid	navigation_type	user_name	syncStatus	is_lighting_consigment	is_xinpin	foodparame	features	buyareatype	global_stock_type	global_stock_country	sub_stock_type	item_size	item_weight	sell_promise	custom_design_flag	wireless_desc	barcode	sku_barcode	newprepay	subtitle
ｱｦｱｴﾃ﨤ﾆ	ｱｦｱｴﾀ狷ｿ	ｵﾌﾀ狷ｿ	ﾐﾂｾﾉｳﾌｶﾈ	ﾊ｡	ｳﾇﾊﾐ	ｳﾛｷｽﾊｽ	ｱｦｱｴｼﾛｸ	ｼﾓｼﾛｷﾈ	ｱｦｱｴﾊﾁｿ	ﾓﾐﾐｧﾆﾚ	ﾔﾋｷﾑｳﾐｵ｣	ﾆｽﾓﾊ	EMS	ｿﾝ	ｷ｢ﾆｱ	ｱ｣ﾐﾞ	ｷﾅﾈﾖｿ	ｳｰﾍﾆｼ	ｿｪﾊｼﾊｱｼ	ｱｦｱｴﾃ靆	ｱｦｱｴﾊﾔ	ﾓﾊｷﾑﾄ｣ｰ覈D	ｻ瞞ｱｴﾛ	ﾐﾞｸﾄﾊｱｼ	ﾉﾏｴｫﾗｴﾌｬ	ﾍｼﾆｬﾗｴﾌｬ	ｷｵｵ羈ﾈﾀ	ﾐﾂﾍｼﾆｬ	ﾊﾓﾆｵ	ﾏ摠ﾛﾊﾔﾗ鮗ﾏ	ﾓﾃｻｧﾊ菠Dｴｮ	ﾓﾃｻｧﾊ菠ﾖｵｶﾔ	ﾉﾌｼﾒｱ狡	ﾏ摠ﾛﾊﾔｱ	ｴ嵭菎獎ﾍ	ﾊﾗﾖID	ｱｾｵﾘID	ｱｦｱｴｷﾖﾀ	ﾓﾃｻｧﾃ﨤ﾆ	ｱｦｱｴﾗｴﾌｬ	ﾉﾁｵ邱｢ｻ	ﾐﾂﾆｷ	ﾊｳﾆｷﾗｨﾏ	ｳﾟﾂ	ｲﾉｹｺｵﾘ	ｿ箒貘獎ﾍ	ｹ恝ﾒｵﾘﾇ	ｿ箒貍ﾆﾊ	ﾎ蟒	ﾎﾘﾁｿ	ﾍﾋｻｻｻﾐﾅｵ	ｶｨﾖﾆｹ､ｾﾟ	ﾎﾞﾏﾟﾏ	ﾉﾌﾆｷﾌﾎﾂ	sku ﾌﾎﾂ	7ﾌﾋｻ	ｱｦｱｴﾂ
"手ぬぐいヘッドバンドストライプギア ( 品番 #2108155 )"	0	""	1	"日本"	"日本"	1	126.0	""	1	0	0	3.45301e-37	9.87215e-24	7.97105e+18	0	0	1	0	""	"洗うほどに柔らかな風合いが増す「日本てぬぐい」の生地を用いて作られたヘッドバンドです。広げてかぶればビーニーにもなる2WAY仕様。"	""	0	0	""	"200"	""	0	""	""	""	""	""	""	""	0	0	1403318665268	1	volfo	1	248	244			1	2	日本	2		0.0	0		""				"手ぬぐいヘッドバンドストライプギア ( 品番 #2108155 )"
"手ぬぐいヘッドバンド カヤック ( 品番 #2108156 )"	0	""	1	"日本"	"日本"	1	126.0	""	1	0	0	3.45301e-37	9.87215e-24	7.97105e+18	0	0	1	0	""	"洗うほどに柔らかな風合いが増す「日本てぬぐい」の生地を用いて作られたヘッドバンドです。広げてかぶればビーニーにもなる2WAY仕様。"	""	0	0	""	"200"	""	0	""	""	""	""	""	""	""	0	0	1403318665268	1	volfo	1	248	244			1	2	日本	2		0.0	0		""				"手ぬぐいヘッドバンド カヤック ( 品番 #2108156 )"
"クリマプラス300 ヘッドバンド ( 品番 #1108238 )"	0	""	1	"日本"	"日本"	1	120.0	""	1	0	0	3.45301e-37	9.87215e-24	7.97105e+18	0	0	1	0	""	"厚手のヘッドバンドです。トリムに柔らかいエラスティックテープを用い、耳を圧迫しないようふくらみを持たせています。"	""	0	0	""	"200"	""	0	""	""	""	""	""	""	""	0	0	1403318665268	1	volfo	1	248	244			1	2	日本	2		0.0	0		""				"クリマプラス300 ヘッドバンド ( 品番 #1108238 )"
"WIC.ヘッドバンド ( 品番 #1108398 )"	0	""	1	"日本"	"日本"	1	78.0	""	1	0	0	3.45301e-37	9.87215e-24	7.97105e+18	0	0	1	0	""	"汗を素早く吸収し、通気性と速乾性にも優れるヘッドバンドです。ヘッドバンドとしてだけでなく、マフラーとしても活用できます。"	""	0	0	""	"200"	""	0	""	""	""	""	""	""	""	0	0	1403318665268	1	volfo	1	248	244			1	2	日本	2		0.0	0		""				"WIC.ヘッドバンド ( 品番 #1108398 )"
"シャミース ヘッドバンド ( 品番 #1108409 )"	0	""	1	"日本"	"日本"	1	108.0	""	1	0	0	3.45301e-37	9.87215e-24	7.97105e+18	0	0	1	0	""	"薄く、軽量コンパクトで、ポケットに入れてもかさばりません。"	""	0	0	""	"200"	""	0	""	""	""	""	""	""	""	0	0	1403318665268	1	volfo	1	248	244			1	2	日本	2		0.0	0		""				"シャミース ヘッドバンド ( 品番 #1108409 )"
"WIC.クール パイレーツヘッドバンド ( 品番 #1108798 )"	0	""	1	"日本"	"日本"	1	137.0	""	1	0	0	3.45301e-37	9.87215e-24	7.97105e+18	0	0	1	0	""	"通気性と吸水速乾性に優れ、消臭機能も備えた清涼素材を採用したヘッドバンドです。優れたクールダウン効果で、真夏でも快適に着用していただけます。"	""	0	0	""	"200"	""	0	""	""	""	""	""	""	""	0	0	1403318665268	1	volfo	1	248	244			1	2	日本	2		0.0	0		""				"WIC.クール パイレーツヘッドバンド ( 品番 #1108798 )"
"WIC.クール ヘッドバンド ( 品番 #1108799 )"	0	""	1	"日本"	"日本"	1	129.0	""	1	0	0	3.45301e-37	9.87215e-24	7.97105e+18	0	0	1	0	""	"通気性と吸水速乾性に優れ、消臭機能も備えた清涼素材を採用したヘッドバンドです。広げてかぶればビーニーにもなる2WAY仕様です。"	""	0	0	""	"200"	""	0	""	""	""	""	""	""	""	0	0	1403318665268	1	volfo	1	248	244			1	2	日本	2		0.0	0		""				"WIC.クール ヘッドバンド ( 品番 #1108799 )"
"グアテマラ パイレーツ ヘッドバンド ( 品番 #2108146 )"	0	""	1	"日本"	"日本"	1	154.0	""	1	0	0	3.45301e-37	9.87215e-24	7.97105e+18	0	0	1	0	""	"グアテマラの職人により、一枚一枚手織りされたコットン生地を使用したヘッドバンドです。海賊をイメージしたユニークなデザインで、後ろのひもを結ぶだけで簡単にかぶれます。※色柄・織り方はアソート設定ですので、通信販売の際の色柄の指定はお受け致しかねます。"	""	0	0	""	"200"	""	0	""	""	""	""	""	""	""	0	0	1403318665268	1	volfo	1	248	244			1	2	日本	2		0.0	0		""				"グアテマラ パイレーツ ヘッドバンド ( 品番 #2108146 )"
"グアテマラヘッドバンド ( 品番 #1108422 )"	0	""	1	"日本"	"日本"	1	137.0	""	1	0	0	3.45301e-37	9.87215e-24	7.97105e+18	0	0	1	0	""	"バンダナのような被り方も楽しめるヘッドバンドです。グアテマラ産のコットンを使用し、手織で仕上げています。"	""	0	0	""	"200"	""	0	""	""	""	""	""	""	""	0	0	1403318665268	1	volfo	1	248	244			1	2	日本	2		0.0	0		""				"グアテマラヘッドバンド ( 品番 #1108422 )"
"シャミース ヘッドバンド Jr. ( 品番 #1108481 )"	0	""	1	"日本"	"日本"	1	95.0	""	1	0	0	3.45301e-37	9.87215e-24	7.97105e+18	0	0	1	0	""	"柔らかで肌ざわりがよく、薄手で小さくまとまるので、ポケットに入れてもかさばらずに収納できます。"	""	0	0	""	"200"	""	0	""	""	""	""	""	""	""	0	0	1403318665268	1	volfo	1	248	244			1	2	日本	2		0.0	0		""				"シャミース ヘッドバンド Jr. ( 品番 #1108481 )"
