﻿﻿version 1.00
title	cid	seller_cids	stuff_status	location_state	location_city	item_type	price	auction_increment	num	valid_thru	freight_payer	post_fee	ems_fee	express_fee	has_invoice	has_warranty	approve_status	has_showcase	list_time	description	cateProps	postage_id	has_discount	modified	upload_fail_msg	picture_status	auction_point	picture	video	skuProps	inputPids	inputValues	outer_id	propAlias	auto_fill	num_id	local_cid	navigation_type	user_name	syncStatus	is_lighting_consigment	is_xinpin	foodparame	features	buyareatype	global_stock_type	global_stock_country	sub_stock_type	item_size	item_weight	sell_promise	custom_design_flag	wireless_desc	barcode	sku_barcode	newprepay	subtitle
ｱｦｱｴﾃ﨤ﾆ	ｱｦｱｴﾀ狷ｿ	ｵﾌﾀ狷ｿ	ﾐﾂｾﾉｳﾌｶﾈ	ﾊ｡	ｳﾇﾊﾐ	ｳﾛｷｽﾊｽ	ｱｦｱｴｼﾛｸ	ｼﾓｼﾛｷﾈ	ｱｦｱｴﾊﾁｿ	ﾓﾐﾐｧﾆﾚ	ﾔﾋｷﾑｳﾐｵ｣	ﾆｽﾓﾊ	EMS	ｿﾝ	ｷ｢ﾆｱ	ｱ｣ﾐﾞ	ｷﾅﾈﾖｿ	ｳｰﾍﾆｼ	ｿｪﾊｼﾊｱｼ	ｱｦｱｴﾃ靆	ｱｦｱｴﾊﾔ	ﾓﾊｷﾑﾄ｣ｰ覈D	ｻ瞞ｱｴﾛ	ﾐﾞｸﾄﾊｱｼ	ﾉﾏｴｫﾗｴﾌｬ	ﾍｼﾆｬﾗｴﾌｬ	ｷｵｵ羈ﾈﾀ	ﾐﾂﾍｼﾆｬ	ﾊﾓﾆｵ	ﾏ摠ﾛﾊﾔﾗ鮗ﾏ	ﾓﾃｻｧﾊ菠Dｴｮ	ﾓﾃｻｧﾊ菠ﾖｵｶﾔ	ﾉﾌｼﾒｱ狡	ﾏ摠ﾛﾊﾔｱ	ｴ嵭菎獎ﾍ	ﾊﾗﾖID	ｱｾｵﾘID	ｱｦｱｴｷﾖﾀ	ﾓﾃｻｧﾃ﨤ﾆ	ｱｦｱｴﾗｴﾌｬ	ﾉﾁｵ邱｢ｻ	ﾐﾂﾆｷ	ﾊｳﾆｷﾗｨﾏ	ｳﾟﾂ	ｲﾉｹｺｵﾘ	ｿ箒貘獎ﾍ	ｹ恝ﾒｵﾘﾇ	ｿ箒貍ﾆﾊ	ﾎ蟒	ﾎﾘﾁｿ	ﾍﾋｻｻｻﾐﾅｵ	ｶｨﾖﾆｹ､ｾﾟ	ﾎﾞﾏﾟﾏ	ﾉﾌﾆｷﾌﾎﾂ	sku ﾌﾎﾂ	7ﾌﾋｻ	ｱｦｱｴﾂ
"サンダーパス グローブ Men's ( 品番 #1108912 )"	0	""	1	"日本"	"日本"	1	306.0	""	1	0	0	3.45301e-37	9.87215e-24	7.97105e+18	0	0	1	0	""	"しなやかな装着感で優れた防風性と透湿性を実現した防滴仕様のグローブです。トレッキング時の手の保温や保護としてはもちろん、薄手のグローブと組み合わせればオーバーグローブとしても使用でき、一年を通して活躍します。 ※縫い目には防水処理を施していません。"	""	0	0	""	"200"	""	0	""	""	""	""	""	""	""	0	0	1403318665268	1	volfo	1	248	244			1	2	日本	2		0.033	0		""				"サンダーパス グローブ Men's ( 品番 #1108912 )"
"サンダーパス グローブ Women's ( 品番 #1108913 )"	0	""	1	"日本"	"日本"	1	288.0	""	1	0	0	3.45301e-37	9.87215e-24	7.97105e+18	0	0	1	0	""	"しなやかな装着感で優れた防風性と透湿性を実現した防滴仕様のグローブです。トレッキング時の手の保温や保護としてはもちろん、薄手のグローブと組み合わせればオーバーグローブとしても使用でき、一年を通して活躍します。 ※縫い目には防水処理を施していません。"	""	0	0	""	"200"	""	0	""	""	""	""	""	""	""	0	0	1403318665268	1	volfo	1	248	244			1	2	日本	2		0.025	0		""				"サンダーパス グローブ Women's ( 品番 #1108913 )"
"サンダーパス グローブ Kid's ( 品番 #1108926 )"	0	""	1	"日本"	"日本"	1	225.0	""	1	0	0	3.45301e-37	9.87215e-24	7.97105e+18	0	0	1	0	""	"柔らかな着け心地で蒸れにくく、冷たい風からしっかりと手を守る防滴仕様のグローブです。手のひら部分の縫い目を全て平らにし、グリップ力に優れる合成皮革を配置するなど、違和感のない自然な手のひら感覚に仕上げています。 ※縫い目には防水処理を施していません。"	""	0	0	""	"200"	""	0	""	""	""	""	""	""	""	0	0	1403318665268	1	volfo	1	248	244			1	2	日本	2		0.021	0		""				"サンダーパス グローブ Kid's ( 品番 #1108926 )"
"パウダーグローブ Men's ( 品番 #1108662 )"	0	""	1	"日本"	"日本"	1	428.0	""	1	0	0	3.45301e-37	9.87215e-24	7.97105e+18	0	0	1	0	""	"高い保温力と透湿性を併せ持ち、ウインタースポーツに最適なグローブです。"	""	0	0	""	"200"	""	0	""	""	""	""	""	""	""	0	0	1403318665268	1	volfo	1	248	244			1	2	日本	2		0.18	0		""				"パウダーグローブ Men's ( 品番 #1108662 )"
"パウダーグローブ Women's ( 品番 #1108663 )"	0	""	1	"日本"	"日本"	1	428.0	""	1	0	0	3.45301e-37	9.87215e-24	7.97105e+18	0	0	1	0	""	"高い保温力と透湿性を併せ持ち、ウインタースポーツに最適なグローブです。"	""	0	0	""	"200"	""	0	""	""	""	""	""	""	""	0	0	1403318665268	1	volfo	1	248	244			1	2	日本	2		0.165	0		""				"パウダーグローブ Women's ( 品番 #1108663 )"
"ウインタートレッキンググローブ Men's ( 品番 #1108664 )"	0	""	1	"日本"	"日本"	1	359.0	""	1	0	0	3.45301e-37	9.87215e-24	7.97105e+18	0	0	1	0	""	"適度な保温性を持ちながら操作性に優れ、秋から春先の低山登山から日常使いまで幅広く活躍するグローブです。"	""	0	0	""	"200"	""	0	""	""	""	""	""	""	""	0	0	1403318665268	1	volfo	1	248	244			1	2	日本	2		0.085	0		""				"ウインタートレッキンググローブ Men's ( 品番 #1108664 )"
"ウインタートレッキンググローブ Women's ( 品番 #1108665 )"	0	""	1	"日本"	"日本"	1	359.0	""	1	0	0	3.45301e-37	9.87215e-24	7.97105e+18	0	0	1	0	""	"適度な保温性を持ちながら操作性に優れ、秋から春先の低山登山から日常使いまで幅広く活躍するグローブです。"	""	0	0	""	"200"	""	0	""	""	""	""	""	""	""	0	0	1403318665268	1	volfo	1	248	244			1	2	日本	2		0.075	0		""				"ウインタートレッキンググローブ Women's ( 品番 #1108665 )"
"オーバーグローブ ( 品番 #1108666 )"	0	""	1	"日本"	"日本"	1	334.0	""	1	0	0	3.45301e-37	9.87215e-24	7.97105e+18	0	0	1	0	""	"汎用性の高いレギュラー丈のオーバーグローブです。フリース素材のインナーグローブなどのアウターに最適です。"	""	0	0	""	"200"	""	0	""	""	""	""	""	""	""	0	0	1403318665268	1	volfo	1	248	244			1	2	日本	2		0.09	0		""				"オーバーグローブ ( 品番 #1108666 )"
"オーバーミトン ( 品番 #1108667 )"	0	""	1	"日本"	"日本"	1	325.0	""	1	0	0	3.45301e-37	9.87215e-24	7.97105e+18	0	0	1	0	""	"ミトンタイプのオーバーグローブです。レギュラー丈と深雪での使用に適したロング丈をラインアップしています。"	""	0	0	""	"200"	""	0	""	""	""	""	""	""	""	0	0	1403318665268	1	volfo	1	248	244			1	2	日本	2		0.085	0		""				"オーバーミトン ( 品番 #1108667 )"
"オーバーミトン ロング ( 品番 #1108668 )"	0	""	1	"日本"	"日本"	1	342.0	""	1	0	0	3.45301e-37	9.87215e-24	7.97105e+18	0	0	1	0	""	"ミトンタイプのオーバーグローブです。レギュラー丈と深雪での使用に適したロング丈をラインアップしています。"	""	0	0	""	"200"	""	0	""	""	""	""	""	""	""	0	0	1403318665268	1	volfo	1	248	244			1	2	日本	2		0.085	0		""				"オーバーミトン ロング ( 品番 #1108668 )"
"オーバー トリガーフィンガーミトン ( 品番 #1108669 )"	0	""	1	"日本"	"日本"	1	334.0	""	1	0	0	3.45301e-37	9.87215e-24	7.97105e+18	0	0	1	0	""	"暖かさと操作性を兼ね備えた三つ又形状のミトンです。装着したままでもジッパーの開閉などの操作がしやすく、たいへん便利です"	""	0	0	""	"200"	""	0	""	""	""	""	""	""	""	0	0	1403318665268	1	volfo	1	248	244			1	2	日本	2		0.09	0		""				"オーバー トリガーフィンガーミトン ( 品番 #1108669 )"
"パウダーミトン Men's ( 品番 #1108760 )"	0	""	1	"日本"	"日本"	1	402.0	""	1	0	0	3.45301e-37	9.87215e-24	7.97105e+18	0	0	1	0	""	"濡れや湿気に強いポリエステル綿を封入し、裏地を起毛させることで抜群の暖かさを備えたパウダーシリーズの中で、最も保温性に優れるミトンタイプのモデルです。"	""	0	0	""	"200"	""	0	""	""	""	""	""	""	""	0	0	1403318665268	1	volfo	1	248	244			1	2	日本	2		0.147	0		""				"パウダーミトン Men's ( 品番 #1108760 )"
"パウダーミトン Women's ( 品番 #1108761 )"	0	""	1	"日本"	"日本"	1	402.0	""	1	0	0	3.45301e-37	9.87215e-24	7.97105e+18	0	0	1	0	""	"濡れや湿気に強いポリエステル綿を封入し、裏地を起毛させることで抜群の暖かさを備えたパウダーシリーズの中で、最も保温性に優れるミトンタイプのモデルです。"	""	0	0	""	"200"	""	0	""	""	""	""	""	""	""	0	0	1403318665268	1	volfo	1	248	244			1	2	日本	2		0.139	0		""				"パウダーミトン Women's ( 品番 #1108761 )"
"パウダートリガーフィンガーミトン ( 品番 #1108762 )"	0	""	1	"日本"	"日本"	1	411.0	""	1	0	0	3.45301e-37	9.87215e-24	7.97105e+18	0	0	1	0	""	"中指・薬指・小指を1本にまとめることで優れた保温性を実現した三つ又形状のミトンです。操作性に優れ、スキーやスノーシューでも軽快なストックワークを発揮します。"	""	0	0	""	"200"	""	0	""	""	""	""	""	""	""	0	0	1403318665268	1	volfo	1	248	244			1	2	日本	2		0.159	0		""				"パウダートリガーフィンガーミトン ( 品番 #1108762 )"
