﻿﻿version 1.00
title	cid	seller_cids	stuff_status	location_state	location_city	item_type	price	auction_increment	num	valid_thru	freight_payer	post_fee	ems_fee	express_fee	has_invoice	has_warranty	approve_status	has_showcase	list_time	description	cateProps	postage_id	has_discount	modified	upload_fail_msg	picture_status	auction_point	picture	video	skuProps	inputPids	inputValues	outer_id	propAlias	auto_fill	num_id	local_cid	navigation_type	user_name	syncStatus	is_lighting_consigment	is_xinpin	foodparame	features	buyareatype	global_stock_type	global_stock_country	sub_stock_type	item_size	item_weight	sell_promise	custom_design_flag	wireless_desc	barcode	sku_barcode	newprepay	subtitle
ｱｦｱｴﾃ﨤ﾆ	ｱｦｱｴﾀ狷ｿ	ｵﾌﾀ狷ｿ	ﾐﾂｾﾉｳﾌｶﾈ	ﾊ｡	ｳﾇﾊﾐ	ｳﾛｷｽﾊｽ	ｱｦｱｴｼﾛｸ	ｼﾓｼﾛｷﾈ	ｱｦｱｴﾊﾁｿ	ﾓﾐﾐｧﾆﾚ	ﾔﾋｷﾑｳﾐｵ｣	ﾆｽﾓﾊ	EMS	ｿﾝ	ｷ｢ﾆｱ	ｱ｣ﾐﾞ	ｷﾅﾈﾖｿ	ｳｰﾍﾆｼ	ｿｪﾊｼﾊｱｼ	ｱｦｱｴﾃ靆	ｱｦｱｴﾊﾔ	ﾓﾊｷﾑﾄ｣ｰ覈D	ｻ瞞ｱｴﾛ	ﾐﾞｸﾄﾊｱｼ	ﾉﾏｴｫﾗｴﾌｬ	ﾍｼﾆｬﾗｴﾌｬ	ｷｵｵ羈ﾈﾀ	ﾐﾂﾍｼﾆｬ	ﾊﾓﾆｵ	ﾏ摠ﾛﾊﾔﾗ鮗ﾏ	ﾓﾃｻｧﾊ菠Dｴｮ	ﾓﾃｻｧﾊ菠ﾖｵｶﾔ	ﾉﾌｼﾒｱ狡	ﾏ摠ﾛﾊﾔｱ	ｴ嵭菎獎ﾍ	ﾊﾗﾖID	ｱｾｵﾘID	ｱｦｱｴｷﾖﾀ	ﾓﾃｻｧﾃ﨤ﾆ	ｱｦｱｴﾗｴﾌｬ	ﾉﾁｵ邱｢ｻ	ﾐﾂﾆｷ	ﾊｳﾆｷﾗｨﾏ	ｳﾟﾂ	ｲﾉｹｺｵﾘ	ｿ箒貘獎ﾍ	ｹ恝ﾒｵﾘﾇ	ｿ箒貍ﾆﾊ	ﾎ蟒	ﾎﾘﾁｿ	ﾍﾋｻｻｻﾐﾅｵ	ｶｨﾖﾆｹ､ｾﾟ	ﾎﾞﾏﾟﾏ	ﾉﾌﾆｷﾌﾎﾂ	sku ﾌﾎﾂ	7ﾌﾋｻ	ｱｦｱｴﾂ
"ライトネオプレン ジップアップ ( 品番 #1127288 )"	0	""	1	"日本"	"日本"	1	812.0	""	1	0	0	3.45301e-37	9.87215e-24	7.97105e+18	0	0	1	0	""	"抜群のストレッチ性を持った0.5mm厚の極薄ネオプレンを使用し、快適性と保温性を実現したシリーズです。カヌーや沢登りなど暑い時期に単体で使用することはもちろん、寒い季節にはインナーとして使用することもでき、季節やアクティビティに幅広く対応します。"	""	0	0	""	"200"	""	0	""	""	""	""	""	""	""	0	0	1403318665268	1	volfo	1	248	244			1	2	日本	2		0.41	0		""				"ライトネオプレン ジップアップ ( 品番 #1127288 )"
"ライトネオプレン タンクトップ ( 品番 #1127289 )"	0	""	1	"日本"	"日本"	1	445.0	""	1	0	0	3.45301e-37	9.87215e-24	7.97105e+18	0	0	1	0	""	"抜群のストレッチ性を持った0.5mm厚の極薄ネオプレンを使用し、快適性と保温性を実現したシリーズです。カヌーや沢登りなど暑い時期に単体で使用することはもちろん、寒い季節にはインナーとして使用することもでき、季節やアクティビティに幅広く対応します。"	""	0	0	""	"200"	""	0	""	""	""	""	""	""	""	0	0	1403318665268	1	volfo	1	248	244			1	2	日本	2		0.19	0		""				"ライトネオプレン タンクトップ ( 品番 #1127289 )"
"ライトネオプレン ハーフスリーブ ( 品番 #1127290 )"	0	""	1	"日本"	"日本"	1	599.0	""	1	0	0	3.45301e-37	9.87215e-24	7.97105e+18	0	0	1	0	""	"抜群のストレッチ性を持った0.5mm厚の極薄ネオプレンを使用し、快適性と保温性を実現したシリーズです。カヌーや沢登りなど暑い時期に単体で使用することはもちろん、寒い季節にはインナーとして使用することもでき、季節やアクティビティに幅広く対応します。"	""	0	0	""	"200"	""	0	""	""	""	""	""	""	""	0	0	1403318665268	1	volfo	1	248	244			1	2	日本	2		0.29	0		""				"ライトネオプレン ハーフスリーブ ( 品番 #1127290 )"
"ステンレスメッシュオーシャンプルオーバー ( 品番 #1127193 )"	0	""	1	"日本"	"日本"	1	923.0	""	1	0	0	3.45301e-37	9.87215e-24	7.97105e+18	0	0	1	0	""	"遮熱性の高いステンレスを特殊な加工法でメッシュ地に被膜させ、真夏のシーカヤッキング時の陽射しを強力に遮る耐久性・耐候性の高いアウターシェルです。"	""	0	0	""	"200"	""	0	""	""	""	""	""	""	""	0	0	1403318665268	1	volfo	1	248	244			1	2	日本	2		0.21	0		""				"ステンレスメッシュオーシャンプルオーバー ( 品番 #1127193 )"
"アリュートオーシャンアノラック ( 品番 #1127263 )"	0	""	1	"日本"	"日本"	1	1436.0	""	1	0	0	3.45301e-37	9.87215e-24	7.97105e+18	0	0	1	0	""	"防水透湿性や通気性、撥水性にも優れたカヤックツーリング用アウターシェルです。日帰りから長期ツーリングまで、オールシーズン幅広く対応します。"	""	0	0	""	"200"	""	0	""	""	""	""	""	""	""	0	0	1403318665268	1	volfo	1	248	244			1	2	日本	2		0.6	0		""				"アリュートオーシャンアノラック ( 品番 #1127263 )"
"U.L.クリルオーシャンアノラック ( 品番 #1127326 )"	0	""	1	"日本"	"日本"	1	940.0	""	1	0	0	3.45301e-37	9.87215e-24	7.97105e+18	0	0	1	0	""	"ツーリングなどで風の強い時にサッと羽織れる超軽量アウターシェルです。高い撥水性と強度を備えた超極薄素材を用い、非常に小さく収納できるため携行に便利です。"	""	0	0	""	"200"	""	0	""	""	""	""	""	""	""	0	0	1403318665268	1	volfo	1	248	244			1	2	日本	2		0.17	0		""				"U.L.クリルオーシャンアノラック ( 品番 #1127326 )"
"アクアボディ ハーフスリーブシャツ Men's ( 品番 #1127340 )"	0	""	1	"日本"	"日本"	1	411.0	""	1	0	0	3.45301e-37	9.87215e-24	7.97105e+18	0	0	1	0	""	"擦り傷などのけがや日焼けからの肌の保護に大変有効で、世界最高レベルの撥水性により、体の冷えを防ぐシリーズです。"	""	0	0	""	"200"	""	0	""	""	""	""	""	""	""	0	0	1403318665268	1	volfo	1	248	244			1	2	日本	2		0.18	0		""				"アクアボディ ハーフスリーブシャツ Men's ( 品番 #1127340 )"
"アクアボディ ロングスリーブシャツ Men's ( 品番 #1127341 )"	0	""	1	"日本"	"日本"	1	462.0	""	1	0	0	3.45301e-37	9.87215e-24	7.97105e+18	0	0	1	0	""	"「アクアボディ ハーフスリーブシャツ」の長袖モデルです。"	""	0	0	""	"200"	""	0	""	""	""	""	""	""	""	0	0	1403318665268	1	volfo	1	248	244			1	2	日本	2		0.215	0		""				"アクアボディ ロングスリーブシャツ Men's ( 品番 #1127341 )"
"アクアボディ ロングスリーブシャツ Women's ( 品番 #1127342 )"	0	""	1	"日本"	"日本"	1	385.0	""	1	0	0	3.45301e-37	9.87215e-24	7.97105e+18	0	0	1	0	""	"「アクアボディ ハーフスリーブシャツ」の長袖モデルです。"	""	0	0	""	"200"	""	0	""	""	""	""	""	""	""	0	0	1403318665268	1	volfo	1	248	244			1	2	日本	2		0.185	0		""				"アクアボディ ロングスリーブシャツ Women's ( 品番 #1127342 )"
"アクアボディ ロングスリーブジップシャツ ( 品番 #1127343 )"	0	""	1	"日本"	"日本"	1	522.0	""	1	0	0	3.45301e-37	9.87215e-24	7.97105e+18	0	0	1	0	""	"「アクアボディ ハーフスリーブシャツ」と同素材の長袖・ジップアップモデルです。"	""	0	0	""	"200"	""	0	""	""	""	""	""	""	""	0	0	1403318665268	1	volfo	1	248	244			1	2	日本	2		0.23	0		""				"アクアボディ ロングスリーブジップシャツ ( 品番 #1127343 )"
"ハイドロブリーズ ライトパドリングジャケット ( 品番 #1127352 )"	0	""	1	"日本"	"日本"	1	804.0	""	1	0	0	3.45301e-37	9.87215e-24	7.97105e+18	0	0	1	0	""	"コンペティションやツーリング、ラフティングに最適な軽量でシンプルなセミドライジャケット。しなやかな風合いながら高い引き裂き強度を誇り、その上抜群の運動性を実現しています。"	""	0	0	""	"200"	""	0	""	""	""	""	""	""	""	0	0	1403318665268	1	volfo	1	248	244			1	2	日本	2		0.315	0		""				"ハイドロブリーズ ライトパドリングジャケット ( 品番 #1127352 )"
"ハイドロブリーズ パドリングジャケット ( 品番 #1127353 )"	0	""	1	"日本"	"日本"	1	1094.0	""	1	0	0	3.45301e-37	9.87215e-24	7.97105e+18	0	0	1	0	""	"高い引き裂き強度を誇る3レイヤーの防水透湿生地を採用したジャケットです。水に濡れても生地が肌にまとわり付かないため大変動きやすく、さらに、肘の部分には立体裁断を施しています。"	""	0	0	""	"200"	""	0	""	""	""	""	""	""	""	0	0	1403318665268	1	volfo	1	248	244			1	2	日本	2		0.43	0		""				"ハイドロブリーズ パドリングジャケット ( 品番 #1127353 )"
"ハイドロブリーズ パドリングハーフスリーブジャケット ( 品番 #1127354 )"	0	""	1	"日本"	"日本"	1	1009.0	""	1	0	0	3.45301e-37	9.87215e-24	7.97105e+18	0	0	1	0	""	"高い引き裂き強度を誇る3レイヤーの防水透湿生地を採用したジャケットです。水に濡れても生地が肌にまとわり付かないため大変動きやすく、さらに、肘の部分には立体裁断を施しています。"	""	0	0	""	"200"	""	0	""	""	""	""	""	""	""	0	0	1403318665268	1	volfo	1	248	244			1	2	日本	2		0.41	0		""				"ハイドロブリーズ パドリングハーフスリーブジャケット ( 品番 #1127354 )"
"リバーツーリング ジャケット ( 品番 #1127356 )"	0	""	1	"日本"	"日本"	1	616.0	""	1	0	0	3.45301e-37	9.87215e-24	7.97105e+18	0	0	1	0	""	"世界最高レベルの撥水性能と高い通気性を備え、暑い時期でも蒸れにくい軽やかなツーリング用ジャケットです。ひじ部分にはパドリングの動きを妨げない立体パターンを採用しています。"	""	0	0	""	"200"	""	0	""	""	""	""	""	""	""	0	0	1403318665268	1	volfo	1	248	244			1	2	日本	2		0.23	0		""				"リバーツーリング ジャケット ( 品番 #1127356 )"
"スプラッシュ ジャケット ( 品番 #1127357 )"	0	""	1	"日本"	"日本"	1	582.0	""	1	0	0	3.45301e-37	9.87215e-24	7.97105e+18	0	0	1	0	""	"世界最高レベルの撥水性を誇るポルカテックス加工と高い防風性により、気化熱による体の冷え防ぐ軽量ジャケットです。暑い季節でも優れた通気性により激しいパドリングでも蒸れにくくなっています。"	""	0	0	""	"200"	""	0	""	""	""	""	""	""	""	0	0	1403318665268	1	volfo	1	248	244			1	2	日本	2		0.245	0		""				"スプラッシュ ジャケット ( 品番 #1127357 )"
"スプラッシュ ハーフスリーブジャケット ( 品番 #1127358 )"	0	""	1	"日本"	"日本"	1	530.0	""	1	0	0	3.45301e-37	9.87215e-24	7.97105e+18	0	0	1	0	""	"世界最高レベルの撥水性を誇るポルカテックス加工と高い防風性により、気化熱による体の冷え防ぐ軽量ジャケットです。暑い季節でも優れた通気性により激しいパドリングでも蒸れにくくなっています。"	""	0	0	""	"200"	""	0	""	""	""	""	""	""	""	0	0	1403318665268	1	volfo	1	248	244			1	2	日本	2		0.215	0		""				"スプラッシュ ハーフスリーブジャケット ( 品番 #1127358 )"
"BOMBドライスーツ ( 品番 #1852220 )"	0	""	1	"日本"	"日本"	1	8522.0	""	1	0	0	3.45301e-37	9.87215e-24	7.97105e+18	0	0	1	0	""	"ボンバーギアで最も高い防水性と機能性を持つ、ソックス一体型のフルドライスーツです。"	""	0	0	""	"200"	""	0	""	""	""	""	""	""	""	0	0	1403318665268	1	volfo	1	248	244			1	2	日本	2		0.0	0		""				"BOMBドライスーツ ( 品番 #1852220 )"
"BOMBドライトップ ( 品番 #1852221 )"	0	""	1	"日本"	"日本"	1	3588.0	""	1	0	0	3.45301e-37	9.87215e-24	7.97105e+18	0	0	1	0	""	"ボンバーギアで最高の性能を持つドライトップです。完全防水ではありませんが、ドライパンツとの組み合わせでフルドライスーツに次ぐ高い防水性を持ち、より手軽に着用できます。"	""	0	0	""	"200"	""	0	""	""	""	""	""	""	""	0	0	1403318665268	1	volfo	1	248	244			1	2	日本	2		0.0	0		""				"BOMBドライトップ ( 品番 #1852221 )"
"BOMBドライパンツ ( 品番 #1852222 )"	0	""	1	"日本"	"日本"	1	2422.0	""	1	0	0	3.45301e-37	9.87215e-24	7.97105e+18	0	0	1	0	""	"BOMBドライトップとの組み合わせに最適なドライパンツです。"	""	0	0	""	"200"	""	0	""	""	""	""	""	""	""	0	0	1403318665268	1	volfo	1	248	244			1	2	日本	2		0.0	0		""				"BOMBドライパンツ ( 品番 #1852222 )"
"HYDROBOMBドライスーツ ( 品番 #1852223 )"	0	""	1	"日本"	"日本"	1	5383.0	""	1	0	0	3.45301e-37	9.87215e-24	7.97105e+18	0	0	1	0	""	"BOMBドライスーツに次ぐ性能を持つ、ソックス一体型のフルドライスーツです。"	""	0	0	""	"200"	""	0	""	""	""	""	""	""	""	0	0	1403318665268	1	volfo	1	248	244			1	2	日本	2		0.0	0		""				"HYDROBOMBドライスーツ ( 品番 #1852223 )"
"HYDROBOMBドライトップL/S Men's ( 品番 #1852224 )"	0	""	1	"日本"	"日本"	1	2422.0	""	1	0	0	3.45301e-37	9.87215e-24	7.97105e+18	0	0	1	0	""	"透湿性のあるボムテック2レイヤーをメイン生地に使用したドライトップです。"	""	0	0	""	"200"	""	0	""	""	""	""	""	""	""	0	0	1403318665268	1	volfo	1	248	244			1	2	日本	2		0.0	0		""				"HYDROBOMBドライトップL/S Men's ( 品番 #1852224 )"
"HYDROBOMBドライトップS/S Men's ( 品番 #1852225 )"	0	""	1	"日本"	"日本"	1	2243.0	""	1	0	0	3.45301e-37	9.87215e-24	7.97105e+18	0	0	1	0	""	"透湿性のあるボムテック2レイヤーをメイン生地に使用したドライトップです。"	""	0	0	""	"200"	""	0	""	""	""	""	""	""	""	0	0	1403318665268	1	volfo	1	248	244			1	2	日本	2		0.0	0		""				"HYDROBOMBドライトップS/S Men's ( 品番 #1852225 )"
"HYDROBOMBドライトップL/S Women's ( 品番 #1852226 )"	0	""	1	"日本"	"日本"	1	2422.0	""	1	0	0	3.45301e-37	9.87215e-24	7.97105e+18	0	0	1	0	""	"透湿性のあるボムテック2レイヤーをメイン生地に使用した女性用デザインのドライトップです。"	""	0	0	""	"200"	""	0	""	""	""	""	""	""	""	0	0	1403318665268	1	volfo	1	248	244			1	2	日本	2		0.0	0		""				"HYDROBOMBドライトップL/S Women's ( 品番 #1852226 )"
"HYDROBOMBセミドライトップ ( 品番 #1852227 )"	0	""	1	"日本"	"日本"	1	1705.0	""	1	0	0	3.45301e-37	9.87215e-24	7.97105e+18	0	0	1	0	""	"完全な防水性よりも、首回りの快適性を重視する場合に最適なジャケットです。"	""	0	0	""	"200"	""	0	""	""	""	""	""	""	""	0	0	1403318665268	1	volfo	1	248	244			1	2	日本	2		0.0	0		""				"HYDROBOMBセミドライトップ ( 品番 #1852227 )"
"HYDROBOMBドライパンツ Men's ( 品番 #1852228 )"	0	""	1	"日本"	"日本"	1	1750.0	""	1	0	0	3.45301e-37	9.87215e-24	7.97105e+18	0	0	1	0	""	"高い耐久性を誇るボムテック2レイヤーを用い、シームテープの交差部分への丈夫な補強パッチを施し、デザインは人間工学に基づいたパフォーマンスカットを採用しています。男性用。"	""	0	0	""	"200"	""	0	""	""	""	""	""	""	""	0	0	1403318665268	1	volfo	1	248	244			1	2	日本	2		0.0	0		""				"HYDROBOMBドライパンツ Men's ( 品番 #1852228 )"
"HYDROBOMBドライパンツ Women's ( 品番 #1852229 )"	0	""	1	"日本"	"日本"	1	1750.0	""	1	0	0	3.45301e-37	9.87215e-24	7.97105e+18	0	0	1	0	""	"高い耐久性を誇るボムテック2レイヤーを用い、シームテープの交差部分への丈夫な補強パッチを施し、デザインは人間工学に基づいたパフォーマンスカットを採用しています。女性用。"	""	0	0	""	"200"	""	0	""	""	""	""	""	""	""	0	0	1403318665268	1	volfo	1	248	244			1	2	日本	2		0.0	0		""				"HYDROBOMBドライパンツ Women's ( 品番 #1852229 )"
"BLITZスプラッシュトップL/S Men's ( 品番 #1852230 )"	0	""	1	"日本"	"日本"	1	983.0	""	1	0	0	3.45301e-37	9.87215e-24	7.97105e+18	0	0	1	0	""	"首・袖・ウエストに完全防水性はありませんが、フィット感が高いながら脱ぎ着が容易で、体温調節がしやすいウエアです。"	""	0	0	""	"200"	""	0	""	""	""	""	""	""	""	0	0	1403318665268	1	volfo	1	248	244			1	2	日本	2		0.0	0		""				"BLITZスプラッシュトップL/S Men's ( 品番 #1852230 )"
"BLITZスプラッシュトップS/S Men's ( 品番 #1852231 )"	0	""	1	"日本"	"日本"	1	897.0	""	1	0	0	3.45301e-37	9.87215e-24	7.97105e+18	0	0	1	0	""	"首・袖・ウエストに完全防水性はありませんが、フィット感が高いながら脱ぎ着が容易で、体温調節がしやすいウエアです。"	""	0	0	""	"200"	""	0	""	""	""	""	""	""	""	0	0	1403318665268	1	volfo	1	248	244			1	2	日本	2		0.0	0		""				"BLITZスプラッシュトップS/S Men's ( 品番 #1852231 )"
"BLITZスプラッシュトップL/S Women's ( 品番 #1852232 )"	0	""	1	"日本"	"日本"	1	983.0	""	1	0	0	3.45301e-37	9.87215e-24	7.97105e+18	0	0	1	0	""	"完全な防水性よりも、首回りの快適性を重視する場合に最適なジャケットです。女性専用にデザインされたBLITZスプラッシュトップのロングスリーブです。"	""	0	0	""	"200"	""	0	""	""	""	""	""	""	""	0	0	1403318665268	1	volfo	1	248	244			1	2	日本	2		0.0	0		""				"BLITZスプラッシュトップL/S Women's ( 品番 #1852232 )"
"SOLAR50 L/Sラッシュガード ( 品番 #1852235 )"	0	""	1	"日本"	"日本"	1	404.0	""	1	0	0	3.45301e-37	9.87215e-24	7.97105e+18	0	0	1	0	""	"SPF50の紫外線防止効果があり、太陽光からパドラーを守ります。"	""	0	0	""	"200"	""	0	""	""	""	""	""	""	""	0	0	1403318665268	1	volfo	1	248	244			1	2	日本	2		0.0	0		""				"SOLAR50 L/Sラッシュガード ( 品番 #1852235 )"
"SOLAR50 S/Sラッシュガード ( 品番 #1852236 )"	0	""	1	"日本"	"日本"	1	359.0	""	1	0	0	3.45301e-37	9.87215e-24	7.97105e+18	0	0	1	0	""	"SPF50の紫外線防止効果があり、太陽光からパドラーを守ります。"	""	0	0	""	"200"	""	0	""	""	""	""	""	""	""	0	0	1403318665268	1	volfo	1	248	244			1	2	日本	2		0.0	0		""				"SOLAR50 S/Sラッシュガード ( 品番 #1852236 )"
"SOLAR50 L/Sラッシュガード Women's ( 品番 #1852237 )"	0	""	1	"日本"	"日本"	1	404.0	""	1	0	0	3.45301e-37	9.87215e-24	7.97105e+18	0	0	1	0	""	"SPF50の紫外線防止効果があり、太陽光からパドラーを守ります。"	""	0	0	""	"200"	""	0	""	""	""	""	""	""	""	0	0	1403318665268	1	volfo	1	248	244			1	2	日本	2		0.0	0		""				"SOLAR50 L/Sラッシュガード Women's ( 品番 #1852237 )"
"HAL05.0 L/Sトップ Men's ( 品番 #1852239 )"	0	""	1	"日本"	"日本"	1	889.0	""	1	0	0	3.45301e-37	9.87215e-24	7.97105e+18	0	0	1	0	""	"単体で着用しても、インナーウェアとして着用しても、身体を暖かく快適に保つフリースウェアです。"	""	0	0	""	"200"	""	0	""	""	""	""	""	""	""	0	0	1403318665268	1	volfo	1	248	244			1	2	日本	2		0.0	0		""				"HAL05.0 L/Sトップ Men's ( 品番 #1852239 )"
"HAL05.0 S/Sトップ Men's ( 品番 #1852240 )"	0	""	1	"日本"	"日本"	1	808.0	""	1	0	0	3.45301e-37	9.87215e-24	7.97105e+18	0	0	1	0	""	"単体で着用しても、インナーウェアとして着用しても、身体を暖かく快適に保つフリースウェアです。"	""	0	0	""	"200"	""	0	""	""	""	""	""	""	""	0	0	1403318665268	1	volfo	1	248	244			1	2	日本	2		0.0	0		""				"HAL05.0 S/Sトップ Men's ( 品番 #1852240 )"
"HAL05.0 L/Sトップ Women's ( 品番 #1852241 )"	0	""	1	"日本"	"日本"	1	889.0	""	1	0	0	3.45301e-37	9.87215e-24	7.97105e+18	0	0	1	0	""	"単体で着用しても、インナーウェアとして着用しても、身体を暖かく快適に保つフリースウェアです。"	""	0	0	""	"200"	""	0	""	""	""	""	""	""	""	0	0	1403318665268	1	volfo	1	248	244			1	2	日本	2		0.0	0		""				"HAL05.0 L/Sトップ Women's ( 品番 #1852241 )"
"HAL05.0 パンツ Men's ( 品番 #1852243 )"	0	""	1	"日本"	"日本"	1	763.0	""	1	0	0	3.45301e-37	9.87215e-24	7.97105e+18	0	0	1	0	""	"単体で着用しても、インナーウェアとして着用しても、身体を暖かく快適に保つフリースパンツです。"	""	0	0	""	"200"	""	0	""	""	""	""	""	""	""	0	0	1403318665268	1	volfo	1	248	244			1	2	日本	2		0.0	0		""				"HAL05.0 パンツ Men's ( 品番 #1852243 )"
"HAL05.0 パンツ Women's ( 品番 #1852244 )"	0	""	1	"日本"	"日本"	1	763.0	""	1	0	0	3.45301e-37	9.87215e-24	7.97105e+18	0	0	1	0	""	"単体で着用しても、インナーウェアとして着用しても、身体を暖かく快適に保つフリースパンツです。"	""	0	0	""	"200"	""	0	""	""	""	""	""	""	""	0	0	1403318665268	1	volfo	1	248	244			1	2	日本	2		0.0	0		""				"HAL05.0 パンツ Women's ( 品番 #1852244 )"
"HYDROGEN NPトップL/S Men's ( 品番 #1852245 )"	0	""	1	"日本"	"日本"	1	889.0	""	1	0	0	3.45301e-37	9.87215e-24	7.97105e+18	0	0	1	0	""	"寒い日にはインナーとして、また、ドライウェアを必要としない暖かい日には単体でも使用できます。"	""	0	0	""	"200"	""	0	""	""	""	""	""	""	""	0	0	1403318665268	1	volfo	1	248	244			1	2	日本	2		0.0	0		""				"HYDROGEN NPトップL/S Men's ( 品番 #1852245 )"
"HYDROGEN NPトップS/S Men's ( 品番 #1852246 )"	0	""	1	"日本"	"日本"	1	763.0	""	1	0	0	3.45301e-37	9.87215e-24	7.97105e+18	0	0	1	0	""	"寒い日にはインナーとして、また、ドライウェアを必要としない暖かい日には単体でも使用できます。"	""	0	0	""	"200"	""	0	""	""	""	""	""	""	""	0	0	1403318665268	1	volfo	1	248	244			1	2	日本	2		0.0	0		""				"HYDROGEN NPトップS/S Men's ( 品番 #1852246 )"
"HYDROGEN NPトップL/S Women's ( 品番 #1852247 )"	0	""	1	"日本"	"日本"	1	889.0	""	1	0	0	3.45301e-37	9.87215e-24	7.97105e+18	0	0	1	0	""	"単体で着用しても、インナーウェアとして着用しても、身体を暖かく快適に保つフリースウェアです。"	""	0	0	""	"200"	""	0	""	""	""	""	""	""	""	0	0	1403318665268	1	volfo	1	248	244			1	2	日本	2		0.0	0		""				"HYDROGEN NPトップL/S Women's ( 品番 #1852247 )"
"ネオプレン パドリングジョン Men's ( 品番 #1127240 )"	0	""	1	"日本"	"日本"	1	1538.0	""	1	0	0	3.45301e-37	9.87215e-24	7.97105e+18	0	0	1	0	""	"保温性が高く、水温の低い場所に最適です。動きやすく、水中でのプロテクション効果もあり、ラフティングなどにもおすすめです。"	""	0	0	""	"200"	""	0	""	""	""	""	""	""	""	0	0	1403318665268	1	volfo	1	248	244			1	2	日本	2		1.1	0		""				"ネオプレン パドリングジョン Men's ( 品番 #1127240 )"
"ネオプレン パドリングジョン Women's ( 品番 #1127304 )"	0	""	1	"日本"	"日本"	1	1538.0	""	1	0	0	3.45301e-37	9.87215e-24	7.97105e+18	0	0	1	0	""	"保温性が高く、水温の低い場所に最適です。動きやすく、水中でのプロテクション効果もあり、ラフティングなどにもおすすめです。"	""	0	0	""	"200"	""	0	""	""	""	""	""	""	""	0	0	1403318665268	1	volfo	1	248	244			1	2	日本	2		1.04	0		""				"ネオプレン パドリングジョン Women's ( 品番 #1127304 )"
"ライトネオプレン ロングスリーブ ( 品番 #1127287 )"	0	""	1	"日本"	"日本"	1	761.0	""	1	0	0	3.45301e-37	9.87215e-24	7.97105e+18	0	0	1	0	""	"抜群のストレッチ性を持った0.5mm厚の極薄ネオプレンを使用し、快適性と保温性を実現したシリーズです。カヌーや沢登りなど暑い時期に単体で使用することはもちろん、寒い季節にはインナーとして使用することもでき、季節やアクティビティに幅広く対応します。"	""	0	0	""	"200"	""	0	""	""	""	""	""	""	""	0	0	1403318665268	1	volfo	1	248	244			1	2	日本	2		0.36	0		""				"ライトネオプレン ロングスリーブ ( 品番 #1127287 )"
